{"type": "FeatureCollection", "features": [{"type": "Feature", "properties": {}, "geometry": {"type": "Point", "coordinates": [103.199099, 13.1020155]}}, {"type": "Feature", "properties": {}, "geometry": {"type": "Point", "coordinates": [103.1986155, 13.0900679]}}, {"type": "Feature", "properties": {}, "geometry": {"type": "Point", "coordinates": [103.1996846, 13.0850921]}}, {"type": "Feature", "properties": {}, "geometry": {"type": "Point", "coordinates": [103.1982634, 13.1005269]}}, {"type": "Feature", "properties": {}, "geometry": {"type": "Point", "coordinates": [103.1958323, 13.0917111]}}, {"type": "Feature", "properties": {}, "geometry": {"type": "Point", "coordinates": [103.2011994, 13.0811959]}}, {"type": "Feature", "properties": {}, "geometry": {"type": "Point", "coordinates": [103.2009657, 13.0793931]}}, {"type": "Feature", "properties": {}, "geometry": {"type": "Point", "coordinates": [103.2015093, 13.0755119]}}, {"type": "Feature", "properties": {}, "geometry": {"type": "Point", "coordinates": [103.1981664, 13.1021665]}}, {"type": "Feature", "properties": {}, "geometry": {"type": "Point", "coordinates": [103.1950411, 13.1049347]}}, {"type": "Feature", "properties": {}, "geometry": {"type": "Point", "coordinates": [103.2228487, 13.0920653]}}, {"type": "Feature", "properties": {}, "geometry": {"type": "Point", "coordinates": [103.1945664, 13.0979305]}}, {"type": "Feature", "properties": {}, "geometry": {"type": "Point", "coordinates": [103.1951698, 13.0915056]}}, {"type": "Feature", "properties": {}, "geometry": {"type": "Point", "coordinates": [103.2131572, 13.086524]}}, {"type": "Feature", "properties": {}, "geometry": {"type": "Point", "coordinates": [103.1908652, 13.0975429]}}, {"type": "Feature", "properties": {}, "geometry": {"type": "Point", "coordinates": [103.1990001, 13.1001154]}}, {"type": "Feature", "properties": {}, "geometry": {"type": "Point", "coordinates": [103.1989636, 13.0999652]}}, {"type": "Feature", "properties": {}, "geometry": {"type": "Point", "coordinates": [103.1769264, 13.1032277]}}, {"type": "Feature", "properties": {}, "geometry": {"type": "Point", "coordinates": [103.1774214, 13.1033174]}}, {"type": "Feature", "properties": {}, "geometry": {"type": "Point", "coordinates": [103.1770594, 13.1033501]}}, {"type": "Feature", "properties": {}, "geometry": {"type": "Point", "coordinates": [103.1769515, 13.1036067]}}, {"type": "Feature", "properties": {}, "geometry": {"type": "Point", "coordinates": [103.1766396, 13.1038896]}}, {"type": "Feature", "properties": {}, "geometry": {"type": "Point", "coordinates": [103.1767032, 13.103799]}}, {"type": "Feature", "properties": {}, "geometry": {"type": "Point", "coordinates": [103.1767886, 13.1037977]}}, {"type": "Feature", "properties": {}, "geometry": {"type": "Point", "coordinates": [103.1762215, 13.1037501]}}, {"type": "Feature", "properties": {}, "geometry": {"type": "Point", "coordinates": [103.1752676, 13.1048521]}}, {"type": "Feature", "properties": {}, "geometry": {"type": "Point", "coordinates": [103.1750409, 13.1049029]}}, {"type": "Feature", "properties": {}, "geometry": {"type": "Point", "coordinates": [103.1747808, 13.1049329]}}, {"type": "Feature", "properties": {}, "geometry": {"type": "Point", "coordinates": [103.1742195, 13.1048407]}}, {"type": "Feature", "properties": {}, "geometry": {"type": "Point", "coordinates": [103.1739573, 13.1048469]}}, {"type": "Feature", "properties": {}, "geometry": {"type": "Point", "coordinates": [103.1744152, 13.104892]}}, {"type": "Feature", "properties": {}, "geometry": {"type": "Point", "coordinates": [103.1738527, 13.1035616]}}, {"type": "Feature", "properties": {}, "geometry": {"type": "Point", "coordinates": [103.1754083, 13.1041038]}}, {"type": "Feature", "properties": {}, "geometry": {"type": "Point", "coordinates": [103.1752378, 13.1041471]}}, {"type": "Feature", "properties": {}, "geometry": {"type": "Point", "coordinates": [103.1749274, 13.1041668]}}, {"type": "Feature", "properties": {}, "geometry": {"type": "Point", "coordinates": [103.1750296, 13.1041572]}}, {"type": "Feature", "properties": {}, "geometry": {"type": "Point", "coordinates": [103.1756055, 13.10399]}}, {"type": "Feature", "properties": {}, "geometry": {"type": "Point", "coordinates": [103.1754203, 13.103811]}}, {"type": "Feature", "properties": {}, "geometry": {"type": "Point", "coordinates": [103.1747559, 13.1042454]}}, {"type": "Feature", "properties": {}, "geometry": {"type": "Point", "coordinates": [103.174613, 13.1039586]}}, {"type": "Feature", "properties": {}, "geometry": {"type": "Point", "coordinates": [103.1755572, 13.0934084]}}, {"type": "Feature", "properties": {}, "geometry": {"type": "Point", "coordinates": [103.1755536, 13.0933428]}}, {"type": "Feature", "properties": {}, "geometry": {"type": "Point", "coordinates": [103.175536, 13.0932835]}}, {"type": "Feature", "properties": {}, "geometry": {"type": "Point", "coordinates": [103.1755632, 13.0931687]}}, {"type": "Feature", "properties": {}, "geometry": {"type": "Point", "coordinates": [103.1938162, 13.0965083]}}, {"type": "Feature", "properties": {}, "geometry": {"type": "Point", "coordinates": [103.1945045, 13.0975056]}}, {"type": "Feature", "properties": {}, "geometry": {"type": "Point", "coordinates": [103.1938763, 13.0968496]}}, {"type": "Feature", "properties": {}, "geometry": {"type": "Point", "coordinates": [103.1944017, 13.0969112]}}, {"type": "Feature", "properties": {}, "geometry": {"type": "Point", "coordinates": [103.1946406, 13.0967821]}}, {"type": "Feature", "properties": {}, "geometry": {"type": "Point", "coordinates": [103.194554, 13.0961841]}}, {"type": "Feature", "properties": {}, "geometry": {"type": "Point", "coordinates": [103.1734628, 13.1068943]}}, {"type": "Feature", "properties": {}, "geometry": {"type": "Point", "coordinates": [103.1762231, 13.1061194]}}, {"type": "Feature", "properties": {}, "geometry": {"type": "Point", "coordinates": [103.1776349, 13.1061531]}}, {"type": "Feature", "properties": {}, "geometry": {"type": "Point", "coordinates": [103.175121, 13.1086121]}}, {"type": "Feature", "properties": {}, "geometry": {"type": "Point", "coordinates": [103.173393, 13.1076518]}}, {"type": "Feature", "properties": {}, "geometry": {"type": "Point", "coordinates": [103.1733366, 13.1084252]}}, {"type": "Feature", "properties": {}, "geometry": {"type": "Point", "coordinates": [103.1750366, 13.1064698]}}, {"type": "Feature", "properties": {}, "geometry": {"type": "Point", "coordinates": [103.1767724, 13.1080275]}}, {"type": "Feature", "properties": {}, "geometry": {"type": "Point", "coordinates": [103.1734284, 13.1071652]}}, {"type": "Feature", "properties": {}, "geometry": {"type": "Point", "coordinates": [103.1716472, 13.1062296]}}, {"type": "Feature", "properties": {}, "geometry": {"type": "Point", "coordinates": [103.1768098, 13.1061488]}}, {"type": "Feature", "properties": {}, "geometry": {"type": "Point", "coordinates": [103.1781784, 13.1074354]}}, {"type": "Feature", "properties": {}, "geometry": {"type": "Point", "coordinates": [103.1786818, 13.1062007]}}, {"type": "Feature", "properties": {}, "geometry": {"type": "Point", "coordinates": [103.1750271, 13.1060704]}}, {"type": "Feature", "properties": {}, "geometry": {"type": "Point", "coordinates": [103.1790115, 13.1054841]}}, {"type": "Feature", "properties": {}, "geometry": {"type": "Point", "coordinates": [103.1782923, 13.1055097]}}, {"type": "Feature", "properties": {}, "geometry": {"type": "Point", "coordinates": [103.17836, 13.1064706]}}, {"type": "Feature", "properties": {}, "geometry": {"type": "Point", "coordinates": [103.178516, 13.1078564]}}, {"type": "Feature", "properties": {}, "geometry": {"type": "Point", "coordinates": [103.1783568, 13.1068291]}}, {"type": "Feature", "properties": {}, "geometry": {"type": "Point", "coordinates": [103.1785004, 13.1073489]}}, {"type": "Feature", "properties": {}, "geometry": {"type": "Point", "coordinates": [103.1787623, 13.1068049]}}, {"type": "Feature", "properties": {}, "geometry": {"type": "Point", "coordinates": [103.1787881, 13.1076606]}}, {"type": "Feature", "properties": {}, "geometry": {"type": "Point", "coordinates": [103.1785118, 13.1075316]}}, {"type": "Feature", "properties": {}, "geometry": {"type": "Point", "coordinates": [103.1787834, 13.1071697]}}, {"type": "Feature", "properties": {}, "geometry": {"type": "Point", "coordinates": [103.1783291, 13.1071551]}}, {"type": "Feature", "properties": {}, "geometry": {"type": "Point", "coordinates": [103.1785163, 13.1076895]}}, {"type": "Feature", "properties": {}, "geometry": {"type": "Point", "coordinates": [103.178316, 13.1069971]}}, {"type": "Feature", "properties": {}, "geometry": {"type": "Point", "coordinates": [103.1783449, 13.1066418]}}, {"type": "Feature", "properties": {}, "geometry": {"type": "Point", "coordinates": [103.1787003, 13.1066449]}}, {"type": "Feature", "properties": {}, "geometry": {"type": "Point", "coordinates": [103.1787136, 13.1069888]}}, {"type": "Feature", "properties": {}, "geometry": {"type": "Point", "coordinates": [103.178768, 13.1075003]}}, {"type": "Feature", "properties": {}, "geometry": {"type": "Point", "coordinates": [103.1783495, 13.1062898]}}, {"type": "Feature", "properties": {}, "geometry": {"type": "Point", "coordinates": [103.1783143, 13.1061206]}}, {"type": "Feature", "properties": {}, "geometry": {"type": "Point", "coordinates": [103.1795134, 13.1079334]}}, {"type": "Feature", "properties": {}, "geometry": {"type": "Point", "coordinates": [103.1792887, 13.1064111]}}, {"type": "Feature", "properties": {}, "geometry": {"type": "Point", "coordinates": [103.1789849, 13.107358]}}, {"type": "Feature", "properties": {}, "geometry": {"type": "Point", "coordinates": [103.1794946, 13.1061383]}}, {"type": "Feature", "properties": {}, "geometry": {"type": "Point", "coordinates": [103.1790675, 13.1077792]}}, {"type": "Feature", "properties": {}, "geometry": {"type": "Point", "coordinates": [103.1790848, 13.108071]}}, {"type": "Feature", "properties": {}, "geometry": {"type": "Point", "coordinates": [103.1799104, 13.1065581]}}, {"type": "Feature", "properties": {}, "geometry": {"type": "Point", "coordinates": [103.1793737, 13.1067427]}}, {"type": "Feature", "properties": {}, "geometry": {"type": "Point", "coordinates": [103.179715, 13.1065273]}}, {"type": "Feature", "properties": {}, "geometry": {"type": "Point", "coordinates": [103.1793878, 13.1068674]}}, {"type": "Feature", "properties": {}, "geometry": {"type": "Point", "coordinates": [103.1790167, 13.1069398]}}, {"type": "Feature", "properties": {}, "geometry": {"type": "Point", "coordinates": [103.1819616, 13.1190545]}}, {"type": "Feature", "properties": {}, "geometry": {"type": "Point", "coordinates": [103.1823221, 13.1195296]}}, {"type": "Feature", "properties": {}, "geometry": {"type": "Point", "coordinates": [103.1811309, 13.1069655]}}, {"type": "Feature", "properties": {}, "geometry": {"type": "Point", "coordinates": [103.1821584, 13.1193159]}}, {"type": "Feature", "properties": {}, "geometry": {"type": "Point", "coordinates": [103.1824784, 13.1197747]}}, {"type": "Feature", "properties": {}, "geometry": {"type": "Point", "coordinates": [103.1808352, 13.107099]}}, {"type": "Feature", "properties": {}, "geometry": {"type": "Point", "coordinates": [103.1813629, 13.1067752]}}, {"type": "Feature", "properties": {}, "geometry": {"type": "Point", "coordinates": [103.1813839, 13.1071472]}}, {"type": "Feature", "properties": {}, "geometry": {"type": "Point", "coordinates": [103.1799795, 13.1055684]}}, {"type": "Feature", "properties": {}, "geometry": {"type": "Point", "coordinates": [103.18145, 13.105547]}}, {"type": "Feature", "properties": {}, "geometry": {"type": "Point", "coordinates": [103.1809092, 13.1055238]}}, {"type": "Feature", "properties": {}, "geometry": {"type": "Point", "coordinates": [103.1817355, 13.1055852]}}, {"type": "Feature", "properties": {}, "geometry": {"type": "Point", "coordinates": [103.1807572, 13.1062734]}}, {"type": "Feature", "properties": {}, "geometry": {"type": "Point", "coordinates": [103.1811151, 13.1063258]}}, {"type": "Feature", "properties": {}, "geometry": {"type": "Point", "coordinates": [103.1809181, 13.1063669]}}, {"type": "Feature", "properties": {}, "geometry": {"type": "Point", "coordinates": [103.1824471, 13.1056115]}}, {"type": "Feature", "properties": {}, "geometry": {"type": "Point", "coordinates": [103.1830655, 13.1058288]}}, {"type": "Feature", "properties": {}, "geometry": {"type": "Point", "coordinates": [103.1832855, 13.1068136]}}, {"type": "Feature", "properties": {}, "geometry": {"type": "Point", "coordinates": [103.1865113, 13.1070854]}}, {"type": "Feature", "properties": {}, "geometry": {"type": "Point", "coordinates": [103.184869, 13.1066771]}}, {"type": "Feature", "properties": {}, "geometry": {"type": "Point", "coordinates": [103.1861078, 13.1073442]}}, {"type": "Feature", "properties": {}, "geometry": {"type": "Point", "coordinates": [103.185297, 13.1062809]}}, {"type": "Feature", "properties": {}, "geometry": {"type": "Point", "coordinates": [103.1859446, 13.1069795]}}, {"type": "Feature", "properties": {}, "geometry": {"type": "Point", "coordinates": [103.1850207, 13.1067494]}}, {"type": "Feature", "properties": {}, "geometry": {"type": "Point", "coordinates": [103.1870976, 13.1065488]}}, {"type": "Feature", "properties": {}, "geometry": {"type": "Point", "coordinates": [103.1867143, 13.10713]}}, {"type": "Feature", "properties": {}, "geometry": {"type": "Point", "coordinates": [103.1883477, 13.1097051]}}, {"type": "Feature", "properties": {}, "geometry": {"type": "Point", "coordinates": [103.188169, 13.1072841]}}, {"type": "Feature", "properties": {}, "geometry": {"type": "Point", "coordinates": [103.1883849, 13.1103242]}}, {"type": "Feature", "properties": {}, "geometry": {"type": "Point", "coordinates": [103.1881973, 13.1107249]}}, {"type": "Feature", "properties": {}, "geometry": {"type": "Point", "coordinates": [103.1887299, 13.1096001]}}, {"type": "Feature", "properties": {}, "geometry": {"type": "Point", "coordinates": [103.1889045, 13.1093672]}}, {"type": "Feature", "properties": {}, "geometry": {"type": "Point", "coordinates": [103.1901391, 13.1070294]}}, {"type": "Feature", "properties": {}, "geometry": {"type": "Point", "coordinates": [103.1922207, 13.1078301]}}, {"type": "Feature", "properties": {}, "geometry": {"type": "Point", "coordinates": [103.1953494, 13.0980246]}}, {"type": "Feature", "properties": {}, "geometry": {"type": "Point", "coordinates": [103.1951157, 13.0980796]}}, {"type": "Feature", "properties": {}, "geometry": {"type": "Point", "coordinates": [103.1956115, 13.0975388]}}, {"type": "Feature", "properties": {}, "geometry": {"type": "Point", "coordinates": [103.1958578, 13.0983578]}}, {"type": "Feature", "properties": {}, "geometry": {"type": "Point", "coordinates": [103.1955661, 13.0986829]}}, {"type": "Feature", "properties": {}, "geometry": {"type": "Point", "coordinates": [103.1965425, 13.0977635]}}, {"type": "Feature", "properties": {}, "geometry": {"type": "Point", "coordinates": [103.1956643, 13.1003737]}}, {"type": "Feature", "properties": {}, "geometry": {"type": "Point", "coordinates": [103.1951292, 13.1006673]}}, {"type": "Feature", "properties": {}, "geometry": {"type": "Point", "coordinates": [103.1949878, 13.1006882]}}, {"type": "Feature", "properties": {}, "geometry": {"type": "Point", "coordinates": [103.1950974, 13.1004079]}}, {"type": "Feature", "properties": {}, "geometry": {"type": "Point", "coordinates": [103.1949671, 13.1004278]}}, {"type": "Feature", "properties": {}, "geometry": {"type": "Point", "coordinates": [103.1970022, 13.1010937]}}, {"type": "Feature", "properties": {}, "geometry": {"type": "Point", "coordinates": [103.1962252, 13.1008844]}}, {"type": "Feature", "properties": {}, "geometry": {"type": "Point", "coordinates": [103.1964772, 13.1008291]}}, {"type": "Feature", "properties": {}, "geometry": {"type": "Point", "coordinates": [103.19633, 13.1012877]}}, {"type": "Feature", "properties": {}, "geometry": {"type": "Point", "coordinates": [103.1967287, 13.1011935]}}, {"type": "Feature", "properties": {}, "geometry": {"type": "Point", "coordinates": [103.1962922, 13.0998486]}}, {"type": "Feature", "properties": {}, "geometry": {"type": "Point", "coordinates": [103.1965081, 13.0995193]}}, {"type": "Feature", "properties": {}, "geometry": {"type": "Point", "coordinates": [103.1984727, 13.0968962]}}, {"type": "Feature", "properties": {}, "geometry": {"type": "Point", "coordinates": [103.1983575, 13.0959215]}}, {"type": "Feature", "properties": {}, "geometry": {"type": "Point", "coordinates": [103.1978146, 13.0960071]}}, {"type": "Feature", "properties": {}, "geometry": {"type": "Point", "coordinates": [103.1995823, 13.0912832]}}, {"type": "Feature", "properties": {}, "geometry": {"type": "Point", "coordinates": [103.2004827, 13.0964247]}}, {"type": "Feature", "properties": {}, "geometry": {"type": "Point", "coordinates": [103.1982212, 13.0934848]}}, {"type": "Feature", "properties": {}, "geometry": {"type": "Point", "coordinates": [103.2007969, 13.0996074]}}, {"type": "Feature", "properties": {}, "geometry": {"type": "Point", "coordinates": [103.2006638, 13.0992994]}}, {"type": "Feature", "properties": {}, "geometry": {"type": "Point", "coordinates": [103.2005679, 13.0985784]}}, {"type": "Feature", "properties": {}, "geometry": {"type": "Point", "coordinates": [103.200798, 13.0966389]}}, {"type": "Feature", "properties": {}, "geometry": {"type": "Point", "coordinates": [103.2013176, 13.0965066]}}, {"type": "Feature", "properties": {}, "geometry": {"type": "Point", "coordinates": [103.2032324, 13.0968112]}}, {"type": "Feature", "properties": {}, "geometry": {"type": "Point", "coordinates": [103.2035231, 13.0970814]}}, {"type": "Feature", "properties": {}, "geometry": {"type": "Point", "coordinates": [103.2048267, 13.0953711]}}, {"type": "Feature", "properties": {}, "geometry": {"type": "Point", "coordinates": [103.2067944, 13.0967576]}}, {"type": "Feature", "properties": {}, "geometry": {"type": "Point", "coordinates": [103.2055622, 13.0956879]}}, {"type": "Feature", "properties": {}, "geometry": {"type": "Point", "coordinates": [103.2073745, 13.0970157]}}, {"type": "Feature", "properties": {}, "geometry": {"type": "Point", "coordinates": [103.2080744, 13.0985891]}}, {"type": "Feature", "properties": {}, "geometry": {"type": "Point", "coordinates": [103.2073379, 13.0983486]}}, {"type": "Feature", "properties": {}, "geometry": {"type": "Point", "coordinates": [103.2074442, 13.1015481]}}, {"type": "Feature", "properties": {}, "geometry": {"type": "Point", "coordinates": [103.2016411, 13.104588]}}, {"type": "Feature", "properties": {}, "geometry": {"type": "Point", "coordinates": [103.2007153, 13.0946103]}}, {"type": "Feature", "properties": {}, "geometry": {"type": "Point", "coordinates": [103.2020328, 13.1052144]}}, {"type": "Feature", "properties": {}, "geometry": {"type": "Point", "coordinates": [103.2040339, 13.0898768]}}, {"type": "Feature", "properties": {}, "geometry": {"type": "Point", "coordinates": [103.2040813, 13.0900949]}}, {"type": "Feature", "properties": {}, "geometry": {"type": "Point", "coordinates": [103.2040238, 13.0893553]}}, {"type": "Feature", "properties": {}, "geometry": {"type": "Point", "coordinates": [103.2030866, 13.0895439]}}, {"type": "Feature", "properties": {}, "geometry": {"type": "Point", "coordinates": [103.203803, 13.0893786]}}, {"type": "Feature", "properties": {}, "geometry": {"type": "Point", "coordinates": [103.2035901, 13.0887767]}}, {"type": "Feature", "properties": {}, "geometry": {"type": "Point", "coordinates": [103.1959153, 13.0856057]}}, {"type": "Feature", "properties": {}, "geometry": {"type": "Point", "coordinates": [103.1959351, 13.0862053]}}, {"type": "Feature", "properties": {}, "geometry": {"type": "Point", "coordinates": [103.1957389, 13.0861651]}}, {"type": "Feature", "properties": {}, "geometry": {"type": "Point", "coordinates": [103.1961122, 13.0856391]}}, {"type": "Feature", "properties": {}, "geometry": {"type": "Point", "coordinates": [103.1964928, 13.0855572]}}, {"type": "Feature", "properties": {}, "geometry": {"type": "Point", "coordinates": [103.196218, 13.0862995]}}, {"type": "Feature", "properties": {}, "geometry": {"type": "Point", "coordinates": [103.1959321, 13.0851245]}}, {"type": "Feature", "properties": {}, "geometry": {"type": "Point", "coordinates": [103.1959622, 13.0849294]}}, {"type": "Feature", "properties": {}, "geometry": {"type": "Point", "coordinates": [103.1948587, 13.0847972]}}, {"type": "Feature", "properties": {}, "geometry": {"type": "Point", "coordinates": [103.1948319, 13.0850041]}}, {"type": "Feature", "properties": {}, "geometry": {"type": "Point", "coordinates": [103.1943167, 13.0841666]}}, {"type": "Feature", "properties": {}, "geometry": {"type": "Point", "coordinates": [103.1908236, 13.0846929]}}, {"type": "Feature", "properties": {}, "geometry": {"type": "Point", "coordinates": [103.1904967, 13.0845549]}}, {"type": "Feature", "properties": {}, "geometry": {"type": "Point", "coordinates": [103.1908091, 13.0839391]}}, {"type": "Feature", "properties": {}, "geometry": {"type": "Point", "coordinates": [103.1868112, 13.082415]}}, {"type": "Feature", "properties": {}, "geometry": {"type": "Point", "coordinates": [103.1879446, 13.0828504]}}, {"type": "Feature", "properties": {}, "geometry": {"type": "Point", "coordinates": [103.1889924, 13.0841937]}}, {"type": "Feature", "properties": {}, "geometry": {"type": "Point", "coordinates": [103.1878454, 13.0781953]}}, {"type": "Feature", "properties": {}, "geometry": {"type": "Point", "coordinates": [103.1894403, 13.0795091]}}, {"type": "Feature", "properties": {}, "geometry": {"type": "Point", "coordinates": [103.1877778, 13.0792987]}}, {"type": "Feature", "properties": {}, "geometry": {"type": "Point", "coordinates": [103.1883595, 13.0794661]}}, {"type": "Feature", "properties": {}, "geometry": {"type": "Point", "coordinates": [103.1884391, 13.0791481]}}, {"type": "Feature", "properties": {}, "geometry": {"type": "Point", "coordinates": [103.1886674, 13.0795607]}}, {"type": "Feature", "properties": {}, "geometry": {"type": "Point", "coordinates": [103.1890537, 13.0796191]}}, {"type": "Feature", "properties": {}, "geometry": {"type": "Point", "coordinates": [103.1878949, 13.0796909]}}, {"type": "Feature", "properties": {}, "geometry": {"type": "Point", "coordinates": [103.1886595, 13.0791159]}}, {"type": "Feature", "properties": {}, "geometry": {"type": "Point", "coordinates": [103.1895599, 13.0791166]}}, {"type": "Feature", "properties": {}, "geometry": {"type": "Point", "coordinates": [103.1890092, 13.0785912]}}, {"type": "Feature", "properties": {}, "geometry": {"type": "Point", "coordinates": [103.1884941, 13.0778897]}}, {"type": "Feature", "properties": {}, "geometry": {"type": "Point", "coordinates": [103.1885283, 13.0780896]}}, {"type": "Feature", "properties": {}, "geometry": {"type": "Point", "coordinates": [103.1885663, 13.0783311]}}, {"type": "Feature", "properties": {}, "geometry": {"type": "Point", "coordinates": [103.1874564, 13.0777287]}}, {"type": "Feature", "properties": {}, "geometry": {"type": "Point", "coordinates": [103.188439, 13.07763]}}, {"type": "Feature", "properties": {}, "geometry": {"type": "Point", "coordinates": [103.1875288, 13.0775193]}}, {"type": "Feature", "properties": {}, "geometry": {"type": "Point", "coordinates": [103.1872725, 13.0781654]}}, {"type": "Feature", "properties": {}, "geometry": {"type": "Point", "coordinates": [103.187436, 13.0769146]}}, {"type": "Feature", "properties": {}, "geometry": {"type": "Point", "coordinates": [103.1868444, 13.0773757]}}, {"type": "Feature", "properties": {}, "geometry": {"type": "Point", "coordinates": [103.1934423, 13.080005]}}, {"type": "Feature", "properties": {}, "geometry": {"type": "Point", "coordinates": [103.1926964, 13.0797851]}}, {"type": "Feature", "properties": {}, "geometry": {"type": "Point", "coordinates": [103.1936384, 13.0820883]}}, {"type": "Feature", "properties": {}, "geometry": {"type": "Point", "coordinates": [103.1918573, 13.081094]}}, {"type": "Feature", "properties": {}, "geometry": {"type": "Point", "coordinates": [103.1936835, 13.0818648]}}, {"type": "Feature", "properties": {}, "geometry": {"type": "Point", "coordinates": [103.1932249, 13.0819464]}}, {"type": "Feature", "properties": {}, "geometry": {"type": "Point", "coordinates": [103.1925763, 13.0811951]}}, {"type": "Feature", "properties": {}, "geometry": {"type": "Point", "coordinates": [103.1928226, 13.0833447]}}, {"type": "Feature", "properties": {}, "geometry": {"type": "Point", "coordinates": [103.1928549, 13.0836609]}}, {"type": "Feature", "properties": {}, "geometry": {"type": "Point", "coordinates": [103.1944785, 13.0832049]}}, {"type": "Feature", "properties": {}, "geometry": {"type": "Point", "coordinates": [103.1944481, 13.0833418]}}, {"type": "Feature", "properties": {}, "geometry": {"type": "Point", "coordinates": [103.180122, 13.0852493]}}, {"type": "Feature", "properties": {}, "geometry": {"type": "Point", "coordinates": [103.1905225, 13.0972034]}}, {"type": "Feature", "properties": {}, "geometry": {"type": "Point", "coordinates": [103.189654, 13.0973744]}}, {"type": "Feature", "properties": {}, "geometry": {"type": "Point", "coordinates": [103.1893667, 13.0966788]}}, {"type": "Feature", "properties": {}, "geometry": {"type": "Point", "coordinates": [103.1902731, 13.0964417]}}, {"type": "Feature", "properties": {}, "geometry": {"type": "Point", "coordinates": [103.1908101, 13.0962574]}}, {"type": "Feature", "properties": {}, "geometry": {"type": "Point", "coordinates": [103.189751, 13.0964312]}}, {"type": "Feature", "properties": {}, "geometry": {"type": "Point", "coordinates": [103.1898162, 13.0969241]}}, {"type": "Feature", "properties": {}, "geometry": {"type": "Point", "coordinates": [103.1908962, 13.0968813]}}, {"type": "Feature", "properties": {}, "geometry": {"type": "Point", "coordinates": [103.1906891, 13.0957134]}}, {"type": "Feature", "properties": {}, "geometry": {"type": "Point", "coordinates": [103.1894515, 13.0960416]}}, {"type": "Feature", "properties": {}, "geometry": {"type": "Point", "coordinates": [103.1894106, 13.0958015]}}, {"type": "Feature", "properties": {}, "geometry": {"type": "Point", "coordinates": [103.1902395, 13.0962329]}}, {"type": "Feature", "properties": {}, "geometry": {"type": "Point", "coordinates": [103.1901985, 13.0959254]}}, {"type": "Feature", "properties": {}, "geometry": {"type": "Point", "coordinates": [103.1901621, 13.0956801]}}, {"type": "Feature", "properties": {}, "geometry": {"type": "Point", "coordinates": [103.1886372, 13.095929]}}, {"type": "Feature", "properties": {}, "geometry": {"type": "Point", "coordinates": [103.1889383, 13.0965694]}}, {"type": "Feature", "properties": {}, "geometry": {"type": "Point", "coordinates": [103.1886241, 13.096485]}}, {"type": "Feature", "properties": {}, "geometry": {"type": "Point", "coordinates": [103.1842966, 13.0994161]}}, {"type": "Feature", "properties": {}, "geometry": {"type": "Point", "coordinates": [103.1866423, 13.0963958]}}, {"type": "Feature", "properties": {}, "geometry": {"type": "Point", "coordinates": [103.1865213, 13.0967186]}}, {"type": "Feature", "properties": {}, "geometry": {"type": "Point", "coordinates": [103.1890508, 13.100449]}}, {"type": "Feature", "properties": {}, "geometry": {"type": "Point", "coordinates": [103.1896145, 13.100774]}}, {"type": "Feature", "properties": {}, "geometry": {"type": "Point", "coordinates": [103.1868676, 13.096718]}}, {"type": "Feature", "properties": {}, "geometry": {"type": "Point", "coordinates": [103.1869466, 13.0963523]}}, {"type": "Feature", "properties": {}, "geometry": {"type": "Point", "coordinates": [103.1914377, 13.0849933]}}, {"type": "Feature", "properties": {}, "geometry": {"type": "Point", "coordinates": [103.1913613, 13.0853544]}}, {"type": "Feature", "properties": {}, "geometry": {"type": "Point", "coordinates": [103.1913339, 13.0847973]}}, {"type": "Feature", "properties": {}, "geometry": {"type": "Point", "coordinates": [103.1913589, 13.0846421]}}, {"type": "Feature", "properties": {}, "geometry": {"type": "Point", "coordinates": [103.2208418, 13.0857203]}}, {"type": "Feature", "properties": {}, "geometry": {"type": "Point", "coordinates": [103.2184094, 13.0864799]}}, {"type": "Feature", "properties": {}, "geometry": {"type": "Point", "coordinates": [103.2193655, 13.0854689]}}, {"type": "Feature", "properties": {}, "geometry": {"type": "Point", "coordinates": [103.2204344, 13.0850583]}}, {"type": "Feature", "properties": {}, "geometry": {"type": "Point", "coordinates": [103.2182057, 13.0857959]}}, {"type": "Feature", "properties": {}, "geometry": {"type": "Point", "coordinates": [103.2196465, 13.0860195]}}, {"type": "Feature", "properties": {}, "geometry": {"type": "Point", "coordinates": [103.2183022, 13.0851965]}}, {"type": "Feature", "properties": {}, "geometry": {"type": "Point", "coordinates": [103.2215316, 13.0883505]}}, {"type": "Feature", "properties": {}, "geometry": {"type": "Point", "coordinates": [103.2215903, 13.0894574]}}, {"type": "Feature", "properties": {}, "geometry": {"type": "Point", "coordinates": [103.2226223, 13.0880586]}}, {"type": "Feature", "properties": {}, "geometry": {"type": "Point", "coordinates": [103.2215671, 13.0887582]}}, {"type": "Feature", "properties": {}, "geometry": {"type": "Point", "coordinates": [103.2219702, 13.0894493]}}, {"type": "Feature", "properties": {}, "geometry": {"type": "Point", "coordinates": [103.2215796, 13.0891808]}}, {"type": "Feature", "properties": {}, "geometry": {"type": "Point", "coordinates": [103.2221587, 13.0880765]}}, {"type": "Feature", "properties": {}, "geometry": {"type": "Point", "coordinates": [103.2226761, 13.0887751]}}, {"type": "Feature", "properties": {}, "geometry": {"type": "Point", "coordinates": [103.2224108, 13.0887828]}}, {"type": "Feature", "properties": {}, "geometry": {"type": "Point", "coordinates": [103.222107, 13.0887933]}}, {"type": "Feature", "properties": {}, "geometry": {"type": "Point", "coordinates": [103.2223913, 13.0884433]}}, {"type": "Feature", "properties": {}, "geometry": {"type": "Point", "coordinates": [103.2207498, 13.0873439]}}, {"type": "Feature", "properties": {}, "geometry": {"type": "Point", "coordinates": [103.2205192, 13.0872992]}}, {"type": "Feature", "properties": {}, "geometry": {"type": "Point", "coordinates": [103.2203277, 13.0871034]}}, {"type": "Feature", "properties": {}, "geometry": {"type": "Point", "coordinates": [103.220748, 13.0870586]}}, {"type": "Feature", "properties": {}, "geometry": {"type": "Point", "coordinates": [103.2220451, 13.0871354]}}, {"type": "Feature", "properties": {}, "geometry": {"type": "Point", "coordinates": [103.2213931, 13.0878356]}}, {"type": "Feature", "properties": {}, "geometry": {"type": "Point", "coordinates": [103.221459, 13.0866468]}}, {"type": "Feature", "properties": {}, "geometry": {"type": "Point", "coordinates": [103.2180668, 13.0841315]}}, {"type": "Feature", "properties": {}, "geometry": {"type": "Point", "coordinates": [103.2179176, 13.0837589]}}, {"type": "Feature", "properties": {}, "geometry": {"type": "Point", "coordinates": [103.2173344, 13.0842774]}}, {"type": "Feature", "properties": {}, "geometry": {"type": "Point", "coordinates": [103.217854, 13.0844221]}}, {"type": "Feature", "properties": {}, "geometry": {"type": "Point", "coordinates": [103.2177747, 13.0841862]}}, {"type": "Feature", "properties": {}, "geometry": {"type": "Point", "coordinates": [103.2176758, 13.0839294]}}, {"type": "Feature", "properties": {}, "geometry": {"type": "Point", "coordinates": [103.2175716, 13.083729]}}, {"type": "Feature", "properties": {}, "geometry": {"type": "Point", "coordinates": [103.2171922, 13.0839302]}}, {"type": "Feature", "properties": {}, "geometry": {"type": "Point", "coordinates": [103.2168875, 13.0840348]}}, {"type": "Feature", "properties": {}, "geometry": {"type": "Point", "coordinates": [103.2165638, 13.0840528]}}, {"type": "Feature", "properties": {}, "geometry": {"type": "Point", "coordinates": [103.2169559, 13.0847464]}}, {"type": "Feature", "properties": {}, "geometry": {"type": "Point", "coordinates": [103.2173351, 13.0846011]}}, {"type": "Feature", "properties": {}, "geometry": {"type": "Point", "coordinates": [103.2165543, 13.0844526]}}, {"type": "Feature", "properties": {}, "geometry": {"type": "Point", "coordinates": [103.2169068, 13.0845098]}}, {"type": "Feature", "properties": {}, "geometry": {"type": "Point", "coordinates": [103.2166548, 13.0846832]}}, {"type": "Feature", "properties": {}, "geometry": {"type": "Point", "coordinates": [103.2188242, 13.0840139]}}, {"type": "Feature", "properties": {}, "geometry": {"type": "Point", "coordinates": [103.2187508, 13.0838079]}}, {"type": "Feature", "properties": {}, "geometry": {"type": "Point", "coordinates": [103.2169425, 13.0874868]}}, {"type": "Feature", "properties": {}, "geometry": {"type": "Point", "coordinates": [103.2187622, 13.0835091]}}, {"type": "Feature", "properties": {}, "geometry": {"type": "Point", "coordinates": [103.2111672, 13.1048565]}}, {"type": "Feature", "properties": {}, "geometry": {"type": "Point", "coordinates": [103.2126286, 13.10454]}}, {"type": "Feature", "properties": {}, "geometry": {"type": "Point", "coordinates": [103.2126447, 13.1046016]}}, {"type": "Feature", "properties": {}, "geometry": {"type": "Point", "coordinates": [103.2100415, 13.1036838]}}, {"type": "Feature", "properties": {}, "geometry": {"type": "Point", "coordinates": [103.2100502, 13.1038741]}}, {"type": "Feature", "properties": {}, "geometry": {"type": "Point", "coordinates": [103.2070098, 13.1047558]}}, {"type": "Feature", "properties": {}, "geometry": {"type": "Point", "coordinates": [103.2070624, 13.1043071]}}, {"type": "Feature", "properties": {}, "geometry": {"type": "Point", "coordinates": [103.2077537, 13.1038159]}}, {"type": "Feature", "properties": {}, "geometry": {"type": "Point", "coordinates": [103.2031649, 13.1047068]}}, {"type": "Feature", "properties": {}, "geometry": {"type": "Point", "coordinates": [103.2028289, 13.1045631]}}, {"type": "Feature", "properties": {}, "geometry": {"type": "Point", "coordinates": [103.2026032, 13.1039186]}}, {"type": "Feature", "properties": {}, "geometry": {"type": "Point", "coordinates": [103.2026891, 13.1042646]}}, {"type": "Feature", "properties": {}, "geometry": {"type": "Point", "coordinates": [103.203526, 13.1045504]}}, {"type": "Feature", "properties": {}, "geometry": {"type": "Point", "coordinates": [103.2057066, 13.1087987]}}, {"type": "Feature", "properties": {}, "geometry": {"type": "Point", "coordinates": [103.2079796, 13.1082346]}}, {"type": "Feature", "properties": {}, "geometry": {"type": "Point", "coordinates": [103.2056863, 13.1084611]}}, {"type": "Feature", "properties": {}, "geometry": {"type": "Point", "coordinates": [103.2053729, 13.1085142]}}, {"type": "Feature", "properties": {}, "geometry": {"type": "Point", "coordinates": [103.2073194, 13.1084403]}}, {"type": "Feature", "properties": {}, "geometry": {"type": "Point", "coordinates": [103.1990526, 13.1085426]}}, {"type": "Feature", "properties": {}, "geometry": {"type": "Point", "coordinates": [103.1991964, 13.1093441]}}, {"type": "Feature", "properties": {}, "geometry": {"type": "Point", "coordinates": [103.2026939, 13.1086143]}}, {"type": "Feature", "properties": {}, "geometry": {"type": "Point", "coordinates": [103.2009973, 13.1088435]}}, {"type": "Feature", "properties": {}, "geometry": {"type": "Point", "coordinates": [103.201985, 13.1091954]}}, {"type": "Feature", "properties": {}, "geometry": {"type": "Point", "coordinates": [103.2010583, 13.1092229]}}, {"type": "Feature", "properties": {}, "geometry": {"type": "Point", "coordinates": [103.2028053, 13.108975]}}, {"type": "Feature", "properties": {}, "geometry": {"type": "Point", "coordinates": [103.2022286, 13.107587]}}, {"type": "Feature", "properties": {}, "geometry": {"type": "Point", "coordinates": [103.2013255, 13.1095413]}}, {"type": "Feature", "properties": {}, "geometry": {"type": "Point", "coordinates": [103.2012075, 13.1080099]}}, {"type": "Feature", "properties": {}, "geometry": {"type": "Point", "coordinates": [103.2009491, 13.1074813]}}, {"type": "Feature", "properties": {}, "geometry": {"type": "Point", "coordinates": [103.2013637, 13.1077126]}}, {"type": "Feature", "properties": {}, "geometry": {"type": "Point", "coordinates": [103.2021983, 13.1079018]}}, {"type": "Feature", "properties": {}, "geometry": {"type": "Point", "coordinates": [103.2022061, 13.1077568]}}, {"type": "Feature", "properties": {}, "geometry": {"type": "Point", "coordinates": [103.2019382, 13.1078932]}}, {"type": "Feature", "properties": {}, "geometry": {"type": "Point", "coordinates": [103.2007794, 13.1076581]}}, {"type": "Feature", "properties": {}, "geometry": {"type": "Point", "coordinates": [103.2027028, 13.1081172]}}, {"type": "Feature", "properties": {}, "geometry": {"type": "Point", "coordinates": [103.2014468, 13.1087564]}}, {"type": "Feature", "properties": {}, "geometry": {"type": "Point", "coordinates": [103.2026833, 13.1079133]}}, {"type": "Feature", "properties": {}, "geometry": {"type": "Point", "coordinates": [103.2018648, 13.1086112]}}, {"type": "Feature", "properties": {}, "geometry": {"type": "Point", "coordinates": [103.2010917, 13.1076941]}}, {"type": "Feature", "properties": {}, "geometry": {"type": "Point", "coordinates": [103.2008146, 13.1082305]}}, {"type": "Feature", "properties": {}, "geometry": {"type": "Point", "coordinates": [103.2026197, 13.1078034]}}, {"type": "Feature", "properties": {}, "geometry": {"type": "Point", "coordinates": [103.2015415, 13.1083444]}}, {"type": "Feature", "properties": {}, "geometry": {"type": "Point", "coordinates": [103.2012785, 13.1082866]}}, {"type": "Feature", "properties": {}, "geometry": {"type": "Point", "coordinates": [103.2026413, 13.107674]}}, {"type": "Feature", "properties": {}, "geometry": {"type": "Point", "coordinates": [103.2026286, 13.1091768]}}, {"type": "Feature", "properties": {}, "geometry": {"type": "Point", "coordinates": [103.2008742, 13.108474]}}, {"type": "Feature", "properties": {}, "geometry": {"type": "Point", "coordinates": [103.2035516, 13.1083486]}}, {"type": "Feature", "properties": {}, "geometry": {"type": "Point", "coordinates": [103.203072, 13.1079475]}}, {"type": "Feature", "properties": {}, "geometry": {"type": "Point", "coordinates": [103.203192, 13.1079174]}}, {"type": "Feature", "properties": {}, "geometry": {"type": "Point", "coordinates": [103.2036668, 13.1077937]}}, {"type": "Feature", "properties": {}, "geometry": {"type": "Point", "coordinates": [103.2035547, 13.1078227]}}, {"type": "Feature", "properties": {}, "geometry": {"type": "Point", "coordinates": [103.2059124, 13.1107204]}}, {"type": "Feature", "properties": {}, "geometry": {"type": "Point", "coordinates": [103.2006917, 13.1104718]}}, {"type": "Feature", "properties": {}, "geometry": {"type": "Point", "coordinates": [103.1986562, 13.1099945]}}, {"type": "Feature", "properties": {}, "geometry": {"type": "Point", "coordinates": [103.1987038, 13.1101377]}}, {"type": "Feature", "properties": {}, "geometry": {"type": "Point", "coordinates": [103.2005229, 13.1106127]}}, {"type": "Feature", "properties": {}, "geometry": {"type": "Point", "coordinates": [103.1981128, 13.1160705]}}, {"type": "Feature", "properties": {}, "geometry": {"type": "Point", "coordinates": [103.1988449, 13.1168822]}}, {"type": "Feature", "properties": {}, "geometry": {"type": "Point", "coordinates": [103.1975343, 13.1163234]}}, {"type": "Feature", "properties": {}, "geometry": {"type": "Point", "coordinates": [103.1992743, 13.1160749]}}, {"type": "Feature", "properties": {}, "geometry": {"type": "Point", "coordinates": [103.1981505, 13.1167101]}}, {"type": "Feature", "properties": {}, "geometry": {"type": "Point", "coordinates": [103.1978694, 13.116419]}}, {"type": "Feature", "properties": {}, "geometry": {"type": "Point", "coordinates": [103.1982677, 13.1163299]}}, {"type": "Feature", "properties": {}, "geometry": {"type": "Point", "coordinates": [103.198115, 13.1169229]}}, {"type": "Feature", "properties": {}, "geometry": {"type": "Point", "coordinates": [103.1975228, 13.1164732]}}, {"type": "Feature", "properties": {}, "geometry": {"type": "Point", "coordinates": [103.1976363, 13.115524]}}, {"type": "Feature", "properties": {}, "geometry": {"type": "Point", "coordinates": [103.1992215, 13.1166161]}}, {"type": "Feature", "properties": {}, "geometry": {"type": "Point", "coordinates": [103.1957946, 13.1173147]}}, {"type": "Feature", "properties": {}, "geometry": {"type": "Point", "coordinates": [103.1926555, 13.1360392]}}, {"type": "Feature", "properties": {}, "geometry": {"type": "Point", "coordinates": [103.1923096, 13.1361851]}}, {"type": "Feature", "properties": {}, "geometry": {"type": "Point", "coordinates": [103.2168039, 13.1411219]}}, {"type": "Feature", "properties": {}, "geometry": {"type": "Point", "coordinates": [103.2159596, 13.1401184]}}, {"type": "Feature", "properties": {}, "geometry": {"type": "Point", "coordinates": [103.2178361, 13.1406548]}}, {"type": "Feature", "properties": {}, "geometry": {"type": "Point", "coordinates": [103.1669644, 13.1073744]}}, {"type": "Feature", "properties": {}, "geometry": {"type": "Point", "coordinates": [103.1669435, 13.1071163]}}, {"type": "Feature", "properties": {}, "geometry": {"type": "Point", "coordinates": [103.1701321, 13.1060537]}}, {"type": "Feature", "properties": {}, "geometry": {"type": "Point", "coordinates": [103.1673264, 13.1072706]}}, {"type": "Feature", "properties": {}, "geometry": {"type": "Point", "coordinates": [103.1701879, 13.1062098]}}, {"type": "Feature", "properties": {}, "geometry": {"type": "Point", "coordinates": [103.1676475, 13.1061727]}}, {"type": "Feature", "properties": {}, "geometry": {"type": "Point", "coordinates": [103.1668207, 13.1067206]}}, {"type": "Feature", "properties": {}, "geometry": {"type": "Point", "coordinates": [103.1669079, 13.1057564]}}, {"type": "Feature", "properties": {}, "geometry": {"type": "Point", "coordinates": [103.1667214, 13.1057755]}}, {"type": "Feature", "properties": {}, "geometry": {"type": "Point", "coordinates": [103.1605708, 13.1072003]}}, {"type": "Feature", "properties": {}, "geometry": {"type": "Point", "coordinates": [103.1608996, 13.1073076]}}, {"type": "Feature", "properties": {}, "geometry": {"type": "Point", "coordinates": [103.1616825, 13.1071011]}}, {"type": "Feature", "properties": {}, "geometry": {"type": "Point", "coordinates": [103.1532392, 13.1084273]}}, {"type": "Feature", "properties": {}, "geometry": {"type": "Point", "coordinates": [103.1541548, 13.1092066]}}, {"type": "Feature", "properties": {}, "geometry": {"type": "Point", "coordinates": [103.1587653, 13.1058046]}}, {"type": "Feature", "properties": {}, "geometry": {"type": "Point", "coordinates": [103.1538283, 13.1076133]}}, {"type": "Feature", "properties": {}, "geometry": {"type": "Point", "coordinates": [103.1588433, 13.106116]}}, {"type": "Feature", "properties": {}, "geometry": {"type": "Point", "coordinates": [103.1606349, 13.1074309]}}, {"type": "Feature", "properties": {}, "geometry": {"type": "Point", "coordinates": [103.161079, 13.1072361]}}, {"type": "Feature", "properties": {}, "geometry": {"type": "Point", "coordinates": [103.1687472, 13.1046241]}}, {"type": "Feature", "properties": {}, "geometry": {"type": "Point", "coordinates": [103.1691761, 13.1052906]}}, {"type": "Feature", "properties": {}, "geometry": {"type": "Point", "coordinates": [103.1687595, 13.1050088]}}, {"type": "Feature", "properties": {}, "geometry": {"type": "Point", "coordinates": [103.1688571, 13.1047958]}}, {"type": "Feature", "properties": {}, "geometry": {"type": "Point", "coordinates": [103.1694981, 13.1066965]}}, {"type": "Feature", "properties": {}, "geometry": {"type": "Point", "coordinates": [103.167615, 13.1066132]}}, {"type": "Feature", "properties": {}, "geometry": {"type": "Point", "coordinates": [103.1685383, 13.1061013]}}, {"type": "Feature", "properties": {}, "geometry": {"type": "Point", "coordinates": [103.1689402, 13.1052179]}}, {"type": "Feature", "properties": {}, "geometry": {"type": "Point", "coordinates": [103.1756486, 13.1070621]}}, {"type": "Feature", "properties": {}, "geometry": {"type": "Point", "coordinates": [103.198402, 13.0906482]}}, {"type": "Feature", "properties": {}, "geometry": {"type": "Point", "coordinates": [103.1985365, 13.0910582]}}, {"type": "Feature", "properties": {}, "geometry": {"type": "Point", "coordinates": [103.1983205, 13.089956]}}, {"type": "Feature", "properties": {}, "geometry": {"type": "Point", "coordinates": [103.1976131, 13.0907323]}}, {"type": "Feature", "properties": {}, "geometry": {"type": "Point", "coordinates": [103.1971817, 13.0949945]}}, {"type": "Feature", "properties": {}, "geometry": {"type": "Point", "coordinates": [103.1972041, 13.1012417]}}, {"type": "Feature", "properties": {}, "geometry": {"type": "Point", "coordinates": [103.1972483, 13.1013651]}}, {"type": "Feature", "properties": {}, "geometry": {"type": "Point", "coordinates": [103.1972102, 13.1010597]}}, {"type": "Feature", "properties": {}, "geometry": {"type": "Point", "coordinates": [103.1970419, 13.1008148]}}, {"type": "Feature", "properties": {}, "geometry": {"type": "Point", "coordinates": [103.1985413, 13.106685]}}, {"type": "Feature", "properties": {}, "geometry": {"type": "Point", "coordinates": [103.1985648, 13.1068991]}}, {"type": "Feature", "properties": {}, "geometry": {"type": "Point", "coordinates": [103.1987764, 13.1069649]}}, {"type": "Feature", "properties": {}, "geometry": {"type": "Point", "coordinates": [103.1987384, 13.1067793]}}, {"type": "Feature", "properties": {}, "geometry": {"type": "Point", "coordinates": [103.1990262, 13.1068871]}}, {"type": "Feature", "properties": {}, "geometry": {"type": "Point", "coordinates": [103.1997098, 13.1068908]}}, {"type": "Feature", "properties": {}, "geometry": {"type": "Point", "coordinates": [103.1993651, 13.1024374]}}, {"type": "Feature", "properties": {}, "geometry": {"type": "Point", "coordinates": [103.1986725, 13.1026091]}}, {"type": "Feature", "properties": {}, "geometry": {"type": "Point", "coordinates": [103.1981157, 13.1026953]}}, {"type": "Feature", "properties": {}, "geometry": {"type": "Point", "coordinates": [103.1975695, 13.1032996]}}, {"type": "Feature", "properties": {}, "geometry": {"type": "Point", "coordinates": [103.1982066, 13.1017088]}}, {"type": "Feature", "properties": {}, "geometry": {"type": "Point", "coordinates": [103.1987183, 13.101616]}}, {"type": "Feature", "properties": {}, "geometry": {"type": "Point", "coordinates": [103.1992034, 13.1019748]}}, {"type": "Feature", "properties": {}, "geometry": {"type": "Point", "coordinates": [103.1991707, 13.1004836]}}, {"type": "Feature", "properties": {}, "geometry": {"type": "Point", "coordinates": [103.200673, 13.0982513]}}, {"type": "Feature", "properties": {}, "geometry": {"type": "Point", "coordinates": [103.200724, 13.0989166]}}, {"type": "Feature", "properties": {}, "geometry": {"type": "Point", "coordinates": [103.2010208, 13.0985386]}}, {"type": "Feature", "properties": {}, "geometry": {"type": "Point", "coordinates": [103.1966101, 13.0951968]}}, {"type": "Feature", "properties": {}, "geometry": {"type": "Point", "coordinates": [103.1966211, 13.0948118]}}, {"type": "Feature", "properties": {}, "geometry": {"type": "Point", "coordinates": [103.1971864, 13.0947084]}}, {"type": "Feature", "properties": {}, "geometry": {"type": "Point", "coordinates": [103.1974386, 13.0947577]}}, {"type": "Feature", "properties": {}, "geometry": {"type": "Point", "coordinates": [103.1974558, 13.0952896]}}, {"type": "Feature", "properties": {}, "geometry": {"type": "Point", "coordinates": [103.1971782, 13.0953046]}}, {"type": "Feature", "properties": {}, "geometry": {"type": "Point", "coordinates": [103.1985933, 13.0906849]}}, {"type": "Feature", "properties": {}, "geometry": {"type": "Point", "coordinates": [103.2010951, 13.0963133]}}, {"type": "Feature", "properties": {}, "geometry": {"type": "Point", "coordinates": [103.2037791, 13.0968679]}}, {"type": "Feature", "properties": {}, "geometry": {"type": "Point", "coordinates": [103.2035839, 13.0967139]}}, {"type": "Feature", "properties": {}, "geometry": {"type": "Point", "coordinates": [103.2024798, 13.0968537]}}, {"type": "Feature", "properties": {}, "geometry": {"type": "Point", "coordinates": [103.2057809, 13.0963351]}}, {"type": "Feature", "properties": {}, "geometry": {"type": "Point", "coordinates": [103.2076545, 13.0944458]}}, {"type": "Feature", "properties": {}, "geometry": {"type": "Point", "coordinates": [103.2084165, 13.0946172]}}, {"type": "Feature", "properties": {}, "geometry": {"type": "Point", "coordinates": [103.2086429, 13.0929904]}}, {"type": "Feature", "properties": {}, "geometry": {"type": "Point", "coordinates": [103.2086479, 13.0928239]}}, {"type": "Feature", "properties": {}, "geometry": {"type": "Point", "coordinates": [103.2087876, 13.0910309]}}, {"type": "Feature", "properties": {}, "geometry": {"type": "Point", "coordinates": [103.2130216, 13.0839023]}}, {"type": "Feature", "properties": {}, "geometry": {"type": "Point", "coordinates": [103.2155854, 13.0815571]}}, {"type": "Feature", "properties": {}, "geometry": {"type": "Point", "coordinates": [103.2150692, 13.0803584]}}, {"type": "Feature", "properties": {}, "geometry": {"type": "Point", "coordinates": [103.21508, 13.0804322]}}, {"type": "Feature", "properties": {}, "geometry": {"type": "Point", "coordinates": [103.2145059, 13.0788706]}}, {"type": "Feature", "properties": {}, "geometry": {"type": "Point", "coordinates": [103.2145598, 13.0808799]}}, {"type": "Feature", "properties": {}, "geometry": {"type": "Point", "coordinates": [103.2148358, 13.0813764]}}, {"type": "Feature", "properties": {}, "geometry": {"type": "Point", "coordinates": [103.2148742, 13.0813005]}}, {"type": "Feature", "properties": {}, "geometry": {"type": "Point", "coordinates": [103.2157492, 13.0837621]}}, {"type": "Feature", "properties": {}, "geometry": {"type": "Point", "coordinates": [103.2152774, 13.0879458]}}, {"type": "Feature", "properties": {}, "geometry": {"type": "Point", "coordinates": [103.212286, 13.0890377]}}, {"type": "Feature", "properties": {}, "geometry": {"type": "Point", "coordinates": [103.2121558, 13.0891252]}}, {"type": "Feature", "properties": {}, "geometry": {"type": "Point", "coordinates": [103.2100885, 13.0897355]}}, {"type": "Feature", "properties": {}, "geometry": {"type": "Point", "coordinates": [103.2078131, 13.0930051]}}, {"type": "Feature", "properties": {}, "geometry": {"type": "Point", "coordinates": [103.2031708, 13.0985142]}}, {"type": "Feature", "properties": {}, "geometry": {"type": "Point", "coordinates": [103.2023929, 13.0986896]}}, {"type": "Feature", "properties": {}, "geometry": {"type": "Point", "coordinates": [103.1996558, 13.0948941]}}, {"type": "Feature", "properties": {}, "geometry": {"type": "Point", "coordinates": [103.2015634, 13.092973]}}, {"type": "Feature", "properties": {}, "geometry": {"type": "Point", "coordinates": [103.2015227, 13.0934497]}}, {"type": "Feature", "properties": {}, "geometry": {"type": "Point", "coordinates": [103.2016011, 13.0934703]}}, {"type": "Feature", "properties": {}, "geometry": {"type": "Point", "coordinates": [103.2017787, 13.0935189]}}, {"type": "Feature", "properties": {}, "geometry": {"type": "Point", "coordinates": [103.2017065, 13.0934981]}}, {"type": "Feature", "properties": {}, "geometry": {"type": "Point", "coordinates": [103.2018988, 13.0934476]}}, {"type": "Feature", "properties": {}, "geometry": {"type": "Point", "coordinates": [103.2018954, 13.0933561]}}, {"type": "Feature", "properties": {}, "geometry": {"type": "Point", "coordinates": [103.2017479, 13.0932544]}}, {"type": "Feature", "properties": {}, "geometry": {"type": "Point", "coordinates": [103.2017284, 13.0931734]}}, {"type": "Feature", "properties": {}, "geometry": {"type": "Point", "coordinates": [103.2018051, 13.093186]}}, {"type": "Feature", "properties": {}, "geometry": {"type": "Point", "coordinates": [103.2017999, 13.0928999]}}, {"type": "Feature", "properties": {}, "geometry": {"type": "Point", "coordinates": [103.2018037, 13.0929404]}}, {"type": "Feature", "properties": {}, "geometry": {"type": "Point", "coordinates": [103.2020116, 13.0928756]}}, {"type": "Feature", "properties": {}, "geometry": {"type": "Point", "coordinates": [103.2018762, 13.0927476]}}, {"type": "Feature", "properties": {}, "geometry": {"type": "Point", "coordinates": [103.2013664, 13.0924032]}}, {"type": "Feature", "properties": {}, "geometry": {"type": "Point", "coordinates": [103.2017621, 13.0924975]}}, {"type": "Feature", "properties": {}, "geometry": {"type": "Point", "coordinates": [103.1997391, 13.0913704]}}, {"type": "Feature", "properties": {}, "geometry": {"type": "Point", "coordinates": [103.1982675, 13.0945583]}}, {"type": "Feature", "properties": {}, "geometry": {"type": "Point", "coordinates": [103.1981075, 13.0948547]}}, {"type": "Feature", "properties": {}, "geometry": {"type": "Point", "coordinates": [103.2096327, 13.1116979]}}, {"type": "Feature", "properties": {}, "geometry": {"type": "Point", "coordinates": [103.198284, 13.0942888]}}, {"type": "Feature", "properties": {}, "geometry": {"type": "Point", "coordinates": [103.2086111, 13.0924512]}}, {"type": "Feature", "properties": {}, "geometry": {"type": "Point", "coordinates": [103.2064329, 13.0961349]}}, {"type": "Feature", "properties": {}, "geometry": {"type": "Point", "coordinates": [103.2066683, 13.0962395]}}, {"type": "Feature", "properties": {}, "geometry": {"type": "Point", "coordinates": [103.2068446, 13.0961588]}}, {"type": "Feature", "properties": {}, "geometry": {"type": "Point", "coordinates": [103.206181, 13.0962668]}}, {"type": "Feature", "properties": {}, "geometry": {"type": "Point", "coordinates": [103.2062419, 13.0961886]}}, {"type": "Feature", "properties": {}, "geometry": {"type": "Point", "coordinates": [103.2063801, 13.0962872]}}, {"type": "Feature", "properties": {}, "geometry": {"type": "Point", "coordinates": [103.2064982, 13.0962739]}}, {"type": "Feature", "properties": {}, "geometry": {"type": "Point", "coordinates": [103.2065975, 13.0978854]}}, {"type": "Feature", "properties": {}, "geometry": {"type": "Point", "coordinates": [103.2069288, 13.097908]}}, {"type": "Feature", "properties": {}, "geometry": {"type": "Point", "coordinates": [103.2068906, 13.0980641]}}, {"type": "Feature", "properties": {}, "geometry": {"type": "Point", "coordinates": [103.2058492, 13.0965213]}}, {"type": "Feature", "properties": {}, "geometry": {"type": "Point", "coordinates": [103.2056093, 13.0965446]}}, {"type": "Feature", "properties": {}, "geometry": {"type": "Point", "coordinates": [103.205946, 13.096291]}}, {"type": "Feature", "properties": {}, "geometry": {"type": "Point", "coordinates": [103.2069672, 13.0975303]}}, {"type": "Feature", "properties": {}, "geometry": {"type": "Point", "coordinates": [103.2063881, 13.0970699]}}, {"type": "Feature", "properties": {}, "geometry": {"type": "Point", "coordinates": [103.2064179, 13.0971507]}}, {"type": "Feature", "properties": {}, "geometry": {"type": "Point", "coordinates": [103.2063228, 13.0971568]}}, {"type": "Feature", "properties": {}, "geometry": {"type": "Point", "coordinates": [103.2066006, 13.0960961]}}, {"type": "Feature", "properties": {}, "geometry": {"type": "Point", "coordinates": [103.2067024, 13.0960871]}}, {"type": "Feature", "properties": {}, "geometry": {"type": "Point", "coordinates": [103.2071672, 13.0962941]}}, {"type": "Feature", "properties": {}, "geometry": {"type": "Point", "coordinates": [103.2075348, 13.0964336]}}, {"type": "Feature", "properties": {}, "geometry": {"type": "Point", "coordinates": [103.2072635, 13.09614]}}, {"type": "Feature", "properties": {}, "geometry": {"type": "Point", "coordinates": [103.2075524, 13.0961379]}}, {"type": "Feature", "properties": {}, "geometry": {"type": "Point", "coordinates": [103.2074146, 13.0961513]}}, {"type": "Feature", "properties": {}, "geometry": {"type": "Point", "coordinates": [103.2072595, 13.0960105]}}, {"type": "Feature", "properties": {}, "geometry": {"type": "Point", "coordinates": [103.207163, 13.0960944]}}, {"type": "Feature", "properties": {}, "geometry": {"type": "Point", "coordinates": [103.2076326, 13.0963479]}}, {"type": "Feature", "properties": {}, "geometry": {"type": "Point", "coordinates": [103.2076344, 13.0964109]}}, {"type": "Feature", "properties": {}, "geometry": {"type": "Point", "coordinates": [103.2076272, 13.0964763]}}, {"type": "Feature", "properties": {}, "geometry": {"type": "Point", "coordinates": [103.2074589, 13.0963409]}}, {"type": "Feature", "properties": {}, "geometry": {"type": "Point", "coordinates": [103.2070666, 13.0961193]}}, {"type": "Feature", "properties": {}, "geometry": {"type": "Point", "coordinates": [103.2070445, 13.0960166]}}, {"type": "Feature", "properties": {}, "geometry": {"type": "Point", "coordinates": [103.207614, 13.095929]}}, {"type": "Feature", "properties": {}, "geometry": {"type": "Point", "coordinates": [103.2074044, 13.0960487]}}, {"type": "Feature", "properties": {}, "geometry": {"type": "Point", "coordinates": [103.2075296, 13.0962691]}}, {"type": "Feature", "properties": {}, "geometry": {"type": "Point", "coordinates": [103.2073118, 13.0972687]}}, {"type": "Feature", "properties": {}, "geometry": {"type": "Point", "coordinates": [103.2072721, 13.0974354]}}, {"type": "Feature", "properties": {}, "geometry": {"type": "Point", "coordinates": [103.2072856, 13.097562]}}, {"type": "Feature", "properties": {}, "geometry": {"type": "Point", "coordinates": [103.2074688, 13.09753]}}, {"type": "Feature", "properties": {}, "geometry": {"type": "Point", "coordinates": [103.2073717, 13.0977269]}}, {"type": "Feature", "properties": {}, "geometry": {"type": "Point", "coordinates": [103.2072433, 13.097899]}}, {"type": "Feature", "properties": {}, "geometry": {"type": "Point", "coordinates": [103.2074014, 13.0979416]}}, {"type": "Feature", "properties": {}, "geometry": {"type": "Point", "coordinates": [103.207402, 13.0978547]}}, {"type": "Feature", "properties": {}, "geometry": {"type": "Point", "coordinates": [103.206261, 13.0979713]}}, {"type": "Feature", "properties": {}, "geometry": {"type": "Point", "coordinates": [103.2059771, 13.0981025]}}, {"type": "Feature", "properties": {}, "geometry": {"type": "Point", "coordinates": [103.2062047, 13.0981696]}}, {"type": "Feature", "properties": {}, "geometry": {"type": "Point", "coordinates": [103.2059172, 13.0980086]}}, {"type": "Feature", "properties": {}, "geometry": {"type": "Point", "coordinates": [103.2058592, 13.0979193]}}, {"type": "Feature", "properties": {}, "geometry": {"type": "Point", "coordinates": [103.2058411, 13.0978505]}}, {"type": "Feature", "properties": {}, "geometry": {"type": "Point", "coordinates": [103.2056762, 13.0979174]}}, {"type": "Feature", "properties": {}, "geometry": {"type": "Point", "coordinates": [103.2060474, 13.0974295]}}, {"type": "Feature", "properties": {}, "geometry": {"type": "Point", "coordinates": [103.2059591, 13.0976546]}}, {"type": "Feature", "properties": {}, "geometry": {"type": "Point", "coordinates": [103.2058125, 13.0975112]}}, {"type": "Feature", "properties": {}, "geometry": {"type": "Point", "coordinates": [103.2054959, 13.0976321]}}, {"type": "Feature", "properties": {}, "geometry": {"type": "Point", "coordinates": [103.2061298, 13.0977769]}}, {"type": "Feature", "properties": {}, "geometry": {"type": "Point", "coordinates": [103.2061314, 13.0971855]}}, {"type": "Feature", "properties": {}, "geometry": {"type": "Point", "coordinates": [103.2061248, 13.0971252]}}, {"type": "Feature", "properties": {}, "geometry": {"type": "Point", "coordinates": [103.2057379, 13.0972288]}}, {"type": "Feature", "properties": {}, "geometry": {"type": "Point", "coordinates": [103.2055453, 13.0963674]}}, {"type": "Feature", "properties": {}, "geometry": {"type": "Point", "coordinates": [103.2056862, 13.0963962]}}, {"type": "Feature", "properties": {}, "geometry": {"type": "Point", "coordinates": [103.2056692, 13.0963009]}}, {"type": "Feature", "properties": {}, "geometry": {"type": "Point", "coordinates": [103.2051467, 13.0966622]}}, {"type": "Feature", "properties": {}, "geometry": {"type": "Point", "coordinates": [103.2050199, 13.0963455]}}, {"type": "Feature", "properties": {}, "geometry": {"type": "Point", "coordinates": [103.2051895, 13.0963167]}}, {"type": "Feature", "properties": {}, "geometry": {"type": "Point", "coordinates": [103.2048419, 13.096632]}}, {"type": "Feature", "properties": {}, "geometry": {"type": "Point", "coordinates": [103.2069153, 13.0957612]}}, {"type": "Feature", "properties": {}, "geometry": {"type": "Point", "coordinates": [103.2069721, 13.0957466]}}, {"type": "Feature", "properties": {}, "geometry": {"type": "Point", "coordinates": [103.2067523, 13.0955489]}}, {"type": "Feature", "properties": {}, "geometry": {"type": "Point", "coordinates": [103.2060695, 13.0957598]}}, {"type": "Feature", "properties": {}, "geometry": {"type": "Point", "coordinates": [103.2070692, 13.0955521]}}, {"type": "Feature", "properties": {}, "geometry": {"type": "Point", "coordinates": [103.2069646, 13.0954977]}}, {"type": "Feature", "properties": {}, "geometry": {"type": "Point", "coordinates": [103.2065224, 13.0952882]}}, {"type": "Feature", "properties": {}, "geometry": {"type": "Point", "coordinates": [103.2078278, 13.097902]}}, {"type": "Feature", "properties": {}, "geometry": {"type": "Point", "coordinates": [103.2082245, 13.0977944]}}, {"type": "Feature", "properties": {}, "geometry": {"type": "Point", "coordinates": [103.2078891, 13.0976707]}}, {"type": "Feature", "properties": {}, "geometry": {"type": "Point", "coordinates": [103.2078824, 13.0975342]}}, {"type": "Feature", "properties": {}, "geometry": {"type": "Point", "coordinates": [103.2082933, 13.097599]}}, {"type": "Feature", "properties": {}, "geometry": {"type": "Point", "coordinates": [103.2082245, 13.0975476]}}, {"type": "Feature", "properties": {}, "geometry": {"type": "Point", "coordinates": [103.2082419, 13.0974694]}}, {"type": "Feature", "properties": {}, "geometry": {"type": "Point", "coordinates": [103.2081937, 13.0974274]}}, {"type": "Feature", "properties": {}, "geometry": {"type": "Point", "coordinates": [103.2080971, 13.0973808]}}, {"type": "Feature", "properties": {}, "geometry": {"type": "Point", "coordinates": [103.2079068, 13.0972868]}}, {"type": "Feature", "properties": {}, "geometry": {"type": "Point", "coordinates": [103.2079398, 13.0970906]}}, {"type": "Feature", "properties": {}, "geometry": {"type": "Point", "coordinates": [103.2081547, 13.0971973]}}, {"type": "Feature", "properties": {}, "geometry": {"type": "Point", "coordinates": [103.2079638, 13.0966944]}}, {"type": "Feature", "properties": {}, "geometry": {"type": "Point", "coordinates": [103.2079098, 13.0965082]}}, {"type": "Feature", "properties": {}, "geometry": {"type": "Point", "coordinates": [103.2080898, 13.0967352]}}, {"type": "Feature", "properties": {}, "geometry": {"type": "Point", "coordinates": [103.2087323, 13.0977905]}}, {"type": "Feature", "properties": {}, "geometry": {"type": "Point", "coordinates": [103.2087113, 13.0976967]}}, {"type": "Feature", "properties": {}, "geometry": {"type": "Point", "coordinates": [103.2085907, 13.0976663]}}, {"type": "Feature", "properties": {}, "geometry": {"type": "Point", "coordinates": [103.2086856, 13.0976223]}}, {"type": "Feature", "properties": {}, "geometry": {"type": "Point", "coordinates": [103.2086092, 13.0975593]}}, {"type": "Feature", "properties": {}, "geometry": {"type": "Point", "coordinates": [103.2085571, 13.0973823]}}, {"type": "Feature", "properties": {}, "geometry": {"type": "Point", "coordinates": [103.2084878, 13.0972415]}}, {"type": "Feature", "properties": {}, "geometry": {"type": "Point", "coordinates": [103.208588, 13.0971649]}}, {"type": "Feature", "properties": {}, "geometry": {"type": "Point", "coordinates": [103.2083592, 13.0966554]}}, {"type": "Feature", "properties": {}, "geometry": {"type": "Point", "coordinates": [103.2081741, 13.0962676]}}, {"type": "Feature", "properties": {}, "geometry": {"type": "Point", "coordinates": [103.2081754, 13.096063]}}, {"type": "Feature", "properties": {}, "geometry": {"type": "Point", "coordinates": [103.2081663, 13.0959786]}}, {"type": "Feature", "properties": {}, "geometry": {"type": "Point", "coordinates": [103.2082325, 13.0958679]}}, {"type": "Feature", "properties": {}, "geometry": {"type": "Point", "coordinates": [103.2081899, 13.0957328]}}, {"type": "Feature", "properties": {}, "geometry": {"type": "Point", "coordinates": [103.2082369, 13.0953143]}}, {"type": "Feature", "properties": {}, "geometry": {"type": "Point", "coordinates": [103.2082434, 13.095475]}}, {"type": "Feature", "properties": {}, "geometry": {"type": "Point", "coordinates": [103.2082615, 13.0955623]}}, {"type": "Feature", "properties": {}, "geometry": {"type": "Point", "coordinates": [103.2077149, 13.0953896]}}, {"type": "Feature", "properties": {}, "geometry": {"type": "Point", "coordinates": [103.2053978, 13.0954222]}}, {"type": "Feature", "properties": {}, "geometry": {"type": "Point", "coordinates": [103.2011462, 13.0873471]}}, {"type": "Feature", "properties": {}, "geometry": {"type": "Point", "coordinates": [103.1971705, 13.0914649]}}, {"type": "Feature", "properties": {}, "geometry": {"type": "Point", "coordinates": [103.1974629, 13.0914931]}}, {"type": "Feature", "properties": {}, "geometry": {"type": "Point", "coordinates": [103.1974479, 13.0917993]}}, {"type": "Feature", "properties": {}, "geometry": {"type": "Point", "coordinates": [103.1975778, 13.0921371]}}, {"type": "Feature", "properties": {}, "geometry": {"type": "Point", "coordinates": [103.1969625, 13.0926903]}}, {"type": "Feature", "properties": {}, "geometry": {"type": "Point", "coordinates": [103.197229, 13.0921376]}}, {"type": "Feature", "properties": {}, "geometry": {"type": "Point", "coordinates": [103.1969806, 13.0923552]}}, {"type": "Feature", "properties": {}, "geometry": {"type": "Point", "coordinates": [103.1975267, 13.0925313]}}, {"type": "Feature", "properties": {}, "geometry": {"type": "Point", "coordinates": [103.1977719, 13.0927573]}}, {"type": "Feature", "properties": {}, "geometry": {"type": "Point", "coordinates": [103.1975314, 13.0926799]}}, {"type": "Feature", "properties": {}, "geometry": {"type": "Point", "coordinates": [103.1983463, 13.0928554]}}, {"type": "Feature", "properties": {}, "geometry": {"type": "Point", "coordinates": [103.1983519, 13.0925871]}}, {"type": "Feature", "properties": {}, "geometry": {"type": "Point", "coordinates": [103.1985637, 13.0926359]}}, {"type": "Feature", "properties": {}, "geometry": {"type": "Point", "coordinates": [103.1862799, 13.1121228]}}, {"type": "Feature", "properties": {}, "geometry": {"type": "Point", "coordinates": [103.1864351, 13.1118567]}}, {"type": "Feature", "properties": {}, "geometry": {"type": "Point", "coordinates": [103.1861858, 13.1118517]}}, {"type": "Feature", "properties": {}, "geometry": {"type": "Point", "coordinates": [103.1865067, 13.1116961]}}, {"type": "Feature", "properties": {}, "geometry": {"type": "Point", "coordinates": [103.1865112, 13.1114373]}}, {"type": "Feature", "properties": {}, "geometry": {"type": "Point", "coordinates": [103.1865748, 13.1112612]}}, {"type": "Feature", "properties": {}, "geometry": {"type": "Point", "coordinates": [103.1667009, 13.1062991]}}, {"type": "Feature", "properties": {}, "geometry": {"type": "Point", "coordinates": [103.1479825, 13.1031041]}}, {"type": "Feature", "properties": {}, "geometry": {"type": "Point", "coordinates": [103.1957338, 13.1180562]}}, {"type": "Feature", "properties": {}, "geometry": {"type": "Point", "coordinates": [103.1952862, 13.1010971]}}, {"type": "Feature", "properties": {}, "geometry": {"type": "Point", "coordinates": [103.1988451, 13.1062419]}}, {"type": "Feature", "properties": {}, "geometry": {"type": "Point", "coordinates": [103.1984169, 13.1058036]}}, {"type": "Feature", "properties": {}, "geometry": {"type": "Point", "coordinates": [103.198644, 13.1051147]}}, {"type": "Feature", "properties": {}, "geometry": {"type": "Point", "coordinates": [103.1990206, 13.1050277]}}, {"type": "Feature", "properties": {}, "geometry": {"type": "Point", "coordinates": [103.1982545, 13.1052435]}}, {"type": "Feature", "properties": {}, "geometry": {"type": "Point", "coordinates": [103.1982359, 13.1051378]}}, {"type": "Feature", "properties": {}, "geometry": {"type": "Point", "coordinates": [103.1991569, 13.1060084]}}, {"type": "Feature", "properties": {}, "geometry": {"type": "Point", "coordinates": [103.1991068, 13.1057348]}}, {"type": "Feature", "properties": {}, "geometry": {"type": "Point", "coordinates": [103.1990723, 13.105533]}}, {"type": "Feature", "properties": {}, "geometry": {"type": "Point", "coordinates": [103.1990454, 13.1053853]}}, {"type": "Feature", "properties": {}, "geometry": {"type": "Point", "coordinates": [103.198291, 13.1039376]}}, {"type": "Feature", "properties": {}, "geometry": {"type": "Point", "coordinates": [103.198549, 13.1038918]}}, {"type": "Feature", "properties": {}, "geometry": {"type": "Point", "coordinates": [103.1986695, 13.1038803]}}, {"type": "Feature", "properties": {}, "geometry": {"type": "Point", "coordinates": [103.1988219, 13.1040696]}}, {"type": "Feature", "properties": {}, "geometry": {"type": "Point", "coordinates": [103.1987302, 13.1038067]}}, {"type": "Feature", "properties": {}, "geometry": {"type": "Point", "coordinates": [103.1988172, 13.1038486]}}, {"type": "Feature", "properties": {}, "geometry": {"type": "Point", "coordinates": [103.1986378, 13.1038075]}}, {"type": "Feature", "properties": {}, "geometry": {"type": "Point", "coordinates": [103.1981548, 13.1039494]}}, {"type": "Feature", "properties": {}, "geometry": {"type": "Point", "coordinates": [103.1980627, 13.1041764]}}, {"type": "Feature", "properties": {}, "geometry": {"type": "Point", "coordinates": [103.198109, 13.1044928]}}, {"type": "Feature", "properties": {}, "geometry": {"type": "Point", "coordinates": [103.1981598, 13.1047227]}}, {"type": "Feature", "properties": {}, "geometry": {"type": "Point", "coordinates": [103.1982041, 13.1049131]}}, {"type": "Feature", "properties": {}, "geometry": {"type": "Point", "coordinates": [103.1984123, 13.1048672]}}, {"type": "Feature", "properties": {}, "geometry": {"type": "Point", "coordinates": [103.1984232, 13.1046905]}}, {"type": "Feature", "properties": {}, "geometry": {"type": "Point", "coordinates": [103.1986737, 13.104775]}}, {"type": "Feature", "properties": {}, "geometry": {"type": "Point", "coordinates": [103.1987225, 13.1048825]}}, {"type": "Feature", "properties": {}, "geometry": {"type": "Point", "coordinates": [103.1988887, 13.10481]}}, {"type": "Feature", "properties": {}, "geometry": {"type": "Point", "coordinates": [103.1987516, 13.1046195]}}, {"type": "Feature", "properties": {}, "geometry": {"type": "Point", "coordinates": [103.1988858, 13.1046919]}}, {"type": "Feature", "properties": {}, "geometry": {"type": "Point", "coordinates": [103.1988802, 13.1045807]}}, {"type": "Feature", "properties": {}, "geometry": {"type": "Point", "coordinates": [103.1988712, 13.1044652]}}, {"type": "Feature", "properties": {}, "geometry": {"type": "Point", "coordinates": [103.1987141, 13.1046471]}}, {"type": "Feature", "properties": {}, "geometry": {"type": "Point", "coordinates": [103.1985031, 13.1043302]}}, {"type": "Feature", "properties": {}, "geometry": {"type": "Point", "coordinates": [103.1994727, 13.1037205]}}, {"type": "Feature", "properties": {}, "geometry": {"type": "Point", "coordinates": [103.1996789, 13.1037836]}}, {"type": "Feature", "properties": {}, "geometry": {"type": "Point", "coordinates": [103.1998203, 13.104029]}}, {"type": "Feature", "properties": {}, "geometry": {"type": "Point", "coordinates": [103.1995769, 13.104217]}}, {"type": "Feature", "properties": {}, "geometry": {"type": "Point", "coordinates": [103.1992212, 13.1043049]}}, {"type": "Feature", "properties": {}, "geometry": {"type": "Point", "coordinates": [103.199203, 13.1040341]}}, {"type": "Feature", "properties": {}, "geometry": {"type": "Point", "coordinates": [103.1990921, 13.1040047]}}, {"type": "Feature", "properties": {}, "geometry": {"type": "Point", "coordinates": [103.1991393, 13.1037459]}}, {"type": "Feature", "properties": {}, "geometry": {"type": "Point", "coordinates": [103.1990707, 13.1037524]}}, {"type": "Feature", "properties": {}, "geometry": {"type": "Point", "coordinates": [103.2001046, 13.1040731]}}, {"type": "Feature", "properties": {}, "geometry": {"type": "Point", "coordinates": [103.2002412, 13.1043265]}}, {"type": "Feature", "properties": {}, "geometry": {"type": "Point", "coordinates": [103.1994327, 13.1045867]}}, {"type": "Feature", "properties": {}, "geometry": {"type": "Point", "coordinates": [103.1996436, 13.1044788]}}, {"type": "Feature", "properties": {}, "geometry": {"type": "Point", "coordinates": [103.1998757, 13.1044033]}}, {"type": "Feature", "properties": {}, "geometry": {"type": "Point", "coordinates": [103.199256, 13.1045198]}}, {"type": "Feature", "properties": {}, "geometry": {"type": "Point", "coordinates": [103.1993696, 13.1047274]}}, {"type": "Feature", "properties": {}, "geometry": {"type": "Point", "coordinates": [103.1998028, 13.1047688]}}, {"type": "Feature", "properties": {}, "geometry": {"type": "Point", "coordinates": [103.2000281, 13.104987]}}, {"type": "Feature", "properties": {}, "geometry": {"type": "Point", "coordinates": [103.1999181, 13.1050132]}}, {"type": "Feature", "properties": {}, "geometry": {"type": "Point", "coordinates": [103.1997449, 13.1049534]}}, {"type": "Feature", "properties": {}, "geometry": {"type": "Point", "coordinates": [103.1995862, 13.1050342]}}, {"type": "Feature", "properties": {}, "geometry": {"type": "Point", "coordinates": [103.1995018, 13.1050483]}}, {"type": "Feature", "properties": {}, "geometry": {"type": "Point", "coordinates": [103.1993442, 13.1050316]}}, {"type": "Feature", "properties": {}, "geometry": {"type": "Point", "coordinates": [103.1993383, 13.1049935]}}, {"type": "Feature", "properties": {}, "geometry": {"type": "Point", "coordinates": [103.1993569, 13.1051066]}}, {"type": "Feature", "properties": {}, "geometry": {"type": "Point", "coordinates": [103.1994071, 13.1049436]}}, {"type": "Feature", "properties": {}, "geometry": {"type": "Point", "coordinates": [103.1994007, 13.1049038]}}, {"type": "Feature", "properties": {}, "geometry": {"type": "Point", "coordinates": [103.1993932, 13.1048581]}}, {"type": "Feature", "properties": {}, "geometry": {"type": "Point", "coordinates": [103.1992649, 13.1045836]}}, {"type": "Feature", "properties": {}, "geometry": {"type": "Point", "coordinates": [103.1997647, 13.1053821]}}, {"type": "Feature", "properties": {}, "geometry": {"type": "Point", "coordinates": [103.1995667, 13.1055457]}}, {"type": "Feature", "properties": {}, "geometry": {"type": "Point", "coordinates": [103.1998785, 13.1054887]}}, {"type": "Feature", "properties": {}, "geometry": {"type": "Point", "coordinates": [103.1999124, 13.105483]}}, {"type": "Feature", "properties": {}, "geometry": {"type": "Point", "coordinates": [103.1999442, 13.1054776]}}, {"type": "Feature", "properties": {}, "geometry": {"type": "Point", "coordinates": [103.1999761, 13.1054723]}}, {"type": "Feature", "properties": {}, "geometry": {"type": "Point", "coordinates": [103.2000136, 13.1054685]}}, {"type": "Feature", "properties": {}, "geometry": {"type": "Point", "coordinates": [103.2000524, 13.1054652]}}, {"type": "Feature", "properties": {}, "geometry": {"type": "Point", "coordinates": [103.2001594, 13.1054097]}}, {"type": "Feature", "properties": {}, "geometry": {"type": "Point", "coordinates": [103.2000956, 13.1051965]}}, {"type": "Feature", "properties": {}, "geometry": {"type": "Point", "coordinates": [103.1993861, 13.1052482]}}, {"type": "Feature", "properties": {}, "geometry": {"type": "Point", "coordinates": [103.1993934, 13.1053036]}}, {"type": "Feature", "properties": {}, "geometry": {"type": "Point", "coordinates": [103.1993994, 13.1053396]}}, {"type": "Feature", "properties": {}, "geometry": {"type": "Point", "coordinates": [103.1994045, 13.1053701]}}, {"type": "Feature", "properties": {}, "geometry": {"type": "Point", "coordinates": [103.199409, 13.105397]}}, {"type": "Feature", "properties": {}, "geometry": {"type": "Point", "coordinates": [103.1994139, 13.1054241]}}, {"type": "Feature", "properties": {}, "geometry": {"type": "Point", "coordinates": [103.1994193, 13.1054551]}}, {"type": "Feature", "properties": {}, "geometry": {"type": "Point", "coordinates": [103.1994394, 13.1055732]}}, {"type": "Feature", "properties": {}, "geometry": {"type": "Point", "coordinates": [103.1994337, 13.1055416]}}, {"type": "Feature", "properties": {}, "geometry": {"type": "Point", "coordinates": [103.1994292, 13.1055141]}}, {"type": "Feature", "properties": {}, "geometry": {"type": "Point", "coordinates": [103.1994246, 13.1054865]}}, {"type": "Feature", "properties": {}, "geometry": {"type": "Point", "coordinates": [103.1994354, 13.1056334]}}, {"type": "Feature", "properties": {}, "geometry": {"type": "Point", "coordinates": [103.199485, 13.1056253]}}, {"type": "Feature", "properties": {}, "geometry": {"type": "Point", "coordinates": [103.1995233, 13.1056181]}}, {"type": "Feature", "properties": {}, "geometry": {"type": "Point", "coordinates": [103.1993829, 13.1056385]}}, {"type": "Feature", "properties": {}, "geometry": {"type": "Point", "coordinates": [103.1995365, 13.1060209]}}, {"type": "Feature", "properties": {}, "geometry": {"type": "Point", "coordinates": [103.1995462, 13.1061123]}}, {"type": "Feature", "properties": {}, "geometry": {"type": "Point", "coordinates": [103.1996582, 13.1060343]}}, {"type": "Feature", "properties": {}, "geometry": {"type": "Point", "coordinates": [103.199694, 13.1060285]}}, {"type": "Feature", "properties": {}, "geometry": {"type": "Point", "coordinates": [103.1997359, 13.1060217]}}, {"type": "Feature", "properties": {}, "geometry": {"type": "Point", "coordinates": [103.1998538, 13.1060027]}}, {"type": "Feature", "properties": {}, "geometry": {"type": "Point", "coordinates": [103.1998122, 13.1060091]}}, {"type": "Feature", "properties": {}, "geometry": {"type": "Point", "coordinates": [103.199776, 13.1060149]}}, {"type": "Feature", "properties": {}, "geometry": {"type": "Point", "coordinates": [103.1999706, 13.1059841]}}, {"type": "Feature", "properties": {}, "geometry": {"type": "Point", "coordinates": [103.1999288, 13.1059907]}}, {"type": "Feature", "properties": {}, "geometry": {"type": "Point", "coordinates": [103.1998932, 13.1059963]}}, {"type": "Feature", "properties": {}, "geometry": {"type": "Point", "coordinates": [103.2000479, 13.105972]}}, {"type": "Feature", "properties": {}, "geometry": {"type": "Point", "coordinates": [103.2000108, 13.1059779]}}, {"type": "Feature", "properties": {}, "geometry": {"type": "Point", "coordinates": [103.2000884, 13.1059957]}}, {"type": "Feature", "properties": {}, "geometry": {"type": "Point", "coordinates": [103.2001254, 13.1059955]}}, {"type": "Feature", "properties": {}, "geometry": {"type": "Point", "coordinates": [103.2001645, 13.1059882]}}, {"type": "Feature", "properties": {}, "geometry": {"type": "Point", "coordinates": [103.2002175, 13.106023]}}, {"type": "Feature", "properties": {}, "geometry": {"type": "Point", "coordinates": [103.2002054, 13.1059603]}}, {"type": "Feature", "properties": {}, "geometry": {"type": "Point", "coordinates": [103.2001283, 13.105896]}}, {"type": "Feature", "properties": {}, "geometry": {"type": "Point", "coordinates": [103.200321, 13.1059251]}}, {"type": "Feature", "properties": {}, "geometry": {"type": "Point", "coordinates": [103.2002873, 13.1058034]}}, {"type": "Feature", "properties": {}, "geometry": {"type": "Point", "coordinates": [103.2002491, 13.1056806]}}, {"type": "Feature", "properties": {}, "geometry": {"type": "Point", "coordinates": [103.1997782, 13.105794]}}, {"type": "Feature", "properties": {}, "geometry": {"type": "Point", "coordinates": [103.1997406, 13.1058]}}, {"type": "Feature", "properties": {}, "geometry": {"type": "Point", "coordinates": [103.1998205, 13.1057873]}}, {"type": "Feature", "properties": {}, "geometry": {"type": "Point", "coordinates": [103.199861, 13.1057811]}}, {"type": "Feature", "properties": {}, "geometry": {"type": "Point", "coordinates": [103.1998977, 13.1057753]}}, {"type": "Feature", "properties": {}, "geometry": {"type": "Point", "coordinates": [103.1999381, 13.105769]}}, {"type": "Feature", "properties": {}, "geometry": {"type": "Point", "coordinates": [103.1999768, 13.105763]}}, {"type": "Feature", "properties": {}, "geometry": {"type": "Point", "coordinates": [103.200012, 13.1057574]}}, {"type": "Feature", "properties": {}, "geometry": {"type": "Point", "coordinates": [103.2000529, 13.1057511]}}, {"type": "Feature", "properties": {}, "geometry": {"type": "Point", "coordinates": [103.2000947, 13.1057445]}}, {"type": "Feature", "properties": {}, "geometry": {"type": "Point", "coordinates": [103.2001416, 13.1057395]}}, {"type": "Feature", "properties": {}, "geometry": {"type": "Point", "coordinates": [103.1996196, 13.1058193]}}, {"type": "Feature", "properties": {}, "geometry": {"type": "Point", "coordinates": [103.1996573, 13.1058132]}}, {"type": "Feature", "properties": {}, "geometry": {"type": "Point", "coordinates": [103.1997002, 13.1058064]}}, {"type": "Feature", "properties": {}, "geometry": {"type": "Point", "coordinates": [103.1995012, 13.1059185]}}, {"type": "Feature", "properties": {}, "geometry": {"type": "Point", "coordinates": [103.199495, 13.1058838]}}, {"type": "Feature", "properties": {}, "geometry": {"type": "Point", "coordinates": [103.1994878, 13.1058432]}}, {"type": "Feature", "properties": {}, "geometry": {"type": "Point", "coordinates": [103.199481, 13.1058039]}}, {"type": "Feature", "properties": {}, "geometry": {"type": "Point", "coordinates": [103.199477, 13.1057681]}}, {"type": "Feature", "properties": {}, "geometry": {"type": "Point", "coordinates": [103.1988693, 13.1012351]}}, {"type": "Feature", "properties": {}, "geometry": {"type": "Point", "coordinates": [103.1988417, 13.1011062]}}, {"type": "Feature", "properties": {}, "geometry": {"type": "Point", "coordinates": [103.1986079, 13.1010565]}}, {"type": "Feature", "properties": {}, "geometry": {"type": "Point", "coordinates": [103.1991606, 13.1007572]}}, {"type": "Feature", "properties": {}, "geometry": {"type": "Point", "coordinates": [103.1912416, 13.0934994]}}, {"type": "Feature", "properties": {}, "geometry": {"type": "Point", "coordinates": [103.1911741, 13.0936039]}}, {"type": "Feature", "properties": {}, "geometry": {"type": "Point", "coordinates": [103.1913184, 13.0936213]}}, {"type": "Feature", "properties": {}, "geometry": {"type": "Point", "coordinates": [103.1912121, 13.0937202]}}, {"type": "Feature", "properties": {}, "geometry": {"type": "Point", "coordinates": [103.1916038, 13.0935535]}}, {"type": "Feature", "properties": {}, "geometry": {"type": "Point", "coordinates": [103.1912236, 13.0932173]}}, {"type": "Feature", "properties": {}, "geometry": {"type": "Point", "coordinates": [103.1913375, 13.0933633]}}, {"type": "Feature", "properties": {}, "geometry": {"type": "Point", "coordinates": [103.1915408, 13.0933256]}}, {"type": "Feature", "properties": {}, "geometry": {"type": "Point", "coordinates": [103.199603, 13.1031854]}}, {"type": "Feature", "properties": {}, "geometry": {"type": "Point", "coordinates": [103.198976, 13.1007994]}}, {"type": "Feature", "properties": {}, "geometry": {"type": "Point", "coordinates": [103.198618, 13.0988107]}}, {"type": "Feature", "properties": {}, "geometry": {"type": "Point", "coordinates": [103.2021299, 13.1081259]}}, {"type": "Feature", "properties": {}, "geometry": {"type": "Point", "coordinates": [103.202006, 13.1083993]}}, {"type": "Feature", "properties": {}, "geometry": {"type": "Point", "coordinates": [103.2023782, 13.1083875]}}, {"type": "Feature", "properties": {}, "geometry": {"type": "Point", "coordinates": [103.2012945, 13.1079606]}}, {"type": "Feature", "properties": {}, "geometry": {"type": "Point", "coordinates": [103.1994988, 13.0885482]}}, {"type": "Feature", "properties": {}, "geometry": {"type": "Point", "coordinates": [103.2005755, 13.1063566]}}, {"type": "Feature", "properties": {}, "geometry": {"type": "Point", "coordinates": [103.2006784, 13.1063809]}}, {"type": "Feature", "properties": {}, "geometry": {"type": "Point", "coordinates": [103.2003297, 13.1064456]}}, {"type": "Feature", "properties": {}, "geometry": {"type": "Point", "coordinates": [103.2005688, 13.1064941]}}, {"type": "Feature", "properties": {}, "geometry": {"type": "Point", "coordinates": [103.2001319, 13.1064868]}}, {"type": "Feature", "properties": {}, "geometry": {"type": "Point", "coordinates": [103.200231, 13.1065053]}}, {"type": "Feature", "properties": {}, "geometry": {"type": "Point", "coordinates": [103.2004127, 13.1064262]}}, {"type": "Feature", "properties": {}, "geometry": {"type": "Point", "coordinates": [103.2006344, 13.1066779]}}, {"type": "Feature", "properties": {}, "geometry": {"type": "Point", "coordinates": [103.2004803, 13.1069426]}}, {"type": "Feature", "properties": {}, "geometry": {"type": "Point", "coordinates": [103.2005754, 13.1069479]}}, {"type": "Feature", "properties": {}, "geometry": {"type": "Point", "coordinates": [103.2006364, 13.1069047]}}, {"type": "Feature", "properties": {}, "geometry": {"type": "Point", "coordinates": [103.2004941, 13.1068313]}}, {"type": "Feature", "properties": {}, "geometry": {"type": "Point", "coordinates": [103.2004703, 13.1067345]}}, {"type": "Feature", "properties": {}, "geometry": {"type": "Point", "coordinates": [103.200039, 13.1063405]}}, {"type": "Feature", "properties": {}, "geometry": {"type": "Point", "coordinates": [103.2002017, 13.1069458]}}, {"type": "Feature", "properties": {}, "geometry": {"type": "Point", "coordinates": [103.2004134, 13.1068949]}}, {"type": "Feature", "properties": {}, "geometry": {"type": "Point", "coordinates": [103.2003594, 13.1068831]}}, {"type": "Feature", "properties": {}, "geometry": {"type": "Point", "coordinates": [103.2003106, 13.1069022]}}, {"type": "Feature", "properties": {}, "geometry": {"type": "Point", "coordinates": [103.1996846, 13.1065486]}}, {"type": "Feature", "properties": {}, "geometry": {"type": "Point", "coordinates": [103.2001827, 13.106726]}}, {"type": "Feature", "properties": {}, "geometry": {"type": "Point", "coordinates": [103.1998612, 13.1065244]}}, {"type": "Feature", "properties": {}, "geometry": {"type": "Point", "coordinates": [103.200114, 13.1069604]}}, {"type": "Feature", "properties": {}, "geometry": {"type": "Point", "coordinates": [103.1999991, 13.1069602]}}, {"type": "Feature", "properties": {}, "geometry": {"type": "Point", "coordinates": [103.1999446, 13.1066627]}}, {"type": "Feature", "properties": {}, "geometry": {"type": "Point", "coordinates": [103.2000695, 13.1064745]}}, {"type": "Feature", "properties": {}, "geometry": {"type": "Point", "coordinates": [103.1999786, 13.1065058]}}, {"type": "Feature", "properties": {}, "geometry": {"type": "Point", "coordinates": [103.1989561, 13.1072476]}}, {"type": "Feature", "properties": {}, "geometry": {"type": "Point", "coordinates": [103.1987862, 13.1071955]}}, {"type": "Feature", "properties": {}, "geometry": {"type": "Point", "coordinates": [103.1986254, 13.1072359]}}, {"type": "Feature", "properties": {}, "geometry": {"type": "Point", "coordinates": [103.2004543, 13.1064954]}}, {"type": "Feature", "properties": {}, "geometry": {"type": "Point", "coordinates": [103.2007116, 13.1064822]}}, {"type": "Feature", "properties": {}, "geometry": {"type": "Point", "coordinates": [103.2007289, 13.106545]}}, {"type": "Feature", "properties": {}, "geometry": {"type": "Point", "coordinates": [103.200755, 13.1066343]}}, {"type": "Feature", "properties": {}, "geometry": {"type": "Point", "coordinates": [103.2008015, 13.1067058]}}, {"type": "Feature", "properties": {}, "geometry": {"type": "Point", "coordinates": [103.2006919, 13.1069489]}}, {"type": "Feature", "properties": {}, "geometry": {"type": "Point", "coordinates": [103.2008422, 13.1069088]}}, {"type": "Feature", "properties": {}, "geometry": {"type": "Point", "coordinates": [103.2007024, 13.1068071]}}, {"type": "Feature", "properties": {}, "geometry": {"type": "Point", "coordinates": [103.1802644, 13.0762523]}}, {"type": "Feature", "properties": {}, "geometry": {"type": "Point", "coordinates": [103.1804044, 13.0763599]}}, {"type": "Feature", "properties": {}, "geometry": {"type": "Point", "coordinates": [103.2179499, 13.1410661]}}, {"type": "Feature", "properties": {}, "geometry": {"type": "Point", "coordinates": [103.2175235, 13.1402724]}}, {"type": "Feature", "properties": {}, "geometry": {"type": "Point", "coordinates": [103.2174469, 13.1413175]}}, {"type": "Feature", "properties": {}, "geometry": {"type": "Point", "coordinates": [103.216976, 13.1415453]}}, {"type": "Feature", "properties": {}, "geometry": {"type": "Point", "coordinates": [103.2166194, 13.1416657]}}, {"type": "Feature", "properties": {}, "geometry": {"type": "Point", "coordinates": [103.2074733, 13.0915633]}}, {"type": "Feature", "properties": {}, "geometry": {"type": "Point", "coordinates": [103.2077357, 13.0918338]}}, {"type": "Feature", "properties": {}, "geometry": {"type": "Point", "coordinates": [103.2082051, 13.0915201]}}, {"type": "Feature", "properties": {}, "geometry": {"type": "Point", "coordinates": [103.2079246, 13.0915428]}}, {"type": "Feature", "properties": {}, "geometry": {"type": "Point", "coordinates": [103.2065113, 13.0919156]}}, {"type": "Feature", "properties": {}, "geometry": {"type": "Point", "coordinates": [103.206406, 13.091697]}}, {"type": "Feature", "properties": {}, "geometry": {"type": "Point", "coordinates": [103.2068327, 13.0921863]}}, {"type": "Feature", "properties": {}, "geometry": {"type": "Point", "coordinates": [103.2071491, 13.0920687]}}, {"type": "Feature", "properties": {}, "geometry": {"type": "Point", "coordinates": [103.2070557, 13.0919056]}}, {"type": "Feature", "properties": {}, "geometry": {"type": "Point", "coordinates": [103.207025, 13.091717]}}, {"type": "Feature", "properties": {}, "geometry": {"type": "Point", "coordinates": [103.20986, 13.0896594]}}, {"type": "Feature", "properties": {}, "geometry": {"type": "Point", "coordinates": [103.2099464, 13.0894668]}}, {"type": "Feature", "properties": {}, "geometry": {"type": "Point", "coordinates": [103.2097554, 13.0893541]}}, {"type": "Feature", "properties": {}, "geometry": {"type": "Point", "coordinates": [103.2093869, 13.0892313]}}, {"type": "Feature", "properties": {}, "geometry": {"type": "Point", "coordinates": [103.2090737, 13.0893373]}}, {"type": "Feature", "properties": {}, "geometry": {"type": "Point", "coordinates": [103.2088333, 13.0899548]}}, {"type": "Feature", "properties": {}, "geometry": {"type": "Point", "coordinates": [103.2091889, 13.0895352]}}, {"type": "Feature", "properties": {}, "geometry": {"type": "Point", "coordinates": [103.2066436, 13.0906507]}}, {"type": "Feature", "properties": {}, "geometry": {"type": "Point", "coordinates": [103.2062834, 13.0907795]}}, {"type": "Feature", "properties": {}, "geometry": {"type": "Point", "coordinates": [103.2071002, 13.0905163]}}, {"type": "Feature", "properties": {}, "geometry": {"type": "Point", "coordinates": [103.2067828, 13.0897208]}}, {"type": "Feature", "properties": {}, "geometry": {"type": "Point", "coordinates": [103.2076857, 13.0895801]}}, {"type": "Feature", "properties": {}, "geometry": {"type": "Point", "coordinates": [103.2083484, 13.0898588]}}, {"type": "Feature", "properties": {}, "geometry": {"type": "Point", "coordinates": [103.2082338, 13.0896379]}}, {"type": "Feature", "properties": {}, "geometry": {"type": "Point", "coordinates": [103.2075708, 13.0898653]}}, {"type": "Feature", "properties": {}, "geometry": {"type": "Point", "coordinates": [103.206937, 13.0900706]}}, {"type": "Feature", "properties": {}, "geometry": {"type": "Point", "coordinates": [103.2198254, 13.084525]}}, {"type": "Feature", "properties": {}, "geometry": {"type": "Point", "coordinates": [103.1987334, 13.0881987]}}, {"type": "Feature", "properties": {}, "geometry": {"type": "Point", "coordinates": [103.1986093, 13.0872788]}}, {"type": "Feature", "properties": {}, "geometry": {"type": "Point", "coordinates": [103.1990165, 13.0874251]}}, {"type": "Feature", "properties": {}, "geometry": {"type": "Point", "coordinates": [103.1993259, 13.0869869]}}, {"type": "Feature", "properties": {}, "geometry": {"type": "Point", "coordinates": [103.1987809, 13.0875451]}}, {"type": "Feature", "properties": {}, "geometry": {"type": "Point", "coordinates": [103.1974853, 13.0873039]}}, {"type": "Feature", "properties": {}, "geometry": {"type": "Point", "coordinates": [103.1971724, 13.0868355]}}, {"type": "Feature", "properties": {}, "geometry": {"type": "Point", "coordinates": [103.194295, 13.0864548]}}, {"type": "Feature", "properties": {}, "geometry": {"type": "Point", "coordinates": [103.1947992, 13.0866554]}}, {"type": "Feature", "properties": {}, "geometry": {"type": "Point", "coordinates": [103.1948372, 13.0864608]}}, {"type": "Feature", "properties": {}, "geometry": {"type": "Point", "coordinates": [103.195574, 13.0868032]}}, {"type": "Feature", "properties": {}, "geometry": {"type": "Point", "coordinates": [103.1956191, 13.0866116]}}, {"type": "Feature", "properties": {}, "geometry": {"type": "Point", "coordinates": [103.1948053, 13.0860016]}}, {"type": "Feature", "properties": {}, "geometry": {"type": "Point", "coordinates": [103.1945778, 13.0859617]}}, {"type": "Feature", "properties": {}, "geometry": {"type": "Point", "coordinates": [103.1943605, 13.0859318]}}, {"type": "Feature", "properties": {}, "geometry": {"type": "Point", "coordinates": [103.1941279, 13.0853947]}}, {"type": "Feature", "properties": {}, "geometry": {"type": "Point", "coordinates": [103.1948235, 13.0901151]}}, {"type": "Feature", "properties": {}, "geometry": {"type": "Point", "coordinates": [103.2117835, 13.0971087]}}, {"type": "Feature", "properties": {}, "geometry": {"type": "Point", "coordinates": [103.2116588, 13.0966089]}}, {"type": "Feature", "properties": {}, "geometry": {"type": "Point", "coordinates": [103.2115318, 13.0961238]}}, {"type": "Feature", "properties": {}, "geometry": {"type": "Point", "coordinates": [103.2125649, 13.0970874]}}, {"type": "Feature", "properties": {}, "geometry": {"type": "Point", "coordinates": [103.2125347, 13.0968943]}}, {"type": "Feature", "properties": {}, "geometry": {"type": "Point", "coordinates": [103.2124558, 13.0965897]}}, {"type": "Feature", "properties": {}, "geometry": {"type": "Point", "coordinates": [103.212415, 13.0963991]}}, {"type": "Feature", "properties": {}, "geometry": {"type": "Point", "coordinates": [103.2123471, 13.0961081]}}, {"type": "Feature", "properties": {}, "geometry": {"type": "Point", "coordinates": [103.2140292, 13.0968215]}}, {"type": "Feature", "properties": {}, "geometry": {"type": "Point", "coordinates": [103.2136062, 13.0967473]}}, {"type": "Feature", "properties": {}, "geometry": {"type": "Point", "coordinates": [103.2135668, 13.0964334]}}, {"type": "Feature", "properties": {}, "geometry": {"type": "Point", "coordinates": [103.2135763, 13.0962387]}}, {"type": "Feature", "properties": {}, "geometry": {"type": "Point", "coordinates": [103.2135028, 13.095962]}}, {"type": "Feature", "properties": {}, "geometry": {"type": "Point", "coordinates": [103.2135355, 13.0957871]}}, {"type": "Feature", "properties": {}, "geometry": {"type": "Point", "coordinates": [103.2154829, 13.0958977]}}, {"type": "Feature", "properties": {}, "geometry": {"type": "Point", "coordinates": [103.2143037, 13.0965986]}}, {"type": "Feature", "properties": {}, "geometry": {"type": "Point", "coordinates": [103.214262, 13.0963059]}}, {"type": "Feature", "properties": {}, "geometry": {"type": "Point", "coordinates": [103.2142563, 13.0961164]}}, {"type": "Feature", "properties": {}, "geometry": {"type": "Point", "coordinates": [103.2141247, 13.0958528]}}, {"type": "Feature", "properties": {}, "geometry": {"type": "Point", "coordinates": [103.2143373, 13.095701]}}, {"type": "Feature", "properties": {}, "geometry": {"type": "Point", "coordinates": [103.2141139, 13.0956624]}}, {"type": "Feature", "properties": {}, "geometry": {"type": "Point", "coordinates": [103.2142345, 13.0952518]}}, {"type": "Feature", "properties": {}, "geometry": {"type": "Point", "coordinates": [103.215305, 13.0955529]}}, {"type": "Feature", "properties": {}, "geometry": {"type": "Point", "coordinates": [103.2152485, 13.0953822]}}, {"type": "Feature", "properties": {}, "geometry": {"type": "Point", "coordinates": [103.2151401, 13.0951014]}}, {"type": "Feature", "properties": {}, "geometry": {"type": "Point", "coordinates": [103.2151782, 13.0948986]}}, {"type": "Feature", "properties": {}, "geometry": {"type": "Point", "coordinates": [103.2164739, 13.0952145]}}, {"type": "Feature", "properties": {}, "geometry": {"type": "Point", "coordinates": [103.2165862, 13.0950079]}}, {"type": "Feature", "properties": {}, "geometry": {"type": "Point", "coordinates": [103.2166107, 13.0956731]}}, {"type": "Feature", "properties": {}, "geometry": {"type": "Point", "coordinates": [103.2166605, 13.0954938]}}, {"type": "Feature", "properties": {}, "geometry": {"type": "Point", "coordinates": [103.216768, 13.0961469]}}, {"type": "Feature", "properties": {}, "geometry": {"type": "Point", "coordinates": [103.2167172, 13.0959702]}}, {"type": "Feature", "properties": {}, "geometry": {"type": "Point", "coordinates": [103.216864, 13.0965371]}}, {"type": "Feature", "properties": {}, "geometry": {"type": "Point", "coordinates": [103.2169102, 13.0967172]}}, {"type": "Feature", "properties": {}, "geometry": {"type": "Point", "coordinates": [103.2171278, 13.0975834]}}, {"type": "Feature", "properties": {}, "geometry": {"type": "Point", "coordinates": [103.2170897, 13.0974059]}}, {"type": "Feature", "properties": {}, "geometry": {"type": "Point", "coordinates": [103.216993, 13.0971283]}}, {"type": "Feature", "properties": {}, "geometry": {"type": "Point", "coordinates": [103.2170595, 13.0969488]}}, {"type": "Feature", "properties": {}, "geometry": {"type": "Point", "coordinates": [103.2153402, 13.0979624]}}, {"type": "Feature", "properties": {}, "geometry": {"type": "Point", "coordinates": [103.215222, 13.0975375]}}, {"type": "Feature", "properties": {}, "geometry": {"type": "Point", "coordinates": [103.2150047, 13.0980645]}}, {"type": "Feature", "properties": {}, "geometry": {"type": "Point", "coordinates": [103.2148709, 13.0976151]}}, {"type": "Feature", "properties": {}, "geometry": {"type": "Point", "coordinates": [103.2154878, 13.0984795]}}, {"type": "Feature", "properties": {}, "geometry": {"type": "Point", "coordinates": [103.2156052, 13.0989155]}}, {"type": "Feature", "properties": {}, "geometry": {"type": "Point", "coordinates": [103.2168092, 13.0985938]}}, {"type": "Feature", "properties": {}, "geometry": {"type": "Point", "coordinates": [103.2171206, 13.0984982]}}, {"type": "Feature", "properties": {}, "geometry": {"type": "Point", "coordinates": [103.2164166, 13.0972064]}}, {"type": "Feature", "properties": {}, "geometry": {"type": "Point", "coordinates": [103.2160836, 13.0947604]}}, {"type": "Feature", "properties": {}, "geometry": {"type": "Point", "coordinates": [103.214693, 13.0947524]}}, {"type": "Feature", "properties": {}, "geometry": {"type": "Point", "coordinates": [103.2143859, 13.0938729]}}, {"type": "Feature", "properties": {}, "geometry": {"type": "Point", "coordinates": [103.2154272, 13.0945416]}}, {"type": "Feature", "properties": {}, "geometry": {"type": "Point", "coordinates": [103.2152743, 13.0943955]}}, {"type": "Feature", "properties": {}, "geometry": {"type": "Point", "coordinates": [103.215073, 13.0941997]}}, {"type": "Feature", "properties": {}, "geometry": {"type": "Point", "coordinates": [103.2148172, 13.0943008]}}, {"type": "Feature", "properties": {}, "geometry": {"type": "Point", "coordinates": [103.2164677, 13.094776]}}, {"type": "Feature", "properties": {}, "geometry": {"type": "Point", "coordinates": [103.2162868, 13.0946418]}}, {"type": "Feature", "properties": {}, "geometry": {"type": "Point", "coordinates": [103.2143933, 13.0971872]}}, {"type": "Feature", "properties": {}, "geometry": {"type": "Point", "coordinates": [103.2144135, 13.0973814]}}, {"type": "Feature", "properties": {}, "geometry": {"type": "Point", "coordinates": [103.2155208, 13.0962838]}}, {"type": "Feature", "properties": {}, "geometry": {"type": "Point", "coordinates": [103.2155737, 13.096465]}}, {"type": "Feature", "properties": {}, "geometry": {"type": "Point", "coordinates": [103.2156816, 13.096858]}}, {"type": "Feature", "properties": {}, "geometry": {"type": "Point", "coordinates": [103.2157293, 13.0970281]}}, {"type": "Feature", "properties": {}, "geometry": {"type": "Point", "coordinates": [103.2172254, 13.097913]}}, {"type": "Feature", "properties": {}, "geometry": {"type": "Point", "coordinates": [103.2172762, 13.0980893]}}, {"type": "Feature", "properties": {}, "geometry": {"type": "Point", "coordinates": [103.2143673, 13.0976669]}}, {"type": "Feature", "properties": {}, "geometry": {"type": "Point", "coordinates": [103.2144045, 13.097835]}}, {"type": "Feature", "properties": {}, "geometry": {"type": "Point", "coordinates": [103.2144936, 13.0982913]}}, {"type": "Feature", "properties": {}, "geometry": {"type": "Point", "coordinates": [103.2144589, 13.098114]}}, {"type": "Feature", "properties": {}, "geometry": {"type": "Point", "coordinates": [103.2145923, 13.0985529]}}, {"type": "Feature", "properties": {}, "geometry": {"type": "Point", "coordinates": [103.2161408, 13.0982117]}}, {"type": "Feature", "properties": {}, "geometry": {"type": "Point", "coordinates": [103.2161854, 13.0983828]}}, {"type": "Feature", "properties": {}, "geometry": {"type": "Point", "coordinates": [103.2162903, 13.0991035]}}, {"type": "Feature", "properties": {}, "geometry": {"type": "Point", "coordinates": [103.2161846, 13.0986696]}}, {"type": "Feature", "properties": {}, "geometry": {"type": "Point", "coordinates": [103.2162284, 13.098835]}}, {"type": "Feature", "properties": {}, "geometry": {"type": "Point", "coordinates": [103.2173844, 13.0988477]}}, {"type": "Feature", "properties": {}, "geometry": {"type": "Point", "coordinates": [103.2175213, 13.09882]}}, {"type": "Feature", "properties": {}, "geometry": {"type": "Point", "coordinates": [103.217647, 13.0987801]}}, {"type": "Feature", "properties": {}, "geometry": {"type": "Point", "coordinates": [103.217764, 13.0987452]}}, {"type": "Feature", "properties": {}, "geometry": {"type": "Point", "coordinates": [103.2174717, 13.0984982]}}, {"type": "Feature", "properties": {}, "geometry": {"type": "Point", "coordinates": [103.2174281, 13.0983308]}}, {"type": "Feature", "properties": {}, "geometry": {"type": "Point", "coordinates": [103.2158395, 13.0974562]}}, {"type": "Feature", "properties": {}, "geometry": {"type": "Point", "coordinates": [103.2157978, 13.0972816]}}, {"type": "Feature", "properties": {}, "geometry": {"type": "Point", "coordinates": [103.215995, 13.0976863]}}, {"type": "Feature", "properties": {}, "geometry": {"type": "Point", "coordinates": [103.2160357, 13.0978675]}}]}