{"type": "FeatureCollection", "features": [{"type": "Feature", "properties": {"highway": "tertiary"}, "geometry": {"type": "LineString", "coordinates": [[103.2132617, 13.1143818], [103.2129702, 13.1139049], [103.2128603, 13.1137438], [103.2125312, 13.1133933], [103.2121742, 13.1130428], [103.2118261, 13.1126238], [103.2116982, 13.1124032], [103.2116295, 13.1122288], [103.2114792, 13.1115429], [103.2112898, 13.1102953], [103.2110538, 13.1095265], [103.2108743, 13.1090198], [103.2107829, 13.1087617], [103.2105754, 13.1082886], [103.2103047, 13.1079534], [103.2098244, 13.1073682], [103.2095789, 13.106952], [103.2094984, 13.1068208], [103.2092833, 13.1065688], [103.2091552, 13.1064652], [103.2089809, 13.1063764], [103.2086167, 13.1062208], [103.2081869, 13.1060969], [103.2076749, 13.1060449], [103.207095, 13.1060226], [103.2069104, 13.1060147], [103.2064399, 13.1059482], [103.2052081, 13.1058403], [103.204915, 13.1058448], [103.2044905, 13.1058649], [103.2039735, 13.1059699], [103.2035012, 13.1061673], [103.2030814, 13.1062793], [103.2027672, 13.1062892], [103.2024368, 13.1061991], [103.2023056, 13.1061211], [103.2021698, 13.1059555], [103.2019085, 13.1054874]]}}, {"type": "Feature", "properties": {"highway": "tertiary"}, "geometry": {"type": "LineString", "coordinates": [[103.1571639, 13.0866527], [103.1570592, 13.0866912], [103.1567044, 13.08678], [103.1557891, 13.086994], [103.1555936, 13.0870472], [103.154395, 13.0873553], [103.154257, 13.0874059], [103.1536534, 13.0875587], [103.1523693, 13.0879353], [103.1522305, 13.0879648], [103.1494254, 13.0883745], [103.1463343, 13.0887817], [103.1461746, 13.0888027], [103.1460538, 13.0888322], [103.145681, 13.0889232], [103.1445169, 13.0893768], [103.1424409, 13.0904124], [103.1422028, 13.0905312]]}}, {"type": "Feature", "properties": {"highway": "tertiary"}, "geometry": {"type": "LineString", "coordinates": [[103.1917683, 13.0999099], [103.192531, 13.0998408], [103.1933292, 13.0997725], [103.1939609, 13.0996971], [103.1945809, 13.099623], [103.194626, 13.0996176], [103.1949375, 13.0995786], [103.195214, 13.0995377], [103.195761, 13.0994413], [103.1962184, 13.0993606], [103.1970334, 13.0992206], [103.1975982, 13.0991174], [103.1981542, 13.0990194], [103.1985787, 13.098943], [103.1990347, 13.098861]]}}, {"type": "Feature", "properties": {"highway": "residential"}, "geometry": {"type": "LineString", "coordinates": [[103.195214, 13.0995377], [103.1954586, 13.1008755], [103.1954787, 13.1009879], [103.1956081, 13.1017136], [103.1956595, 13.1019973], [103.1956962, 13.1021999], [103.1957632, 13.1025696], [103.1959196, 13.1034075]]}}, {"type": "Feature", "properties": {"highway": "residential"}, "geometry": {"type": "LineString", "coordinates": [[103.1947912, 13.0979168], [103.1949521, 13.0978452], [103.1959285, 13.0976947], [103.1967367, 13.097559]]}}, {"type": "Feature", "properties": {"highway": "tertiary"}, "geometry": {"type": "LineString", "coordinates": [[103.1996271, 13.102206], [103.1987483, 13.1023551], [103.1981895, 13.1024499], [103.1976271, 13.1025453]]}}, {"type": "Feature", "properties": {"highway": "tertiary"}, "geometry": {"type": "LineString", "coordinates": [[103.1975304, 13.1020037], [103.1980849, 13.1019099], [103.1986512, 13.1018129], [103.1995308, 13.1016623]]}}, {"type": "Feature", "properties": {"highway": "residential"}, "geometry": {"type": "LineString", "coordinates": [[103.1986512, 13.1018129], [103.198583, 13.1014094], [103.1983939, 13.1003662], [103.1981542, 13.0990194], [103.19786, 13.0973693], [103.1975506, 13.0956316], [103.1975303, 13.0955178]]}}, {"type": "Feature", "properties": {"highway": "residential"}, "geometry": {"type": "LineString", "coordinates": [[103.1994496, 13.1063162], [103.1994823, 13.1064958], [103.1996137, 13.1072712]]}}, {"type": "Feature", "properties": {"highway": "residential"}, "geometry": {"type": "LineString", "coordinates": [[103.1954586, 13.1008755], [103.1960353, 13.1007754], [103.196574, 13.1006819], [103.1972718, 13.1005552], [103.1978395, 13.1004624], [103.1983939, 13.1003662], [103.1988243, 13.1002915], [103.1992742, 13.1002134]]}}, {"type": "Feature", "properties": {"highway": "residential"}, "geometry": {"type": "LineString", "coordinates": [[103.1980849, 13.1019099], [103.1978395, 13.1004624], [103.1975982, 13.0991174], [103.197315, 13.0974611], [103.1969932, 13.0956141]]}}, {"type": "Feature", "properties": {"highway": "tertiary"}, "geometry": {"type": "LineString", "coordinates": [[103.1990855, 13.0916701], [103.1990964, 13.0916366], [103.1991868, 13.091359]]}}, {"type": "Feature", "properties": {"highway": "tertiary"}, "geometry": {"type": "LineString", "coordinates": [[103.2010168, 13.0920928], [103.2013964, 13.0910057], [103.2014298, 13.0908943], [103.2016395, 13.0901698], [103.2017172, 13.0897561], [103.2018918, 13.0888664], [103.2021153, 13.0878256], [103.2021654, 13.0875812], [103.2021878, 13.0873203], [103.2021632, 13.0866359], [103.2021278, 13.0863598], [103.2020846, 13.0861762], [103.2020688, 13.086109], [103.2019272, 13.0855944], [103.2016605, 13.0848247], [103.2013262, 13.0841882], [103.2012413, 13.0840138], [103.2012172, 13.0839197], [103.2012238, 13.0838186], [103.2012641, 13.0836767], [103.2013325, 13.083537], [103.2014105, 13.0834377], [103.2014827, 13.0833606], [103.2015592, 13.0832914], [103.2017009, 13.0831922], [103.2020008, 13.083], [103.2020822, 13.0829478], [103.2025556, 13.0826323], [103.2028988, 13.0821918], [103.2030277, 13.0819825], [103.2031296, 13.0817996], [103.2032476, 13.0815657], [103.2033484, 13.0812615], [103.2034984, 13.0804919], [103.2035334, 13.0802547], [103.2035159, 13.0799969], [103.20350253799526, 13.07986210479262]]}}, {"type": "Feature", "properties": {"highway": "residential"}, "geometry": {"type": "LineString", "coordinates": [[103.1947912, 13.0979168], [103.1948685, 13.0980303], [103.195761, 13.0994413], [103.196574, 13.1006819], [103.1970916, 13.1014697], [103.1972374, 13.1016869], [103.1973714, 13.1018834], [103.1975304, 13.1020037]]}}, {"type": "Feature", "properties": {"highway": "tertiary"}, "geometry": {"type": "LineString", "coordinates": [[103.1907417, 13.0951622], [103.1916713, 13.0950114], [103.1926392, 13.0948544], [103.1935088, 13.0947133], [103.1937476, 13.0946745], [103.1938974, 13.0946502], [103.193943, 13.0946439], [103.1944425, 13.0945618]]}}, {"type": "Feature", "properties": {"highway": "residential"}, "geometry": {"type": "LineString", "coordinates": [[103.1953489, 13.1071521], [103.1954323, 13.1075634], [103.1955147, 13.1079797], [103.1955374, 13.1080958], [103.1955656, 13.1082268], [103.1957371, 13.1091031], [103.1958948, 13.1098091], [103.1960341, 13.1104609], [103.1960874, 13.1107104]]}}, {"type": "Feature", "properties": {"highway": "residential"}, "geometry": {"type": "LineString", "coordinates": [[103.1998421, 13.0893834], [103.1998214, 13.0893753], [103.1988325, 13.0890663], [103.1984939, 13.0889535]]}}, {"type": "Feature", "properties": {"highway": "residential"}, "geometry": {"type": "LineString", "coordinates": [[103.1930226, 13.1058616], [103.1933782, 13.1058014], [103.1936728, 13.1057516], [103.1940173, 13.1056934], [103.1945437, 13.1056043], [103.1950352, 13.1055212], [103.1956527, 13.1054167], [103.1962614, 13.1053138], [103.1969549, 13.1051965], [103.1980669, 13.1050084]]}}, {"type": "Feature", "properties": {"highway": "residential"}, "geometry": {"type": "LineString", "coordinates": [[103.1973161, 13.1105458], [103.1971982, 13.109968], [103.1968002, 13.1080153], [103.196774, 13.1078842], [103.1967504, 13.1077651], [103.1966606, 13.1073237], [103.196646, 13.1072588], [103.1965609, 13.1068796]]}}, {"type": "Feature", "properties": {"highway": "residential"}, "geometry": {"type": "LineString", "coordinates": [[103.1994496, 13.1063162], [103.1993528, 13.1057162], [103.1992591, 13.105195], [103.1992471, 13.1051282], [103.1992035, 13.1048862], [103.1991277, 13.1044648], [103.199095, 13.1042831], [103.1989864, 13.1036783], [103.1988129, 13.1027143], [103.1987483, 13.1023551]]}}, {"type": "Feature", "properties": {"highway": "tertiary"}, "geometry": {"type": "LineString", "coordinates": [[103.199772, 13.0918492], [103.1996206, 13.0922947], [103.1994532, 13.0928117], [103.199394, 13.0929075], [103.19933, 13.0930895], [103.1991039, 13.0936378], [103.1989727, 13.0939046], [103.1989109, 13.0940082]]}}, {"type": "Feature", "properties": {"highway": "tertiary"}, "geometry": {"type": "LineString", "coordinates": [[103.1943591, 13.1073746], [103.1942951, 13.1070599], [103.1941755, 13.1064725], [103.1941282, 13.1062397], [103.1940173, 13.1056934], [103.1938948, 13.105093], [103.1938816, 13.1050277], [103.1937802, 13.1045296], [103.1937172, 13.1042108], [103.1936808, 13.104041]]}}, {"type": "Feature", "properties": {"highway": "residential"}, "geometry": {"type": "LineString", "coordinates": [[103.193339, 13.0873018], [103.1932577, 13.0867066], [103.193173, 13.0861113], [103.1931246, 13.0859926], [103.1930566, 13.0859066], [103.1930083, 13.0857851], [103.1929984, 13.085678], [103.1931599, 13.0843914]]}}, {"type": "Feature", "properties": {"highway": "residential"}, "geometry": {"type": "LineString", "coordinates": [[103.1998605, 13.1035354], [103.1994075, 13.1036095], [103.1989864, 13.1036783], [103.1984262, 13.1037699], [103.1978622, 13.103862], [103.1972328, 13.1039651], [103.1960488, 13.1041587], [103.1957653, 13.104205], [103.1948037, 13.1043622], [103.1940958, 13.104478], [103.1937802, 13.1045296], [103.1927692, 13.1046949]]}}, {"type": "Feature", "properties": {"highway": "residential"}, "geometry": {"type": "LineString", "coordinates": [[103.1953489, 13.1071521], [103.1952492, 13.1066124], [103.1951918, 13.1062965], [103.1950352, 13.1055212]]}}, {"type": "Feature", "properties": {"highway": "residential"}, "geometry": {"type": "LineString", "coordinates": [[103.206234, 13.0972083], [103.2061505, 13.0967466], [103.205975, 13.0959998]]}}, {"type": "Feature", "properties": {"highway": "tertiary"}, "geometry": {"type": "LineString", "coordinates": [[103.2106922, 13.0938322], [103.2106818, 13.0939157], [103.2107856, 13.0942654], [103.2108424, 13.094457], [103.2110106, 13.0950092], [103.2112015, 13.0956591], [103.2113822, 13.0963889], [103.2114979, 13.0968804], [103.2115146, 13.0969512], [103.2116019, 13.0973844], [103.2116246, 13.0974833], [103.2117299, 13.0979558], [103.211751, 13.0980504], [103.2119526, 13.0989552], [103.212223, 13.0999589], [103.2122987, 13.1002386], [103.2123372, 13.1003808], [103.212552, 13.1011748], [103.2126845, 13.1016483], [103.2128108, 13.1020999], [103.2128603, 13.1022769], [103.2129784, 13.1027472], [103.2132055, 13.1036262], [103.2133492, 13.1041431], [103.213525, 13.1047376], [103.2136793, 13.1052863], [103.2137034, 13.1053821], [103.2138094, 13.1057561], [103.2139104, 13.1061124], [103.2139293, 13.1061796], [103.2141595, 13.1069963], [103.2141997, 13.1071515], [103.2143991, 13.1079217], [103.2144384, 13.108052], [103.2145928, 13.1086657], [103.2146733, 13.1089441], [103.2149291, 13.1098293], [103.2149576, 13.1101517], [103.2148913, 13.1113678], [103.2148842, 13.1116563], [103.2148817, 13.1117596], [103.2148479, 13.1127602], [103.2148514, 13.1129905], [103.2149265, 13.1136788], [103.2148129, 13.113796], [103.2143214, 13.1140157], [103.2138436, 13.1140821], [103.2137471, 13.114114], [103.2132617, 13.1143818], [103.213058, 13.1144659]]}}, {"type": "Feature", "properties": {"highway": "residential"}, "geometry": {"type": "LineString", "coordinates": [[103.1960874, 13.1107104], [103.1973161, 13.1105458], [103.1981557, 13.1104], [103.1984127, 13.110355], [103.1989928, 13.1102534], [103.2000643, 13.1100649], [103.2008659, 13.1099242], [103.2031453, 13.109524], [103.2045847, 13.1092739], [103.2052572, 13.1091532], [103.2053128, 13.1091434], [103.2057631, 13.1090643], [103.2063696, 13.108988]]}}, {"type": "Feature", "properties": {"highway": "residential"}, "geometry": {"type": "LineString", "coordinates": [[103.203941, 13.1140658], [103.2035768, 13.1119905], [103.2033891, 13.1108756], [103.2031453, 13.109524], [103.2029957, 13.108695]]}}, {"type": "Feature", "properties": {"highway": "residential"}, "geometry": {"type": "LineString", "coordinates": [[103.209639, 13.0820933], [103.2096215, 13.0822245], [103.2095794, 13.0825406], [103.209567, 13.08265], [103.2093085, 13.0845735], [103.2092656, 13.0848956], [103.2091444, 13.0858047], [103.2090763, 13.086316]]}}, {"type": "Feature", "properties": {"highway": "residential"}, "geometry": {"type": "LineString", "coordinates": [[103.1970408, 13.1153758], [103.198269, 13.1151326], [103.1989283, 13.1150134], [103.1997797, 13.1148596], [103.2009212, 13.1146383], [103.2014943, 13.1145322], [103.2016773, 13.1144983], [103.2017435, 13.1144894], [103.2028373, 13.1142611], [103.203941, 13.1140658], [103.2050952, 13.1138552], [103.2054279, 13.1138041], [103.2082008, 13.1133786], [103.208302, 13.1133604], [103.2089471, 13.1132361], [103.2097401, 13.1130231], [103.2107568, 13.1128396]]}}, {"type": "Feature", "properties": {"highway": "residential"}, "geometry": {"type": "LineString", "coordinates": [[103.2083921, 13.1079585], [103.2072457, 13.1094165], [103.2072356, 13.1094231]]}}, {"type": "Feature", "properties": {"highway": "residential"}, "geometry": {"type": "LineString", "coordinates": [[103.22201281359456, 13.080628885662074], [103.2218429, 13.0806838], [103.2209316, 13.0809775], [103.2198721, 13.0813299], [103.2196057, 13.0814122], [103.2187503, 13.0816912], [103.2176732, 13.0820434], [103.2165332, 13.0824158], [103.2164356, 13.0824475], [103.2155248, 13.0827437], [103.2146289, 13.0830595], [103.2137344, 13.0833566], [103.2127969, 13.0836394], [103.2111998, 13.0842185], [103.2092656, 13.0848956]]}}, {"type": "Feature", "properties": {"highway": "residential"}, "geometry": {"type": "LineString", "coordinates": [[103.2142345, 13.0867152], [103.2138955, 13.0857211]]}}, {"type": "Feature", "properties": {"highway": "tertiary"}, "geometry": {"type": "LineString", "coordinates": [[103.22346687481101, 13.08158605880366], [103.2234512, 13.0815913], [103.223362, 13.0816211], [103.222296, 13.0819776], [103.220989, 13.0824027], [103.2203122, 13.0826228], [103.2176469, 13.0834943], [103.2171892, 13.0836517], [103.215983, 13.0840508], [103.2150689, 13.0843523], [103.2141802, 13.0846529], [103.2138268, 13.0847663], [103.2132508, 13.0849512], [103.2116327, 13.0854851], [103.2107407, 13.085794], [103.2095343, 13.0861723], [103.2090763, 13.086316]]}}, {"type": "Feature", "properties": {"highway": "residential"}, "geometry": {"type": "LineString", "coordinates": [[103.1877354, 13.1124688], [103.1884025, 13.1124716], [103.1884633, 13.1124108], [103.1885011, 13.1123943], [103.1885317, 13.112391], [103.1895196, 13.1124158], [103.1897841, 13.1124265], [103.1910282, 13.1124768], [103.1913199, 13.1124996], [103.1915137, 13.1125118], [103.1922763, 13.11256], [103.1924773, 13.1125565], [103.1937347, 13.1126097], [103.1937823, 13.1126117], [103.1941414, 13.1125901], [103.1944406, 13.1125496]]}}, {"type": "Feature", "properties": {"highway": "residential"}, "geometry": {"type": "LineString", "coordinates": [[103.2072356, 13.1094231], [103.2074014, 13.1101234], [103.2076414, 13.1112844]]}}, {"type": "Feature", "properties": {"highway": "residential"}, "geometry": {"type": "LineString", "coordinates": [[103.2024247, 13.1122204], [103.2028373, 13.1142611], [103.2032328, 13.1163534]]}}, {"type": "Feature", "properties": {"highway": "residential"}, "geometry": {"type": "LineString", "coordinates": [[103.2106058, 13.0825082], [103.2111998, 13.0842185], [103.2114838, 13.0850534], [103.2116327, 13.0854851]]}}, {"type": "Feature", "properties": {"highway": "tertiary"}, "geometry": {"type": "LineString", "coordinates": [[103.2169104, 13.0866958], [103.2159807, 13.0870081], [103.2154343, 13.08719], [103.215092, 13.087304], [103.2147812, 13.0874074], [103.2125437, 13.0881522], [103.2116273, 13.0884575], [103.210032, 13.0889886]]}}, {"type": "Feature", "properties": {"highway": "residential"}, "geometry": {"type": "LineString", "coordinates": [[103.1982028, 13.1057693], [103.1977331, 13.1058531], [103.1967714, 13.1060052], [103.1964079, 13.1060862], [103.1957997, 13.1061915], [103.1951918, 13.1062965], [103.1948979, 13.1063473], [103.1946873, 13.1063837], [103.1941755, 13.1064725], [103.1938462, 13.1065292], [103.1935504, 13.1065803], [103.1931916, 13.1066395]]}}, {"type": "Feature", "properties": {"highway": "residential"}, "geometry": {"type": "LineString", "coordinates": [[103.1996196, 13.1075358], [103.1994696, 13.1075609], [103.1988074, 13.107672], [103.1986875, 13.1076921], [103.1985685, 13.1077121]]}}, {"type": "Feature", "properties": {"highway": "residential"}, "geometry": {"type": "LineString", "coordinates": [[103.2044279, 13.1084837], [103.2047607, 13.1077522], [103.2050225, 13.1071766], [103.2051014, 13.1070405], [103.2051847, 13.1069681], [103.2054332, 13.1069401], [103.2055954, 13.1069353], [103.2059168, 13.10697], [103.206246, 13.1070156], [103.206345, 13.1070538], [103.2069102, 13.1072779], [103.20724, 13.1074424], [103.2073528, 13.1074986]]}}, {"type": "Feature", "properties": {"highway": "residential"}, "geometry": {"type": "LineString", "coordinates": [[103.2122702, 13.0873514], [103.212617, 13.0872447], [103.2132771, 13.0870279], [103.2139428, 13.0868106], [103.2142345, 13.0867152], [103.2148212, 13.0865165]]}}, {"type": "Feature", "properties": {"highway": "residential"}, "geometry": {"type": "LineString", "coordinates": [[103.2025556, 13.0826323], [103.2026562, 13.0827922]]}}, {"type": "Feature", "properties": {"highway": "tertiary"}, "geometry": {"type": "LineString", "coordinates": [[103.2122526, 13.1147147], [103.2120534, 13.1147509], [103.2103039, 13.1150687], [103.2097422, 13.1151708], [103.2087708, 13.1153473], [103.2085481, 13.1153877], [103.2077887, 13.1155257], [103.2070913, 13.1156524], [103.206151, 13.1158232], [103.2058243, 13.1158825], [103.2057232, 13.1159009], [103.2048613, 13.1160575], [103.2044197, 13.1161377], [103.204003, 13.1162134], [103.2032328, 13.1163534], [103.2020908, 13.1165608], [103.2015564, 13.1166579], [103.2011586, 13.1167302], [103.2003369, 13.1168799], [103.2002355, 13.1168979], [103.2001306, 13.116917], [103.1995016, 13.1170312], [103.1986228, 13.1171909], [103.1984021, 13.117231], [103.1974469, 13.1174045], [103.1974183, 13.1174097], [103.1968894, 13.1175058], [103.1967229, 13.117536], [103.1965435, 13.1175805], [103.19593, 13.1176801], [103.1955337, 13.1177521], [103.1953874, 13.1177947], [103.19491, 13.1178654], [103.1946995, 13.117903], [103.1943113, 13.1179742], [103.1931524, 13.1181723], [103.1923925, 13.1183227], [103.1921785, 13.1183616], [103.1910235, 13.1185718], [103.1908824, 13.1185971], [103.1895875, 13.1188323], [103.1895632, 13.1188368], [103.1890744, 13.1189255], [103.1880338, 13.1191146], [103.1875076, 13.1192102]]}}, {"type": "Feature", "properties": {"highway": "tertiary"}, "geometry": {"type": "LineString", "coordinates": [[103.2004622, 13.0875131], [103.2005299, 13.0873093], [103.2006268, 13.0870027], [103.2006598, 13.0868932], [103.2006872, 13.0867737], [103.2007012, 13.0866661], [103.2007054, 13.0865674], [103.2007005, 13.086458], [103.2006826, 13.0863333], [103.2006283, 13.0861428], [103.200547, 13.0858852], [103.2004578, 13.0856057], [103.200278, 13.085125], [103.2001523, 13.084693], [103.2000581, 13.0843563], [103.2000258, 13.0842024], [103.2000167, 13.0840088], [103.2000293, 13.0837934], [103.2000515, 13.0835815], [103.2000983, 13.0833501], [103.2001319, 13.083233], [103.200168, 13.0831144], [103.2002671, 13.0828973], [103.2003948, 13.0826732], [103.200447, 13.0826062], [103.2008338, 13.0822625], [103.2012613, 13.0818732], [103.2014219, 13.0817333], [103.201685, 13.0815041], [103.2018916, 13.0813039], [103.202009, 13.0811719], [103.2021466, 13.0809945], [103.2022039, 13.0809005], [103.202252, 13.080768], [103.2022754, 13.0805646], [103.2022631, 13.0804384], [103.202239, 13.0802937], [103.2021469, 13.0800024], [103.2021061, 13.0798738], [103.2019915, 13.0794877], [103.2018109, 13.0788791], [103.2016564, 13.0776036], [103.2016269, 13.0773597], [103.2016323, 13.0772813], [103.2016531, 13.0771896], [103.2017072, 13.0770376]]}}, {"type": "Feature", "properties": {"highway": "residential"}, "geometry": {"type": "LineString", "coordinates": [[103.1956527, 13.1054167], [103.1957997, 13.1061915], [103.1959564, 13.1070155]]}}, {"type": "Feature", "properties": {"highway": "residential"}, "geometry": {"type": "LineString", "coordinates": [[103.2121625, 13.0783666], [103.2121711, 13.0787415], [103.2122093, 13.0789105], [103.2131448, 13.0816349], [103.2135472, 13.0828098], [103.2137344, 13.0833566], [103.2140335, 13.0842263], [103.2141802, 13.0846529], [103.2142946, 13.0849887], [103.2143655, 13.0851915], [103.2144808, 13.0855267], [103.2148212, 13.0865165], [103.215092, 13.087304]]}}, {"type": "Feature", "properties": {"highway": "tertiary"}, "geometry": {"type": "LineString", "coordinates": [[103.2172776, 13.0877434], [103.2172276, 13.0876007], [103.2169104, 13.0866958], [103.2163459, 13.0850857], [103.216124, 13.0844528], [103.215983, 13.0840508], [103.2158209, 13.0835883], [103.2155248, 13.0827437], [103.2153631, 13.0822825], [103.2149271, 13.081039], [103.2147678, 13.0805847], [103.214747, 13.0805253], [103.2141372, 13.078786], [103.2141597, 13.0786243]]}}, {"type": "Feature", "properties": {"highway": "residential"}, "geometry": {"type": "LineString", "coordinates": [[103.1985202, 13.1074582], [103.1986433, 13.1074371], [103.19942, 13.1073047], [103.1995972, 13.1072745]]}}, {"type": "Feature", "properties": {"highway": "residential"}, "geometry": {"type": "LineString", "coordinates": [[103.1948698, 13.1072598], [103.1947612, 13.1067393], [103.1946873, 13.1063837], [103.1946439, 13.1061483], [103.1945437, 13.1056043]]}}, {"type": "Feature", "properties": {"highway": "residential"}, "geometry": {"type": "LineString", "coordinates": [[103.2000175, 13.104288], [103.1991277, 13.1044648]]}}, {"type": "Feature", "properties": {"highway": "residential"}, "geometry": {"type": "LineString", "coordinates": [[103.200278, 13.085125], [103.1996062, 13.0853256], [103.1990574, 13.0854758], [103.1989189, 13.0854382]]}}, {"type": "Feature", "properties": {"highway": "residential"}, "geometry": {"type": "LineString", "coordinates": [[103.2005565, 13.1125559], [103.2012563, 13.1124403], [103.2012973, 13.112433], [103.2024247, 13.1122204], [103.2035768, 13.1119905], [103.2045548, 13.1118255], [103.2050519, 13.1117384], [103.2076414, 13.1112844], [103.2088279, 13.111071], [103.2099924, 13.1108354]]}}, {"type": "Feature", "properties": {"highway": "tertiary"}, "geometry": {"type": "LineString", "coordinates": [[103.1985596, 13.1077142], [103.1987853, 13.1090421], [103.1989928, 13.1102534], [103.1992337, 13.1116637], [103.1994214, 13.1127625], [103.1995767, 13.1136713], [103.1997797, 13.1148596], [103.2000278, 13.1163113], [103.2000725, 13.1165729], [103.2001098, 13.1167915], [103.2001259, 13.1168858], [103.2001306, 13.116917]]}}, {"type": "Feature", "properties": {"highway": "primary"}, "geometry": {"type": "LineString", "coordinates": [[103.2007048, 13.1060324], [103.2018033, 13.1055416]]}}, {"type": "Feature", "properties": {"highway": "tertiary"}, "geometry": {"type": "LineString", "coordinates": [[103.2110441, 13.1273485], [103.2106961, 13.1274554], [103.2098206, 13.1276946], [103.2096284, 13.1277119], [103.2094262, 13.1277072], [103.2090798, 13.1277143], [103.2089881, 13.1277403], [103.2088947, 13.1278031], [103.2086691, 13.1279984], [103.2083368, 13.1283621], [103.208082, 13.128558], [103.2078996, 13.128733], [103.207626, 13.1292763], [103.2075, 13.1294487], [103.207221, 13.1295846], [103.2068884, 13.1296237], [103.206006, 13.1296812], [103.2055956, 13.1297413], [103.2054541, 13.1297754], [103.2051872, 13.1298398], [103.2048446, 13.129966], [103.2045174, 13.1301462], [103.2042635, 13.1303168], [103.2040197, 13.130403], [103.2038019, 13.1304618], [103.2035512, 13.1305097], [103.2032385, 13.1305411], [103.2028328, 13.1305361], [103.2026346, 13.1305148], [103.2022632, 13.130475], [103.2021194, 13.1304505]]}}, {"type": "Feature", "properties": {"highway": "tertiary"}, "geometry": {"type": "LineString", "coordinates": [[103.2005957, 13.1060754], [103.2005498, 13.1059751], [103.2005046, 13.1058488]]}}, {"type": "Feature", "properties": {"highway": "tertiary"}, "geometry": {"type": "LineString", "coordinates": [[103.213058, 13.1144659], [103.2122526, 13.1147147]]}}, {"type": "Feature", "properties": {"highway": "residential"}, "geometry": {"type": "LineString", "coordinates": [[103.1943375, 13.0928915], [103.1942143, 13.0928477], [103.1941723, 13.0927821], [103.1940251, 13.0920977], [103.1937446, 13.0900213], [103.193339, 13.0873018]]}}, {"type": "Feature", "properties": {"highway": "secondary"}, "geometry": {"type": "LineString", "coordinates": [[103.2021486, 13.0770864], [103.20247572592488, 13.077123692603228]]}}, {"type": "Feature", "properties": {"highway": "tertiary"}, "geometry": {"type": "LineString", "coordinates": [[103.2146024, 13.1394455], [103.2147369, 13.139368], [103.2148415, 13.1393001], [103.2149182, 13.1392281], [103.2149729, 13.1391617], [103.2150186, 13.1390784], [103.215048, 13.139005], [103.2151204, 13.1387359], [103.2152089, 13.1384303], [103.2152645, 13.1382455], [103.2153779, 13.1378949], [103.2155201, 13.1375501], [103.2156408, 13.1372863], [103.215799, 13.1369192], [103.2158527, 13.1367717], [103.2159063, 13.1366098], [103.2159616, 13.136409], [103.2160109, 13.1361997], [103.2160673, 13.1359515], [103.2161075, 13.13574], [103.2161289, 13.1355961], [103.216137, 13.1354761], [103.2161441, 13.1353424], [103.2161343, 13.1351575], [103.2161182, 13.1349851], [103.2161021, 13.1348597], [103.2160829, 13.1347576], [103.2160512, 13.1346586], [103.216019, 13.134575], [103.2158715, 13.1342615], [103.2157534, 13.1340447], [103.215659, 13.1338904], [103.2154396, 13.1335955], [103.2153028, 13.1334309], [103.2152277, 13.1333316], [103.2151687, 13.1332481], [103.2151227, 13.1331573], [103.2149121, 13.1327486], [103.2144298, 13.1317491], [103.2141643, 13.1313246], [103.2135939, 13.1304126], [103.2133418, 13.1301096], [103.2131916, 13.1300495], [103.2130403, 13.1300719], [103.2124955, 13.1302921], [103.2124354, 13.1303017], [103.2123711, 13.1302894], [103.2120386, 13.1300062], [103.2117893, 13.1296955], [103.21175, 13.1296275], [103.2117605, 13.1292002], [103.2117342, 13.1291218], [103.2114079, 13.1287646], [103.2112968, 13.128643], [103.2111941, 13.1284411], [103.2110441, 13.1273485], [103.2110844, 13.1272434], [103.2111486, 13.1271348], [103.2113953, 13.1267761], [103.211694, 13.126388], [103.2118257, 13.1262409], [103.211979, 13.1261146], [103.2121895, 13.1260027], [103.2125191, 13.125889], [103.2129594, 13.1257177], [103.2130632, 13.1256469], [103.213156, 13.1255631], [103.2132268, 13.1254483], [103.2132724, 13.1253392], [103.2133247, 13.1251701], [103.2133612, 13.1250242], [103.2135506, 13.123512], [103.2136452, 13.123006], [103.213737, 13.1226237], [103.2137794, 13.1224216], [103.2138607, 13.1220119], [103.2139029, 13.121799], [103.2138682, 13.1216907], [103.213776, 13.1216195], [103.2129874, 13.1215351], [103.2127479, 13.1215095], [103.2125844, 13.1214266], [103.2124679, 13.1212558], [103.212386, 13.1210359], [103.2123904, 13.1209264], [103.2124094, 13.1204519], [103.2123365, 13.120272], [103.211881, 13.1196335], [103.2117489, 13.119271], [103.2116212, 13.1188594], [103.2115699, 13.118521], [103.2115663, 13.1183951], [103.2115846, 13.1181715], [103.2116856, 13.1178028], [103.2118259, 13.1173416], [103.2119167, 13.1170573], [103.2121806, 13.1162308], [103.2123032, 13.1158274], [103.212393, 13.115532], [103.2124183, 13.1153418], [103.2123134, 13.115089], [103.2120534, 13.1147509]]}}, {"type": "Feature", "properties": {"highway": "residential"}, "geometry": {"type": "LineString", "coordinates": [[103.185236, 13.1122734], [103.185255, 13.1103027], [103.185261, 13.1096782], [103.1852619, 13.1096444], [103.1852654, 13.1092803], [103.1852685, 13.1085159], [103.1852687, 13.108477], [103.1852491, 13.1073574], [103.185357, 13.106602], [103.1853705, 13.1064253]]}}, {"type": "Feature", "properties": {"highway": "residential"}, "geometry": {"type": "LineString", "coordinates": [[103.2082678, 13.1197071], [103.2080161, 13.1177265], [103.2078597, 13.1163194], [103.2077887, 13.1155257]]}}, {"type": "Feature", "properties": {"highway": "residential"}, "geometry": {"type": "LineString", "coordinates": [[103.2009773, 13.1209158], [103.2023152, 13.1206994], [103.2031576, 13.1205551], [103.2042078, 13.1204081], [103.2052245, 13.1202318], [103.2062752, 13.12006], [103.2073465, 13.119887], [103.2082678, 13.1197071], [103.2085297, 13.1196431], [103.2089888, 13.1195309], [103.2095126, 13.1194029], [103.2103353, 13.1192018], [103.2109037, 13.1190567], [103.210944, 13.1190464], [103.2116212, 13.1188594]]}}, {"type": "Feature", "properties": {"highway": "residential"}, "geometry": {"type": "LineString", "coordinates": [[103.2002757, 13.1114657], [103.2001651, 13.1107327], [103.2000643, 13.1100649], [103.1996476, 13.1075356]]}}, {"type": "Feature", "properties": {"highway": "residential"}, "geometry": {"type": "LineString", "coordinates": [[103.2004488, 13.107396], [103.2008659, 13.1099242], [103.2011385, 13.1112814]]}}, {"type": "Feature", "properties": {"highway": "residential"}, "geometry": {"type": "LineString", "coordinates": [[103.2045847, 13.1092739], [103.204822, 13.1106116]]}}, {"type": "Feature", "properties": {"highway": "residential"}, "geometry": {"type": "LineString", "coordinates": [[103.2057631, 13.1090643], [103.2060526, 13.1103836]]}}, {"type": "Feature", "properties": {"highway": "residential"}, "geometry": {"type": "LineString", "coordinates": [[103.2035012, 13.1061673], [103.2034219, 13.1056927], [103.2033245, 13.1048921]]}}, {"type": "Feature", "properties": {"highway": "residential"}, "geometry": {"type": "LineString", "coordinates": [[103.198269, 13.1151326], [103.1980794, 13.1141474], [103.1978704, 13.1130613], [103.1975828, 13.1119759], [103.1974335, 13.1111585], [103.1973161, 13.1105458]]}}, {"type": "Feature", "properties": {"highway": "residential"}, "geometry": {"type": "LineString", "coordinates": [[103.2069024, 13.1080257], [103.2063682, 13.1089682], [103.2063696, 13.108988]]}}, {"type": "Feature", "properties": {"highway": "residential"}, "geometry": {"type": "LineString", "coordinates": [[103.2044905, 13.1058649], [103.2046384, 13.1052807], [103.2046906, 13.104914], [103.2046828, 13.1047469], [103.2046595, 13.1046581], [103.2045415, 13.1043422]]}}, {"type": "Feature", "properties": {"highway": "residential"}, "geometry": {"type": "LineString", "coordinates": [[103.2054233, 13.1039438], [103.2054338, 13.1041849], [103.2054259, 13.1043746], [103.2053716, 13.1046974], [103.2053699, 13.1049188], [103.2053501, 13.1052029], [103.2052407, 13.1056285], [103.2052081, 13.1058403]]}}, {"type": "Feature", "properties": {"highway": "residential"}, "geometry": {"type": "LineString", "coordinates": [[103.2064399, 13.1059482], [103.2065226, 13.1056044], [103.206536, 13.1055195], [103.2065481, 13.1054307], [103.2065602, 13.105257], [103.2065655, 13.1050833], [103.2065776, 13.1048939], [103.2066134, 13.1045246], [103.2067116, 13.1034658], [103.2067156, 13.1034512], [103.2067238, 13.1034362], [103.2066634, 13.1033879]]}}, {"type": "Feature", "properties": {"highway": "residential"}, "geometry": {"type": "LineString", "coordinates": [[103.209056, 13.0995213], [103.2096366, 13.0993561], [103.2107808, 13.0991536], [103.2109131, 13.0991289], [103.2110371, 13.0991057], [103.2114242, 13.0990473], [103.2119526, 13.0989552], [103.212231, 13.0989063], [103.2135794, 13.0987136], [103.2137183, 13.0986973], [103.2137595, 13.0986898], [103.2137797, 13.0986914], [103.2137998, 13.0986986], [103.2138162, 13.0987166], [103.2138236, 13.0987414], [103.2138457, 13.0988501], [103.2138571, 13.0988658], [103.2138752, 13.0988723], [103.2139041, 13.0988782], [103.2139423, 13.0988665], [103.2140703, 13.0988384], [103.2141361, 13.0988116], [103.2141803, 13.0988031], [103.2142004, 13.0987998], [103.2142266, 13.0988149], [103.2142427, 13.0988299], [103.2142755, 13.0988769], [103.2143016, 13.0989803], [103.2143573, 13.0992008], [103.214412, 13.0994044], [103.214453, 13.0995573]]}}, {"type": "Feature", "properties": {"highway": "residential"}, "geometry": {"type": "LineString", "coordinates": [[103.2090785, 13.0942853], [103.2091251, 13.0943064], [103.2101503, 13.093944], [103.2104802, 13.0938577], [103.2106922, 13.0938322]]}}, {"type": "Feature", "properties": {"highway": "residential"}, "geometry": {"type": "LineString", "coordinates": [[103.2004141, 13.0992093], [103.2015314, 13.0990256], [103.2039629, 13.0986259], [103.2045531, 13.0985289], [103.2049561, 13.0984626], [103.206398, 13.0982256], [103.2074772, 13.0980482]]}}, {"type": "Feature", "properties": {"highway": "residential"}, "geometry": {"type": "LineString", "coordinates": [[103.2096759, 13.101413], [103.2089464, 13.1015253], [103.2079396, 13.101684], [103.2070728, 13.1018007], [103.2069734, 13.1018082]]}}, {"type": "Feature", "properties": {"highway": "residential"}, "geometry": {"type": "LineString", "coordinates": [[103.2069323, 13.1028497], [103.2073184, 13.1028792], [103.2077675, 13.102851], [103.2078945, 13.1028366], [103.2085377, 13.1027701], [103.2085994, 13.1027845], [103.2086771, 13.1028419], [103.2086849, 13.1029357], [103.2086496, 13.1033296], [103.2086142, 13.1035075], [103.2086026, 13.1035814], [103.2085846, 13.1039377], [103.2085484, 13.1041659], [103.2084727, 13.1043574], [103.2082154, 13.1049931], [103.2079731, 13.1054834], [103.2076749, 13.1060449]]}}, {"type": "Feature", "properties": {"highway": "residential"}, "geometry": {"type": "LineString", "coordinates": [[103.2078945, 13.1028366], [103.2079396, 13.101684], [103.2080445, 13.0997036], [103.2080844, 13.0996125], [103.2081347, 13.0995459], [103.2081863, 13.0995198], [103.2086354, 13.0995671], [103.20885, 13.0995666], [103.209056, 13.0995213]]}}, {"type": "Feature", "properties": {"highway": "residential"}, "geometry": {"type": "LineString", "coordinates": [[103.2102197, 13.1030728], [103.2108772, 13.1028732], [103.2111561, 13.1028131], [103.2115373, 13.1027389], [103.2116568, 13.1027068], [103.21172, 13.1026671], [103.2117504, 13.1026109], [103.2117736, 13.1023423]]}}, {"type": "Feature", "properties": {"highway": "residential"}, "geometry": {"type": "LineString", "coordinates": [[103.2086167, 13.1062208], [103.2089526, 13.1055357], [103.2090815, 13.1051185], [103.2092249, 13.1046843]]}}, {"type": "Feature", "properties": {"highway": "residential"}, "geometry": {"type": "LineString", "coordinates": [[103.2099843, 13.1023543], [103.2104561, 13.1021966], [103.2106465, 13.102147], [103.2107772, 13.1021478], [103.2110114, 13.1023146], [103.2113118, 13.1023486], [103.2114566, 13.1023466], [103.2117736, 13.1023423], [103.2120399, 13.1023387], [103.2124303, 13.1023334], [103.2128603, 13.1022769]]}}, {"type": "Feature", "properties": {"highway": "residential"}, "geometry": {"type": "LineString", "coordinates": [[103.2112898, 13.1102953], [103.2129532, 13.1101227], [103.2129752, 13.1101099], [103.2129921, 13.1100931], [103.2129819, 13.1099993]]}}, {"type": "Feature", "properties": {"highway": "residential"}, "geometry": {"type": "LineString", "coordinates": [[103.2115206, 13.1070428], [103.2120198, 13.1068388], [103.2121004, 13.1067945], [103.2123215, 13.1066657], [103.2124067, 13.1066076], [103.2124677, 13.1065886], [103.2125368, 13.1066056], [103.2125992, 13.1066435], [103.2126682, 13.1066938], [103.2127581, 13.1067238], [103.2128613, 13.1067153], [103.2129572, 13.106684], [103.2131604, 13.106603], [103.2132308, 13.1065612], [103.2132516, 13.106524], [103.2132637, 13.1064691], [103.2132227, 13.1063672], [103.2131892, 13.106268], [103.2131544, 13.106187], [103.213082, 13.1060015]]}}, {"type": "Feature", "properties": {"highway": "residential"}, "geometry": {"type": "LineString", "coordinates": [[103.2107829, 13.1087617], [103.2112402, 13.1085957], [103.2117628, 13.108494], [103.2121619, 13.1085488], [103.2126171, 13.1087019], [103.2127226, 13.1087234], [103.2128197, 13.1087321], [103.2129279, 13.1087058], [103.2131567, 13.1086764], [103.2132354, 13.1086663], [103.2134213, 13.1086581]]}}, {"type": "Feature", "properties": {"highway": "residential"}, "geometry": {"type": "LineString", "coordinates": [[103.2117628, 13.108494], [103.2117472, 13.1083864], [103.2116992, 13.1080553], [103.2116443, 13.1079579]]}}, {"type": "Feature", "properties": {"highway": "residential"}, "geometry": {"type": "LineString", "coordinates": [[103.21715250885873, 13.11139300650604], [103.21563, 13.1116421], [103.2148817, 13.1117596]]}}, {"type": "Feature", "properties": {"highway": "residential"}, "geometry": {"type": "LineString", "coordinates": [[103.22972292332612, 13.105497060212931], [103.2278194, 13.1058082], [103.2254362, 13.106204], [103.2241943, 13.1064195], [103.2227178, 13.1066611], [103.2209364, 13.1069554], [103.2199475, 13.1071391], [103.2188522, 13.1073165], [103.2184942, 13.1073745], [103.2183824, 13.1073926], [103.217466, 13.1075411], [103.2164045, 13.107713], [103.2144384, 13.108052]]}}, {"type": "Feature", "properties": {"highway": "residential"}, "geometry": {"type": "LineString", "coordinates": [[103.2129784, 13.1027472], [103.2149311, 13.1024165], [103.215788, 13.1022424]]}}, {"type": "Feature", "properties": {"highway": "residential"}, "geometry": {"type": "LineString", "coordinates": [[103.2083402, 13.0973367], [103.2086433, 13.0972633], [103.2087871, 13.0972468], [103.2089341, 13.0972543], [103.2093525, 13.0972977], [103.209646, 13.097301], [103.2100199, 13.0972611], [103.2101236, 13.097247], [103.2104588, 13.0972017], [103.2115146, 13.0969512]]}}, {"type": "Feature", "properties": {"highway": "residential"}, "geometry": {"type": "LineString", "coordinates": [[103.2127133, 13.0955247], [103.2127764, 13.0952269], [103.2128072, 13.0949775], [103.2128265, 13.0947618], [103.2129481, 13.0945248], [103.2130208, 13.0944639], [103.2135248, 13.0946416], [103.2138719, 13.0947995], [103.2139001, 13.0948017], [103.2139269, 13.0948008], [103.2141956, 13.0947238]]}}, {"type": "Feature", "properties": {"highway": "residential"}, "geometry": {"type": "LineString", "coordinates": [[103.2132055, 13.1036262], [103.2151762, 13.1032909], [103.2154981, 13.1032362], [103.2157878, 13.1031869], [103.2160934, 13.1031349], [103.2165273, 13.1030611], [103.2166878, 13.1030338], [103.2169826, 13.1029548], [103.2172275, 13.1029169], [103.2174547, 13.1028805], [103.2190533, 13.1026241], [103.2197861, 13.1025066], [103.2218151, 13.1021539], [103.2222924, 13.1020709], [103.2230709, 13.1019356], [103.2235676, 13.1018493], [103.2259479130214, 13.101435487977351]]}}, {"type": "Feature", "properties": {"highway": "residential"}, "geometry": {"type": "LineString", "coordinates": [[103.2006112, 13.0932937], [103.201346, 13.093504], [103.2014642, 13.0935378], [103.2019466, 13.0936759], [103.2023162, 13.0937676]]}}, {"type": "Feature", "properties": {"highway": "residential"}, "geometry": {"type": "LineString", "coordinates": [[103.2022656, 13.0923533], [103.2021339, 13.0928904], [103.2019466, 13.0936759], [103.2019585, 13.0939949], [103.2019776, 13.0945067], [103.2019919, 13.0948888], [103.2020585, 13.0966511]]}}, {"type": "Feature", "properties": {"highway": "residential"}, "geometry": {"type": "LineString", "coordinates": [[103.2031033, 13.0881507], [103.2034194, 13.0890351], [103.2036978, 13.0897824], [103.203907, 13.090344], [103.204027, 13.0906712], [103.2045382, 13.0920142]]}}, {"type": "Feature", "properties": {"highway": "residential"}, "geometry": {"type": "LineString", "coordinates": [[103.2088418, 13.087979], [103.208636, 13.0880482], [103.2084544, 13.0881093], [103.2079968, 13.0882633], [103.2072782, 13.0885168], [103.2065529, 13.0887838], [103.2059768, 13.0889854], [103.2059116, 13.0889988], [103.2058547, 13.0889998], [103.2058045, 13.0889939], [103.2057595, 13.0889822], [103.2050247, 13.0887342], [103.2034472, 13.0882551], [103.2031033, 13.0881507], [103.2021153, 13.0878256]]}}, {"type": "Feature", "properties": {"highway": "service"}, "geometry": {"type": "LineString", "coordinates": [[103.2039021, 13.0935744], [103.2038754, 13.0933485], [103.203828, 13.0930485]]}}, {"type": "Feature", "properties": {"highway": "residential"}, "geometry": {"type": "LineString", "coordinates": [[103.2032581, 13.092474], [103.2032935, 13.0923592], [103.203394, 13.0920334], [103.203486, 13.0917777], [103.2035205, 13.0916754]]}}, {"type": "Feature", "properties": {"highway": "residential"}, "geometry": {"type": "LineString", "coordinates": [[103.2018918, 13.0888664], [103.2020947, 13.0888996], [103.2027474, 13.0889985], [103.2032415, 13.0890422], [103.2034194, 13.0890351]]}}, {"type": "Feature", "properties": {"highway": "residential"}, "geometry": {"type": "LineString", "coordinates": [[103.2040913, 13.0896549], [103.2052303, 13.0892501]]}}, {"type": "Feature", "properties": {"highway": "residential"}, "geometry": {"type": "LineString", "coordinates": [[103.203907, 13.090344], [103.2054624, 13.0898323], [103.2074862, 13.0891218], [103.2083577, 13.0888563], [103.2087381, 13.0887833]]}}, {"type": "Feature", "properties": {"highway": "residential"}, "geometry": {"type": "LineString", "coordinates": [[103.2137624, 13.0887788], [103.2138082, 13.0889064], [103.2138753, 13.0890864], [103.2141347, 13.0897875], [103.2142025, 13.0899708], [103.2144402, 13.0906425], [103.2145624, 13.0909878], [103.2146818, 13.0914748], [103.2147886, 13.0919006]]}}, {"type": "Feature", "properties": {"highway": "residential"}, "geometry": {"type": "LineString", "coordinates": [[103.2163496, 13.0914487], [103.2162315, 13.091072], [103.2161327, 13.0906429], [103.21607, 13.0904636], [103.2160381, 13.0902389]]}}, {"type": "Feature", "properties": {"highway": "residential"}, "geometry": {"type": "LineString", "coordinates": [[103.2145624, 13.0909878], [103.2161327, 13.0906429], [103.2164418, 13.0905774], [103.2166497, 13.0905976], [103.2170963, 13.0906951], [103.2171349, 13.0907136], [103.2171594, 13.0907419], [103.217234, 13.0908978]]}}, {"type": "Feature", "properties": {"highway": "service"}, "geometry": {"type": "LineString", "coordinates": [[103.2179387, 13.0873692], [103.2179876, 13.0875061], [103.2180496, 13.087682]]}}, {"type": "Feature", "properties": {"highway": "residential"}, "geometry": {"type": "LineString", "coordinates": [[103.2216823, 13.0923151], [103.2211894, 13.0921599], [103.2208669, 13.0920263], [103.2206229, 13.091895], [103.2203379, 13.0916398], [103.2201352, 13.091359], [103.2199993, 13.0909988], [103.2199045, 13.0903429]]}}, {"type": "Feature", "properties": {"highway": "service"}, "geometry": {"type": "LineString", "coordinates": [[103.2188798, 13.0879959], [103.2190517, 13.0885913], [103.2192716, 13.0893215], [103.2194004, 13.0897631]]}}, {"type": "Feature", "properties": {"highway": "service"}, "geometry": {"type": "LineString", "coordinates": [[103.2199045, 13.0903429], [103.2199531, 13.0905007], [103.2200091, 13.0905919], [103.2200794, 13.0906909], [103.2201491, 13.0907722], [103.2202518, 13.090849], [103.220429, 13.0909538], [103.2248385, 13.0925394]]}}, {"type": "Feature", "properties": {"highway": "service"}, "geometry": {"type": "LineString", "coordinates": [[103.2173762, 13.0884433], [103.2182231, 13.0881735], [103.2187714, 13.0879858], [103.2188798, 13.0879959], [103.21947, 13.0878049]]}}, {"type": "Feature", "properties": {"highway": "service"}, "geometry": {"type": "LineString", "coordinates": [[103.2216959, 13.0864628], [103.221714, 13.0868334], [103.2217459, 13.0874846], [103.2217897, 13.0883008], [103.2218256, 13.0890804], [103.2218494, 13.0895966]]}}, {"type": "Feature", "properties": {"highway": "service"}, "geometry": {"type": "LineString", "coordinates": [[103.2227472, 13.0882516], [103.2217897, 13.0883008]]}}, {"type": "Feature", "properties": {"highway": "residential"}, "geometry": {"type": "LineString", "coordinates": [[103.2035334, 13.0802547], [103.2045713, 13.0800269], [103.2048253, 13.0799688], [103.2057988, 13.0797355], [103.2060643, 13.0796719], [103.2067335, 13.0795115], [103.2081048, 13.0791974], [103.2093646, 13.0789194], [103.2094659, 13.078869], [103.2095625, 13.0787995], [103.2096124, 13.0787462], [103.2096395, 13.0787033], [103.2097536, 13.0786037], [103.209845, 13.0785443], [103.2102508, 13.0782542], [103.2103427, 13.0781318]]}}, {"type": "Feature", "properties": {"highway": "residential"}, "geometry": {"type": "LineString", "coordinates": [[103.2048253, 13.0799688], [103.2051743, 13.0809158], [103.2055696, 13.0819775], [103.2055817, 13.082021], [103.2062234, 13.0837476]]}}, {"type": "Feature", "properties": {"highway": "residential"}, "geometry": {"type": "LineString", "coordinates": [[103.2089778, 13.0821892], [103.208903, 13.0821475], [103.2088533, 13.0820613], [103.2088306, 13.0819058], [103.2087984, 13.081638], [103.2087985, 13.081072], [103.2088185, 13.0803356], [103.2088372, 13.0797775]]}}, {"type": "Feature", "properties": {"highway": "residential"}, "geometry": {"type": "LineString", "coordinates": [[103.2034428, 13.0847656], [103.2048005, 13.0842685], [103.2054902, 13.084016], [103.2062234, 13.0837476], [103.2065348, 13.0836325], [103.2069353, 13.0834845], [103.2069755, 13.0834696], [103.2076579, 13.0832226], [103.208048, 13.0830814], [103.2087567, 13.0828248], [103.2091036, 13.0826948], [103.2094246, 13.0826418], [103.209567, 13.08265]]}}, {"type": "Feature", "properties": {"highway": "residential"}, "geometry": {"type": "LineString", "coordinates": [[103.2060669, 13.0855293], [103.2068223, 13.085321], [103.2075773, 13.0851111], [103.208286, 13.0848661], [103.2090988, 13.084585], [103.2093085, 13.0845735]]}}, {"type": "Feature", "properties": {"highway": "residential"}, "geometry": {"type": "LineString", "coordinates": [[103.2114838, 13.0850534], [103.2093997, 13.0857227], [103.2091444, 13.0858047]]}}, {"type": "Feature", "properties": {"highway": "residential"}, "geometry": {"type": "LineString", "coordinates": [[103.2116273, 13.0884575], [103.2113357, 13.0875815], [103.2111839, 13.0871183], [103.2110601, 13.0867535], [103.2107407, 13.085794]]}}, {"type": "Feature", "properties": {"highway": "residential"}, "geometry": {"type": "LineString", "coordinates": [[103.2089097, 13.0875047], [103.2110601, 13.0867535]]}}, {"type": "Feature", "properties": {"highway": "residential"}, "geometry": {"type": "LineString", "coordinates": [[103.2097384, 13.0881487], [103.2113357, 13.0875815]]}}, {"type": "Feature", "properties": {"highway": "residential"}, "geometry": {"type": "LineString", "coordinates": [[103.2091444, 13.0858047], [103.2088968, 13.0858548], [103.208644, 13.0859347], [103.2079807, 13.0861615], [103.2072476, 13.0864383], [103.2065167, 13.0867143], [103.2058657, 13.0869554], [103.2058219, 13.086975], [103.2045201, 13.0874683], [103.2040241, 13.0873787], [103.2035843, 13.0872782], [103.203452, 13.0872511], [103.2032517, 13.0872298], [103.2030907, 13.0872324], [103.2021878, 13.0873203]]}}, {"type": "Feature", "properties": {"highway": "residential"}, "geometry": {"type": "LineString", "coordinates": [[103.2153196, 13.0868577], [103.2146598, 13.0849002], [103.2146352, 13.0848761]]}}, {"type": "Feature", "properties": {"highway": "residential"}, "geometry": {"type": "LineString", "coordinates": [[103.2114838, 13.0850534], [103.2131084, 13.0845172], [103.2140335, 13.0842263], [103.2158209, 13.0835883], [103.2174949, 13.0830438], [103.222138, 13.0815371], [103.22317406556714, 13.081194453479105]]}}, {"type": "Feature", "properties": {"highway": "residential"}, "geometry": {"type": "LineString", "coordinates": [[103.2119356, 13.0863719], [103.2122915, 13.0862536], [103.2129676, 13.0860292], [103.2136073, 13.085817], [103.2138955, 13.0857211], [103.2144808, 13.0855267]]}}, {"type": "Feature", "properties": {"highway": "residential"}, "geometry": {"type": "LineString", "coordinates": [[103.2159807, 13.0870081], [103.2158718, 13.086688], [103.2150689, 13.0843523]]}}, {"type": "Feature", "properties": {"highway": "residential"}, "geometry": {"type": "LineString", "coordinates": [[103.2187503, 13.0816912], [103.218284, 13.0803032]]}}, {"type": "Feature", "properties": {"highway": "residential"}, "geometry": {"type": "LineString", "coordinates": [[103.2239205, 13.0826754], [103.2236874, 13.0826709], [103.223522, 13.0827002], [103.2233838, 13.0827475], [103.2219454, 13.0832403], [103.2206729, 13.0836509], [103.2176356, 13.0846533], [103.2173964, 13.0847335], [103.2163459, 13.0850857]]}}, {"type": "Feature", "properties": {"highway": "residential"}, "geometry": {"type": "LineString", "coordinates": [[103.21953025347995, 13.080306450027072], [103.2198721, 13.0813299]]}}, {"type": "Feature", "properties": {"highway": "residential"}, "geometry": {"type": "LineString", "coordinates": [[103.2165332, 13.0824158], [103.2164094, 13.0819211], [103.2162915, 13.0814501], [103.21572676711622, 13.079812452103843]]}}, {"type": "Feature", "properties": {"highway": "residential"}, "geometry": {"type": "LineString", "coordinates": [[103.2146289, 13.0830595], [103.2144339, 13.0825259], [103.2140179, 13.0813878], [103.2131327, 13.0787478], [103.2130991, 13.0786294], [103.213082, 13.0785482], [103.2130705, 13.0784838]]}}, {"type": "Feature", "properties": {"highway": "residential"}, "geometry": {"type": "LineString", "coordinates": [[103.2176732, 13.0820434], [103.21698023702761, 13.079975253143164]]}}, {"type": "Feature", "properties": {"highway": "residential"}, "geometry": {"type": "LineString", "coordinates": [[103.1941412, 13.0798499], [103.19438, 13.0783767], [103.1944664, 13.0778443], [103.1945432, 13.0773282], [103.194608, 13.0768934], [103.1947175, 13.0761288], [103.1949408, 13.0743394]]}}, {"type": "Feature", "properties": {"highway": "residential"}, "geometry": {"type": "LineString", "coordinates": [[103.2006902, 13.0797103], [103.2006397, 13.0797412], [103.2004924, 13.0798662], [103.2003898, 13.079891], [103.199901, 13.0799446], [103.1996884, 13.0799335], [103.1994396, 13.0799028], [103.198757, 13.0799537], [103.1977781, 13.0799002], [103.1977458, 13.0799074], [103.1977038, 13.0799364], [103.1976352, 13.0799783], [103.1975903, 13.0799973], [103.1973278, 13.0800022], [103.1972789, 13.0800175], [103.1971628, 13.0801364], [103.1970904, 13.0801573], [103.197018, 13.0801592], [103.1962742, 13.0800681], [103.1952383, 13.079972], [103.1941412, 13.0798499], [103.193064, 13.0797875]]}}, {"type": "Feature", "properties": {"highway": "residential"}, "geometry": {"type": "LineString", "coordinates": [[103.2075395, 13.0870814], [103.2077132, 13.0875294], [103.2079968, 13.0882633]]}}, {"type": "Feature", "properties": {"highway": "residential"}, "geometry": {"type": "LineString", "coordinates": [[103.1962742, 13.0800681], [103.19658, 13.0781714], [103.1967927, 13.0764035]]}}, {"type": "Feature", "properties": {"highway": "residential"}, "geometry": {"type": "LineString", "coordinates": [[103.2147812, 13.0874074], [103.2146376, 13.0869712], [103.2146234, 13.0869419]]}}, {"type": "Feature", "properties": {"highway": "residential"}, "geometry": {"type": "LineString", "coordinates": [[103.1952383, 13.079972], [103.1955184, 13.0779973], [103.1957775, 13.0762725], [103.1959978, 13.074912], [103.196053, 13.0745709], [103.1960317, 13.0745078]]}}, {"type": "Feature", "properties": {"highway": "residential"}, "geometry": {"type": "LineString", "coordinates": [[103.2132508, 13.0849512], [103.2131084, 13.0845172]]}}, {"type": "Feature", "properties": {"highway": "residential"}, "geometry": {"type": "LineString", "coordinates": [[103.2136073, 13.085817], [103.2136855, 13.0860594], [103.2136828, 13.086069], [103.2136771, 13.0860767], [103.2130538, 13.0862926], [103.212404, 13.0865084], [103.2123886, 13.0865097], [103.2123745, 13.0865019], [103.2122915, 13.0862536], [103.2121727, 13.0859314], [103.2121816, 13.0859002]]}}, {"type": "Feature", "properties": {"highway": "residential"}, "geometry": {"type": "LineString", "coordinates": [[103.1933522, 13.0777234], [103.1936695, 13.0777167], [103.1939885, 13.0777428], [103.1944664, 13.0778443], [103.1946444, 13.0778793], [103.1955184, 13.0779973], [103.19658, 13.0781714], [103.1981916, 13.0784142]]}}, {"type": "Feature", "properties": {"highway": "residential"}, "geometry": {"type": "LineString", "coordinates": [[103.1998331, 13.0806044], [103.1999524, 13.0807441], [103.2002208, 13.0809818], [103.2003911, 13.0811055], [103.2007483, 13.0813979], [103.2009249, 13.0815629], [103.2012613, 13.0818732]]}}, {"type": "Feature", "properties": {"highway": "residential"}, "geometry": {"type": "LineString", "coordinates": [[103.1976946, 13.0852222], [103.1977233, 13.0848726]]}}, {"type": "Feature", "properties": {"highway": "residential"}, "geometry": {"type": "LineString", "coordinates": [[103.1996367, 13.0830238], [103.1991197, 13.0829975], [103.1986892, 13.082957], [103.198657, 13.0829361], [103.1986476, 13.0828969], [103.1986631, 13.0827754], [103.1986497, 13.0827473], [103.1986141, 13.0827349], [103.1981894, 13.0826973], [103.1975284, 13.0826267], [103.1972704, 13.0826035], [103.1969471, 13.0825912], [103.1968988, 13.0825977], [103.1968532, 13.082616], [103.1968012, 13.0826594], [103.1967695, 13.082688], [103.1967205, 13.0826996], [103.1960555, 13.0826369]]}}, {"type": "Feature", "properties": {"highway": "residential"}, "geometry": {"type": "LineString", "coordinates": [[103.1929919, 13.0843735], [103.1930886, 13.0840365], [103.1932655, 13.0836184], [103.1936503, 13.0830786], [103.1939655, 13.0826927], [103.1946501, 13.0821455], [103.1954261, 13.0817258], [103.1961309, 13.0815017], [103.1972897, 13.0812124], [103.1976584, 13.081126], [103.1989587, 13.0808212], [103.1998331, 13.0806044]]}}, {"type": "Feature", "properties": {"highway": "residential"}, "geometry": {"type": "LineString", "coordinates": [[103.1957192, 13.0846645], [103.1958229, 13.0837012], [103.1959578, 13.0831781], [103.1960302, 13.082812], [103.1960555, 13.0826369], [103.1961307, 13.0822121], [103.1961764, 13.0819249], [103.1961475, 13.0815511], [103.1961309, 13.0815017]]}}, {"type": "Feature", "properties": {"highway": "residential"}, "geometry": {"type": "LineString", "coordinates": [[103.1948701, 13.0836494], [103.1947889, 13.0845652]]}}, {"type": "Feature", "properties": {"highway": "residential"}, "geometry": {"type": "LineString", "coordinates": [[103.1941209, 13.084494], [103.1938706, 13.0862437]]}}, {"type": "Feature", "properties": {"highway": "residential"}, "geometry": {"type": "LineString", "coordinates": [[103.1975284, 13.0826267], [103.1974375, 13.0832407], [103.1973903, 13.0839214], [103.1973028, 13.0848331], [103.1973871, 13.0849804]]}}, {"type": "Feature", "properties": {"highway": "residential"}, "geometry": {"type": "LineString", "coordinates": [[103.1958027, 13.0906443], [103.1963197, 13.0890316]]}}, {"type": "Feature", "properties": {"highway": "residential"}, "geometry": {"type": "LineString", "coordinates": [[103.196909, 13.0892233], [103.1967741, 13.0896224], [103.1963712, 13.090822]]}}, {"type": "Feature", "properties": {"highway": "residential"}, "geometry": {"type": "LineString", "coordinates": [[103.1951623, 13.087108], [103.1950397, 13.0874727], [103.1949271, 13.0878076], [103.1946059, 13.0887627], [103.1945445, 13.0889521], [103.19451, 13.0890501], [103.1944805, 13.0891254]]}}, {"type": "Feature", "properties": {"highway": "track"}, "geometry": {"type": "LineString", "coordinates": [[103.1950397, 13.0874727], [103.195661, 13.0876191], [103.1957282, 13.0876775]]}}, {"type": "Feature", "properties": {"highway": "residential"}, "geometry": {"type": "LineString", "coordinates": [[103.1942387, 13.0887846], [103.1945947, 13.0877017]]}}, {"type": "Feature", "properties": {"highway": "residential"}, "geometry": {"type": "LineString", "coordinates": [[103.1946984, 13.0894906], [103.1952229, 13.0879018]]}}, {"type": "Feature", "properties": {"highway": "residential"}, "geometry": {"type": "LineString", "coordinates": [[103.1950257, 13.0895221], [103.1955273, 13.0879987]]}}, {"type": "Feature", "properties": {"highway": "residential"}, "geometry": {"type": "LineString", "coordinates": [[103.1985205, 13.0933675], [103.1981113, 13.0932442], [103.1974269, 13.0930381], [103.1964782, 13.0927523], [103.1956368, 13.0924897], [103.1946203, 13.0921712], [103.1940251, 13.0920977]]}}, {"type": "Feature", "properties": {"highway": "residential"}, "geometry": {"type": "LineString", "coordinates": [[103.200868, 13.0884619], [103.2008296, 13.0884264], [103.2002282, 13.0882187]]}}, {"type": "Feature", "properties": {"highway": "residential"}, "geometry": {"type": "LineString", "coordinates": [[103.1988325, 13.0890663], [103.1992014, 13.0879186], [103.1992071, 13.0879008], [103.1995994, 13.0868009], [103.1995958, 13.086109], [103.1996062, 13.0853256]]}}, {"type": "Feature", "properties": {"highway": "residential"}, "geometry": {"type": "LineString", "coordinates": [[103.2001935, 13.0906103], [103.1995109, 13.090382]]}}, {"type": "Feature", "properties": {"highway": "residential"}, "geometry": {"type": "LineString", "coordinates": [[103.2001523, 13.084693], [103.1990478, 13.0850105], [103.1977233, 13.0848726], [103.1976754, 13.0848681], [103.1973028, 13.0848331], [103.1970083, 13.084802]]}}, {"type": "Feature", "properties": {"highway": "residential"}, "geometry": {"type": "LineString", "coordinates": [[103.1974728, 13.0897637], [103.1970599, 13.0896382]]}}, {"type": "Feature", "properties": {"highway": "residential"}, "geometry": {"type": "LineString", "coordinates": [[103.1962184, 13.0993606], [103.1959285, 13.0976947], [103.1956424, 13.0958565]]}}, {"type": "Feature", "properties": {"highway": "residential"}, "geometry": {"type": "LineString", "coordinates": [[103.1948359, 13.0952892], [103.1949724, 13.0959767]]}}, {"type": "Feature", "properties": {"highway": "track"}, "geometry": {"type": "LineString", "coordinates": [[103.1955615, 13.1034718], [103.1953994, 13.1026326]]}}, {"type": "Feature", "properties": {"highway": "footway"}, "geometry": {"type": "LineString", "coordinates": [[103.1941596, 13.1048106], [103.1958191, 13.1045257]]}}, {"type": "Feature", "properties": {"highway": "residential"}, "geometry": {"type": "LineString", "coordinates": [[103.1928824, 13.1052163], [103.1938816, 13.1050277]]}}, {"type": "Feature", "properties": {"highway": "footway"}, "geometry": {"type": "LineString", "coordinates": [[103.1961421, 13.1046785], [103.195854, 13.1047416]]}}, {"type": "Feature", "properties": {"highway": "footway"}, "geometry": {"type": "LineString", "coordinates": [[103.1942628, 13.105339], [103.1944916, 13.1053009], [103.1955979, 13.1051022], [103.1959032, 13.1050459]]}}, {"type": "Feature", "properties": {"highway": "residential"}, "geometry": {"type": "LineString", "coordinates": [[103.1936601, 13.1071287], [103.1935504, 13.1065803], [103.1933782, 13.1058014]]}}, {"type": "Feature", "properties": {"highway": "residential"}, "geometry": {"type": "LineString", "coordinates": [[103.1957371, 13.1091031], [103.1954223, 13.1091298], [103.1953746, 13.1091224], [103.1951037, 13.1090203], [103.1946696, 13.1089514], [103.1945002, 13.1089515], [103.1943896, 13.10896], [103.1943226, 13.108973], [103.1942607, 13.1090136], [103.1941308, 13.1091311], [103.1940866, 13.1091781], [103.1940318, 13.1092199], [103.1937615, 13.1093169]]}}, {"type": "Feature", "properties": {"highway": "residential"}, "geometry": {"type": "LineString", "coordinates": [[103.1943591, 13.1073746], [103.1944917, 13.1079889], [103.1946696, 13.1089514]]}}, {"type": "Feature", "properties": {"highway": "service"}, "geometry": {"type": "LineString", "coordinates": [[103.1972731, 13.111793], [103.1971477, 13.1111263], [103.1971098, 13.1109598]]}}, {"type": "Feature", "properties": {"highway": "service"}, "geometry": {"type": "LineString", "coordinates": [[103.1974335, 13.1111585], [103.1973876, 13.1111648], [103.1971477, 13.1111263], [103.1970885, 13.1111154], [103.1970114, 13.1111199], [103.1969357, 13.1111354], [103.1968488, 13.111153], [103.1965963, 13.1112428], [103.1962277, 13.1113808]]}}, {"type": "Feature", "properties": {"highway": "residential"}, "geometry": {"type": "LineString", "coordinates": [[103.2044197, 13.1161377], [103.2044448, 13.1167957], [103.2044533, 13.1170214], [103.2044761, 13.1173872], [103.2045024, 13.117773], [103.2045517, 13.1179436], [103.2046989, 13.1184115], [103.2047269, 13.1185085], [103.2047908, 13.1187296], [103.2048663, 13.1189912], [103.2049574, 13.1193066], [103.2052245, 13.1202318], [103.2053277, 13.1206054]]}}, {"type": "Feature", "properties": {"highway": "residential"}, "geometry": {"type": "LineString", "coordinates": [[103.206151, 13.1158232], [103.206375, 13.1168809], [103.2064251, 13.1170265], [103.2066983, 13.117636], [103.2068222, 13.1181333], [103.2068467, 13.118246], [103.2068819, 13.1183568], [103.2070081, 13.1187312], [103.207124, 13.1190425], [103.2073465, 13.119887], [103.2081348, 13.1227325], [103.2086115, 13.1245046], [103.2086067, 13.1245419], [103.2085947, 13.1245619], [103.2085698, 13.1245798], [103.207926, 13.1246647], [103.207904, 13.1246816], [103.2078932, 13.1247058], [103.2080422, 13.1259091], [103.2080166, 13.1259997], [103.2079698, 13.126097], [103.2079643, 13.1265729], [103.2079591, 13.1265955], [103.2079428, 13.1266127], [103.2078322, 13.126693], [103.2078223, 13.1267041], [103.2078168, 13.1267172], [103.207792, 13.1268021], [103.2077859, 13.1269046], [103.2078236, 13.127178], [103.207959, 13.1275981], [103.2079517, 13.127632], [103.2079281, 13.1276503], [103.2073331, 13.1278417], [103.2065228, 13.1279813], [103.2058538, 13.1280788], [103.2051147, 13.1281866], [103.2050698, 13.1281931], [103.2041451, 13.1283279], [103.2033717, 13.128434], [103.2030545, 13.1284993], [103.2023947, 13.128643], [103.2020514, 13.128698]]}}, {"type": "Feature", "properties": {"highway": "residential"}, "geometry": {"type": "LineString", "coordinates": [[103.2103353, 13.1192018], [103.2102007, 13.1187413], [103.2100228, 13.1181326], [103.209988, 13.1177581], [103.210043, 13.1168647], [103.2101335, 13.1159985]]}}, {"type": "Feature", "properties": {"highway": "residential"}, "geometry": {"type": "LineString", "coordinates": [[103.211881, 13.1196335], [103.2112809, 13.1199876], [103.2109634, 13.1201678], [103.2106393, 13.1203248], [103.210568, 13.1203286], [103.2100227, 13.1202967]]}}, {"type": "Feature", "properties": {"highway": "residential"}, "geometry": {"type": "LineString", "coordinates": [[103.19593, 13.1176801], [103.1959961, 13.1184743], [103.1960258, 13.1189571], [103.1959936, 13.119234], [103.1959882, 13.1194404], [103.1960177, 13.1195239], [103.1960821, 13.1196807], [103.1961277, 13.1198061], [103.1960928, 13.1199523], [103.1960124, 13.1201901], [103.196007, 13.1202998], [103.196058, 13.1204173], [103.1961921, 13.1206185], [103.1962699, 13.1208013], [103.1963128, 13.1210651], [103.1962913, 13.1212846], [103.1962243, 13.1214962], [103.1962135, 13.1216294], [103.1962109, 13.1217365], [103.1962538, 13.1218619], [103.1963986, 13.1222119], [103.1965864, 13.1228075], [103.1965327, 13.1235127], [103.196537, 13.123767], [103.1966992, 13.1247273], [103.1966697, 13.1252724], [103.1966639, 13.1254573], [103.1966932, 13.1260933], [103.196717, 13.1266102], [103.196793, 13.126833], [103.1969601, 13.1273976], [103.1970072, 13.1275424], [103.1971471, 13.1279724], [103.1974318, 13.1284311], [103.1974844, 13.1285158], [103.1977031, 13.1288683], [103.1977873, 13.1298164]]}}, {"type": "Feature", "properties": {"highway": "tertiary"}, "geometry": {"type": "LineString", "coordinates": [[103.1975509, 13.1304682], [103.1953229, 13.1306045], [103.1951843, 13.1306129], [103.1936329, 13.1307078], [103.1935748, 13.1306992], [103.1935061, 13.1306438], [103.1916734, 13.1285506], [103.1903143, 13.1270107], [103.1900503, 13.1267045], [103.1897537, 13.1263513], [103.1876479, 13.1239464], [103.1876301, 13.12351], [103.1875753, 13.122434], [103.1875717, 13.1220616], [103.1875542, 13.1216161], [103.1875141, 13.1205918], [103.1875124, 13.1202279], [103.187511, 13.1199236], [103.1875076, 13.1192102], [103.1874865, 13.1189125], [103.1875248, 13.1180059], [103.1875709, 13.1169172], [103.1876052, 13.1156894], [103.1876195, 13.1151799], [103.1876332, 13.11469], [103.1876532, 13.1142552], [103.1877354, 13.1124688], [103.1877872, 13.1113926], [103.1878221, 13.1106659], [103.1878535, 13.1100129], [103.1878569, 13.1099422], [103.1878871, 13.1093143], [103.187951, 13.1081645], [103.18801, 13.1074057], [103.1880489, 13.1070892], [103.1880919, 13.1069329]]}}, {"type": "Feature", "properties": {"highway": "unclassified"}, "geometry": {"type": "LineString", "coordinates": [[103.1714416, 13.1058533], [103.1714004, 13.1067709], [103.1713854, 13.1071026], [103.1713544, 13.1077863], [103.1713312, 13.1082982], [103.1713105, 13.1087561], [103.17129, 13.109208], [103.171201, 13.1111732], [103.1711185, 13.111825], [103.171084, 13.1123862], [103.1708711, 13.1158487]]}}, {"type": "Feature", "properties": {"highway": "residential"}, "geometry": {"type": "LineString", "coordinates": [[103.1756812, 13.0746484], [103.1754871, 13.07558], [103.1753464, 13.0762717], [103.1750079, 13.0781457], [103.1749283, 13.0785861], [103.1746083, 13.0803013], [103.1745762, 13.0803352], [103.1745252, 13.0803483], [103.1742516, 13.0803274], [103.1741953, 13.0803378], [103.1741551, 13.0803692], [103.1741148, 13.0804371], [103.174037, 13.0808029], [103.1740504, 13.0808813], [103.1740934, 13.0809335], [103.1744206, 13.0811556], [103.1744367, 13.0811791], [103.1744474, 13.0812549], [103.1744474, 13.0813358], [103.1742392, 13.0819956], [103.1741689, 13.0820318], [103.1740972, 13.0820431], [103.1730258, 13.0820413], [103.1728744, 13.082039], [103.172752, 13.0828029]]}}, {"type": "Feature", "properties": {"highway": "residential"}, "geometry": {"type": "LineString", "coordinates": [[103.1780021, 13.099555], [103.178206, 13.0995594], [103.1790549, 13.0995886], [103.1796941, 13.0996162], [103.1803237, 13.0996402], [103.1809101, 13.0996601], [103.1810964, 13.0996677], [103.1829495, 13.0997431], [103.183127, 13.0997462], [103.1833618, 13.0997496], [103.1851922, 13.0997761], [103.1861848, 13.0997462], [103.1865788, 13.0997344], [103.1867806, 13.0997486], [103.1876683, 13.0998055], [103.1886349, 13.0999154], [103.1895684, 13.1000214], [103.1901944, 13.1000455], [103.1905291, 13.1000412], [103.1911911, 13.0999929], [103.1917683, 13.0999099]]}}, {"type": "Feature", "properties": {"highway": "residential"}, "geometry": {"type": "LineString", "coordinates": [[103.1921453, 13.1043712], [103.1920554, 13.1040907], [103.1918404, 13.1032263], [103.1916469, 13.1020819], [103.1915306, 13.1014857], [103.1913474, 13.1007652], [103.1911911, 13.0999929]]}}, {"type": "Feature", "properties": {"highway": "residential"}, "geometry": {"type": "LineString", "coordinates": [[103.1729523, 13.0974397], [103.1748806, 13.0973702], [103.1758234, 13.0973284], [103.1762934, 13.0973081], [103.1765462, 13.0973232], [103.1766683, 13.0973284], [103.1767857, 13.0973505], [103.1769392, 13.0974118], [103.1769857, 13.0974217], [103.1770356, 13.0974217], [103.1771309, 13.0974095], [103.1775019, 13.0973706], [103.1775763, 13.0973698], [103.1779991, 13.0974069]]}}, {"type": "Feature", "properties": {"highway": "residential"}, "geometry": {"type": "LineString", "coordinates": [[103.1878515, 13.0967007], [103.1871542, 13.096842]]}}, {"type": "Feature", "properties": {"highway": "residential"}, "geometry": {"type": "LineString", "coordinates": [[103.1851922, 13.0997761], [103.1850646, 13.0986768], [103.1849947, 13.0978392], [103.1849635, 13.0974656], [103.1848792, 13.0964553]]}}, {"type": "Feature", "properties": {"highway": "residential"}, "geometry": {"type": "LineString", "coordinates": [[103.1880273, 13.0978165], [103.1879691, 13.0974994], [103.1878734, 13.0969795], [103.1878515, 13.0967007], [103.1878065, 13.0964682], [103.1876969, 13.0959387]]}}, {"type": "Feature", "properties": {"highway": "residential"}, "geometry": {"type": "LineString", "coordinates": [[103.1921109, 13.1014911], [103.1915306, 13.1014857], [103.1898918, 13.1014004], [103.1892483, 13.1013728], [103.1885867, 13.1013283], [103.1880548, 13.1012972]]}}, {"type": "Feature", "properties": {"highway": "residential"}, "geometry": {"type": "LineString", "coordinates": [[103.1873801, 13.0979381], [103.1880273, 13.0978165], [103.189276, 13.0975818], [103.1904434, 13.0973624], [103.1908072, 13.097294], [103.1911978, 13.0972206]]}}, {"type": "Feature", "properties": {"highway": "residential"}, "geometry": {"type": "LineString", "coordinates": [[103.183127, 13.0997462], [103.1830707, 13.09873], [103.1830211, 13.097971], [103.182954, 13.0968451]]}}, {"type": "Feature", "properties": {"highway": "residential"}, "geometry": {"type": "LineString", "coordinates": [[103.1866816, 13.0988521], [103.1866769, 13.0988109], [103.1866555, 13.0987848], [103.1865884, 13.0987691], [103.1863269, 13.0987326], [103.1858495, 13.0987038], [103.1850646, 13.0986768], [103.184039, 13.0986834], [103.1840034, 13.0986836], [103.1830707, 13.09873]]}}, {"type": "Feature", "properties": {"highway": "residential"}, "geometry": {"type": "LineString", "coordinates": [[103.188113, 13.1019984], [103.1868776, 13.1019419], [103.1867668, 13.1019171], [103.1866863, 13.1018492], [103.1866327, 13.1017682], [103.1865683, 13.1017159], [103.1864592, 13.1016833], [103.1861016, 13.1017081], [103.1853936, 13.1017659], [103.1853578, 13.1017574], [103.1853338, 13.1017339], [103.1851858, 13.101349]]}}, {"type": "Feature", "properties": {"highway": "residential"}, "geometry": {"type": "LineString", "coordinates": [[103.1628492, 13.1065691], [103.1628278, 13.1061206], [103.1625398, 13.0997202], [103.1596759, 13.0997618], [103.1547826, 13.0998442], [103.1506978, 13.0998986], [103.1487518, 13.0999245], [103.14682252924705, 13.099950178909715]]}}, {"type": "Feature", "properties": {"highway": "residential"}, "geometry": {"type": "LineString", "coordinates": [[103.1596759, 13.0997618], [103.1591415, 13.0889295], [103.1591377, 13.0888484], [103.1590793, 13.0887021], [103.1590004, 13.0877376], [103.1589232, 13.0866434], [103.1588722, 13.0865363]]}}, {"type": "Feature", "properties": {"highway": "residential"}, "geometry": {"type": "LineString", "coordinates": [[103.14722185583081, 13.108705894199232], [103.1471691, 13.1084099], [103.1471559, 13.1082665], [103.1469822, 13.1071263], [103.1468997, 13.1063187], [103.1468739, 13.1060659], [103.1466768, 13.1047603], [103.1461186042455, 13.100505531090247]]}}, {"type": "Feature", "properties": {"highway": "residential"}, "geometry": {"type": "LineString", "coordinates": [[103.14478617611243, 13.091442724083334], [103.1445365, 13.0895155], [103.1445169, 13.0893768], [103.1443568, 13.0891037], [103.1441086, 13.08667]]}}, {"type": "Feature", "properties": {"highway": "residential"}, "geometry": {"type": "LineString", "coordinates": [[103.1486386, 13.105836], [103.1468739, 13.1060659]]}}, {"type": "Feature", "properties": {"highway": "residential"}, "geometry": {"type": "LineString", "coordinates": [[103.1591377, 13.0888484], [103.1680781, 13.0884689], [103.168305, 13.0884613], [103.1691212, 13.0884338], [103.1719521, 13.0883002]]}}, {"type": "Feature", "properties": {"highway": "residential"}, "geometry": {"type": "LineString", "coordinates": [[103.1495586, 13.1067869], [103.1469822, 13.1071263]]}}, {"type": "Feature", "properties": {"highway": "residential"}, "geometry": {"type": "LineString", "coordinates": [[103.1466768, 13.1047603], [103.1463732, 13.1047459], [103.14426385161768, 13.104641438163952]]}}, {"type": "Feature", "properties": {"highway": "residential"}, "geometry": {"type": "LineString", "coordinates": [[103.1684766, 13.1059391], [103.1684668, 13.1055606], [103.1683276, 13.099576], [103.1683305, 13.0992168], [103.1682669, 13.096789], [103.168169, 13.0933778], [103.1680906, 13.0908273], [103.1680785, 13.0897784], [103.1680781, 13.0884689]]}}, {"type": "Feature", "properties": {"highway": "residential"}, "geometry": {"type": "LineString", "coordinates": [[103.1810234, 13.1030463], [103.1810095, 13.1024469], [103.1809872, 13.1020158], [103.1809343, 13.1006696], [103.1809101, 13.0996601], [103.1808123, 13.0977843], [103.1807882, 13.0972304], [103.1807694, 13.0947408], [103.1807479, 13.0939988], [103.1807359, 13.0936278], [103.1807198, 13.0934202], [103.1806903, 13.0933653], [103.1806564, 13.0933506]]}}, {"type": "Feature", "properties": {"highway": "residential"}, "geometry": {"type": "LineString", "coordinates": [[103.1777677, 13.0960416], [103.177731, 13.0957128]]}}, {"type": "Feature", "properties": {"highway": "residential"}, "geometry": {"type": "LineString", "coordinates": [[103.1730158, 13.0994473], [103.1723605, 13.0994635], [103.1711926, 13.0994924], [103.1709733, 13.099497], [103.1706678, 13.0995034], [103.1699951, 13.0995277], [103.1683276, 13.099576], [103.1625398, 13.0997202]]}}, {"type": "Feature", "properties": {"highway": "residential"}, "geometry": {"type": "LineString", "coordinates": [[103.1766798, 13.0965469], [103.1769767, 13.096559], [103.1772557, 13.0965878], [103.1775346, 13.0966322], [103.1778136, 13.0966891]]}}, {"type": "Feature", "properties": {"highway": "residential"}, "geometry": {"type": "LineString", "coordinates": [[103.1777677, 13.0960416], [103.1778136, 13.0966891], [103.1778632, 13.0967589], [103.1779048, 13.0967876], [103.1779504, 13.096802], [103.1780751, 13.0968555], [103.1781033, 13.0968798], [103.1780791, 13.0970802], [103.1779991, 13.0974069]]}}, {"type": "Feature", "properties": {"highway": "residential"}, "geometry": {"type": "LineString", "coordinates": [[103.1782065, 13.0944594], [103.1781959, 13.0944103], [103.1781512, 13.094203], [103.1781433, 13.093426]]}}, {"type": "Feature", "properties": {"highway": "tertiary"}, "geometry": {"type": "LineString", "coordinates": [[103.1719521, 13.0883002], [103.173451, 13.0882406], [103.1743458, 13.088205], [103.1751674, 13.0881723], [103.1753335, 13.0881657], [103.1762341, 13.0881299], [103.1773121, 13.088087], [103.1781372, 13.0880542]]}}, {"type": "Feature", "properties": {"highway": "residential"}, "geometry": {"type": "LineString", "coordinates": [[103.1743458, 13.088205], [103.1741899, 13.0872223], [103.1743291, 13.0858951], [103.1743022, 13.0856652], [103.1744956, 13.0844686], [103.1745306, 13.0844135], [103.1745973, 13.0843746], [103.1749462, 13.0844318], [103.1750509, 13.08439], [103.1751501, 13.0843012], [103.1753331, 13.0831036]]}}, {"type": "Feature", "properties": {"highway": "residential"}, "geometry": {"type": "LineString", "coordinates": [[103.192502, 13.0581018], [103.1923532, 13.0567627], [103.1922895, 13.0559213], [103.1935501, 13.0558952], [103.1934027, 13.0549343]]}}, {"type": "Feature", "properties": {"highway": "residential"}, "geometry": {"type": "LineString", "coordinates": [[103.1922895, 13.0559213], [103.191395, 13.0558377], [103.1912106, 13.0557685], [103.1889971, 13.0557123]]}}, {"type": "Feature", "properties": {"highway": "residential"}, "geometry": {"type": "LineString", "coordinates": [[103.1696273, 13.0565091], [103.1693753, 13.0567196], [103.1692573, 13.0569861], [103.1683675, 13.0603443], [103.168302, 13.0605916], [103.1682681, 13.0611318], [103.1683507, 13.0633614], [103.1685853, 13.0644562], [103.1694745, 13.0672727], [103.1695041, 13.0674077], [103.1695229, 13.0677081], [103.1695092, 13.0680801], [103.1694318, 13.069112], [103.1693418, 13.0700848], [103.1692666, 13.0708974], [103.1691544, 13.0721109], [103.1691215, 13.0725745], [103.1692493, 13.073187], [103.1694371, 13.0738824], [103.1694505, 13.0741877], [103.1694308, 13.074478]]}}, {"type": "Feature", "properties": {"highway": "residential"}, "geometry": {"type": "LineString", "coordinates": [[103.1709188, 13.0474896], [103.1707094, 13.0468561], [103.1706502, 13.0466296], [103.1696846, 13.0452238], [103.1696578, 13.0449782], [103.169701, 13.044696], [103.1701033, 13.0434675], [103.170095, 13.0430966], [103.1700145, 13.0428015], [103.1697949, 13.0424773], [103.1688988, 13.0415943], [103.1688024, 13.041291], [103.1687834, 13.0409751], [103.1687807, 13.0403009], [103.1687083, 13.0400866], [103.1684562, 13.0394752], [103.1683937, 13.0392092], [103.1683668, 13.0388356], [103.1683196, 13.0382079], [103.1683427, 13.0379915], [103.1687164, 13.0370247], [103.16909, 13.0361197], [103.1692984, 13.0354249], [103.1693252, 13.0351584], [103.1692555, 13.0345312], [103.16918426471504, 13.03416442506464]]}}, {"type": "Feature", "properties": {"highway": "residential"}, "geometry": {"type": "LineString", "coordinates": [[103.1290479, 13.0704662], [103.1291893, 13.0704689]]}}, {"type": "Feature", "properties": {"highway": "residential"}, "geometry": {"type": "LineString", "coordinates": [[103.1989913, 13.1013331], [103.1989938, 13.1012629], [103.1988243, 13.1002915], [103.1985787, 13.098943], [103.1983098, 13.0972935]]}}, {"type": "Feature", "properties": {"highway": "secondary"}, "geometry": {"type": "LineString", "coordinates": [[103.1798981, 13.0761175], [103.1798866, 13.0761392], [103.1798627, 13.0761659], [103.179832, 13.076185], [103.179797, 13.0761949], [103.1797606, 13.0761947], [103.1797231, 13.0761834], [103.179691, 13.0761615], [103.1796672, 13.0761312], [103.1796532, 13.0760914], [103.1796537, 13.0760493], [103.1796685, 13.0760097], [103.179696, 13.0759773], [103.1797331, 13.0759556], [103.1797755, 13.0759472], [103.1798048, 13.0759497], [103.1798328, 13.0759586], [103.1798629, 13.0759775], [103.1798864, 13.0760038], [103.1799016, 13.0760353], [103.1799071, 13.0760698], [103.179905, 13.0760941], [103.1799009, 13.0761081], [103.1798981, 13.0761175]]}}, {"type": "Feature", "properties": {"highway": "residential"}, "geometry": {"type": "LineString", "coordinates": [[103.2022462, 13.0676754], [103.2020304, 13.069235], [103.2019668, 13.070447], [103.2018326, 13.0715371], [103.2018317, 13.0718222], [103.2020031, 13.0719508], [103.202148, 13.0721315], [103.2022687, 13.0723564], [103.2027134, 13.0730855], [103.2027033, 13.0736251], [103.2025301, 13.0751465], [103.2024821, 13.0753099], [103.202405, 13.0755396], [103.2023477, 13.0756987], [103.2022038, 13.0760425], [103.2020861, 13.0763238], [103.2020694, 13.0763637], [103.2017072, 13.0770376]]}}, {"type": "Feature", "properties": {"highway": "unclassified"}, "geometry": {"type": "LineString", "coordinates": [[103.1947676, 13.0675724], [103.195608, 13.0675289], [103.1963002, 13.0674744], [103.1971589, 13.0674809], [103.1975823, 13.0674834], [103.1980613, 13.0674563], [103.198146, 13.067444], [103.1982591, 13.0674156], [103.1983097, 13.0673849], [103.198462, 13.0673024], [103.1986155, 13.0671589], [103.1987729, 13.067018], [103.1988709, 13.0669312], [103.1990453, 13.0668524], [103.1992039, 13.0668111], [103.1994725, 13.0667557], [103.1998763, 13.0667477], [103.2003199, 13.0667729], [103.2004602, 13.0667926], [103.200543, 13.066816], [103.2005917, 13.0668407], [103.2006296, 13.0669004], [103.2006802, 13.0669896], [103.2008072, 13.0670783], [103.2011485, 13.0672156], [103.2015548, 13.0674624], [103.2017071, 13.0675449], [103.2018247, 13.0676132], [103.2019062, 13.0676422], [103.2020199, 13.067652], [103.2022462, 13.0676754]]}}, {"type": "Feature", "properties": {"highway": "service"}, "geometry": {"type": "LineString", "coordinates": [[103.2005299, 13.0873093], [103.2006078, 13.0873228]]}}, {"type": "Feature", "properties": {"highway": "residential"}, "geometry": {"type": "LineString", "coordinates": [[103.186988, 13.0786071], [103.186316, 13.0807633]]}}, {"type": "Feature", "properties": {"highway": "tertiary"}, "geometry": {"type": "LineString", "coordinates": [[103.1781372, 13.0880542], [103.1781361, 13.0867971], [103.1781357, 13.0863192], [103.1781353, 13.0858353], [103.1781352, 13.085759], [103.1781347, 13.0852069], [103.1781356, 13.0850022], [103.1781429, 13.0833945]]}}, {"type": "Feature", "properties": {"highway": "residential"}, "geometry": {"type": "LineString", "coordinates": [[103.1952824, 13.0606632], [103.1880139, 13.063492], [103.1877985, 13.0636951], [103.1856979, 13.0669884], [103.1838925, 13.0698484], [103.1830016, 13.07125], [103.1829634, 13.0713115], [103.1828513, 13.0714918], [103.1825395, 13.0720034], [103.182296, 13.0724295], [103.1822502, 13.0725031], [103.1815059, 13.0736992], [103.1811313, 13.0743219], [103.1801409, 13.075968]]}}, {"type": "Feature", "properties": {"highway": "residential"}, "geometry": {"type": "LineString", "coordinates": [[103.1916853, 13.0793446], [103.1913556, 13.0792386], [103.1906865, 13.0790345], [103.1898958, 13.0789291], [103.189419, 13.0788825], [103.1892724, 13.0788681], [103.1890854, 13.0788468], [103.1882208, 13.0787481], [103.1877471, 13.078694], [103.1873202, 13.0786465], [103.186988, 13.0786071], [103.1862935, 13.0785149]]}}, {"type": "Feature", "properties": {"highway": "residential"}, "geometry": {"type": "LineString", "coordinates": [[103.1855656, 13.0806412], [103.186316, 13.0807633], [103.1869347, 13.0808625], [103.1869867, 13.0808486], [103.1870256, 13.0808251], [103.1870497, 13.0807818], [103.1871958, 13.0803272], [103.1873655, 13.0798479], [103.1877471, 13.078694]]}}, {"type": "Feature", "properties": {"highway": "residential"}, "geometry": {"type": "LineString", "coordinates": [[103.1852219, 13.0813298], [103.1854474, 13.0809381], [103.1855656, 13.0806412], [103.1860314, 13.0792655], [103.1862935, 13.0785149], [103.1865397, 13.0776477], [103.1865523, 13.0774878], [103.1865034, 13.075641]]}}, {"type": "Feature", "properties": {"highway": "tertiary"}, "geometry": {"type": "LineString", "coordinates": [[103.21432648943413, 13.139558443109769], [103.2144338, 13.1395169], [103.2146024, 13.1394455]]}}, {"type": "Feature", "properties": {"highway": "primary"}, "geometry": {"type": "LineString", "coordinates": [[103.2256052, 13.0850288], [103.2254988, 13.0850389], [103.2254037, 13.0850601], [103.2249185, 13.0852201], [103.2244984, 13.0853587], [103.2236521, 13.0856378], [103.2228337, 13.0859077], [103.2216916, 13.0862844], [103.2209225, 13.0865381], [103.2200564, 13.0868238], [103.2197654, 13.0869198], [103.2195613, 13.0869871], [103.2179876, 13.0875061], [103.2172776, 13.0877434], [103.216246, 13.0880872], [103.214093, 13.0888107], [103.2138082, 13.0889064], [103.2129052, 13.0892106], [103.2123485, 13.0893969], [103.2118626, 13.0895602], [103.2115891, 13.0896521], [103.2108109, 13.0899136], [103.209331, 13.090411], [103.208939, 13.0905427], [103.2086458, 13.090658]]}}, {"type": "Feature", "properties": {"highway": "primary"}, "geometry": {"type": "LineString", "coordinates": [[103.1732997, 13.1059174], [103.1732494, 13.1059205], [103.1732137, 13.1059099], [103.1731822, 13.1058887], [103.1731586, 13.1058586], [103.1731459, 13.1058228], [103.1731453, 13.1057851], [103.1731566, 13.1057494], [103.1731782, 13.1057194], [103.1732072, 13.1056975], [103.173255, 13.1056831], [103.1733033, 13.1056879], [103.1733374, 13.1057042], [103.1733643, 13.1057293], [103.1733822, 13.105761], [103.1733895, 13.1057963], [103.1733856, 13.1058327], [103.1733703, 13.1058667], [103.1733456, 13.1058939], [103.1732997, 13.1059174]]}}, {"type": "Feature", "properties": {"highway": "unclassified"}, "geometry": {"type": "LineString", "coordinates": [[103.1935748, 13.1306992], [103.1934109, 13.1307171], [103.192901, 13.1307535], [103.1927119, 13.1307588], [103.192677, 13.1308332], [103.1926679, 13.1309299], [103.1927111, 13.1322791], [103.192731, 13.1328993], [103.1928406, 13.1354259], [103.1928774, 13.1363993]]}}, {"type": "Feature", "properties": {"highway": "footway"}, "geometry": {"type": "LineString", "coordinates": [[103.1940958, 13.104478], [103.1941596, 13.1048106], [103.1942031, 13.1050333], [103.1942628, 13.105339]]}}, {"type": "Feature", "properties": {"highway": "footway"}, "geometry": {"type": "LineString", "coordinates": [[103.1959032, 13.1050459], [103.195854, 13.1047416], [103.1958191, 13.1045257], [103.1957653, 13.104205]]}}, {"type": "Feature", "properties": {"highway": "service"}, "geometry": {"type": "LineString", "coordinates": [[103.1926392, 13.0948544], [103.1926076, 13.0944095], [103.1924831, 13.0943612], [103.1924559, 13.0942962], [103.1924007, 13.0941429], [103.19234, 13.0938178], [103.1923016, 13.0934815], [103.1923129, 13.0934424], [103.1923316, 13.0934213]]}}, {"type": "Feature", "properties": {"highway": "service"}, "geometry": {"type": "LineString", "coordinates": [[103.1912186, 13.0916906], [103.191617, 13.0917552], [103.1917007, 13.0917378], [103.1918522, 13.0916579], [103.1921859, 13.091605]]}}, {"type": "Feature", "properties": {"highway": "residential"}, "geometry": {"type": "LineString", "coordinates": [[103.1935088, 13.0947133], [103.1935123, 13.0948631], [103.1935005, 13.0951665], [103.1934909, 13.0954693], [103.1934446, 13.0958276]]}}, {"type": "Feature", "properties": {"highway": "residential"}, "geometry": {"type": "LineString", "coordinates": [[103.1947912, 13.0979168], [103.1946322, 13.0975518], [103.1945796, 13.0974377], [103.1945413, 13.0972781], [103.1944879, 13.0966848], [103.1944199, 13.0961984], [103.1943958, 13.0958691], [103.1942756, 13.0955225], [103.1940513, 13.0952669], [103.1940068, 13.0951117], [103.1939979, 13.0950362], [103.193943, 13.0946439]]}}, {"type": "Feature", "properties": {"highway": "service"}, "geometry": {"type": "LineString", "coordinates": [[103.1924559, 13.0942962], [103.1923108, 13.0943104], [103.1921223, 13.0943232], [103.1919192, 13.094322], [103.1917793, 13.0943144], [103.1915254, 13.0942627], [103.1914697, 13.0942476], [103.1912514, 13.0941882], [103.1908531, 13.0941186]]}}, {"type": "Feature", "properties": {"highway": "residential"}, "geometry": {"type": "LineString", "coordinates": [[103.1974252, 13.1014147], [103.1972597, 13.1014421], [103.1970916, 13.1014697], [103.196682, 13.1015374], [103.1962025, 13.1016159], [103.1956081, 13.1017136]]}}, {"type": "Feature", "properties": {"highway": "service"}, "geometry": {"type": "LineString", "coordinates": [[103.1937285, 13.1037711], [103.1937961, 13.1037889]]}}, {"type": "Feature", "properties": {"highway": "tertiary"}, "geometry": {"type": "LineString", "coordinates": [[103.1989719, 13.097182], [103.1998727, 13.0970231]]}}, {"type": "Feature", "properties": {"highway": "residential"}, "geometry": {"type": "LineString", "coordinates": [[103.1896123, 13.0995003], [103.1909247, 13.0995586], [103.1911026, 13.0995581], [103.1916832, 13.099489]]}}, {"type": "Feature", "properties": {"highway": "residential"}, "geometry": {"type": "LineString", "coordinates": [[103.2020908, 13.1165608], [103.2019842, 13.1160252], [103.2017435, 13.1144894]]}}, {"type": "Feature", "properties": {"highway": "service"}, "geometry": {"type": "LineString", "coordinates": [[103.198081, 13.1050869], [103.1992035, 13.1048862]]}}, {"type": "Feature", "properties": {"highway": "pedestrian"}, "geometry": {"type": "LineString", "coordinates": [[103.1942031, 13.1050333], [103.1938948, 13.105093]]}}, {"type": "Feature", "properties": {"highway": "residential"}, "geometry": {"type": "LineString", "coordinates": [[103.2052572, 13.1091532], [103.2051794, 13.1086518], [103.2051355, 13.1083686]]}}, {"type": "Feature", "properties": {"highway": "residential"}, "geometry": {"type": "LineString", "coordinates": [[103.1919964, 13.0865998], [103.1903544, 13.0864159], [103.1896568, 13.086341], [103.1894788, 13.0862756]]}}, {"type": "Feature", "properties": {"highway": "residential"}, "geometry": {"type": "LineString", "coordinates": [[103.189276, 13.0975818], [103.1892257, 13.0973055], [103.1891298, 13.0967807], [103.1890366, 13.0962698], [103.1889191, 13.0957139], [103.1888066, 13.0949942], [103.1886685, 13.0943032], [103.1886538, 13.0941203], [103.188661, 13.0937581], [103.1886865, 13.0935741], [103.1887681, 13.0929849]]}}, {"type": "Feature", "properties": {"highway": "footway"}, "geometry": {"type": "LineString", "coordinates": [[103.2059876, 13.1081999], [103.2059849, 13.1079621], [103.2061595, 13.1074279], [103.2061594, 13.1072563], [103.206246, 13.1070156]]}}, {"type": "Feature", "properties": {"highway": "residential"}, "geometry": {"type": "LineString", "coordinates": [[103.1876995, 13.0908671], [103.1876331, 13.0908161], [103.186874, 13.0903842], [103.186679, 13.0902849], [103.1866281, 13.0902673], [103.1863908, 13.0901851], [103.1861052, 13.0901006], [103.1858946, 13.0900152], [103.1857211, 13.0899233], [103.1856328, 13.089893], [103.1854456, 13.0898451], [103.1852135, 13.0898036], [103.1848392, 13.0897548], [103.1847295, 13.0897591]]}}, {"type": "Feature", "properties": {"highway": "residential"}, "geometry": {"type": "LineString", "coordinates": [[103.2023162, 13.0937676], [103.202532, 13.0938092], [103.2026309, 13.0938307], [103.2027507, 13.0938567], [103.2030731, 13.0939245], [103.2031804, 13.093978], [103.2032648, 13.0939996], [103.2036031, 13.0940052], [103.2038036, 13.0940085], [103.2038907, 13.0939972]]}}, {"type": "Feature", "properties": {"highway": "residential"}, "geometry": {"type": "LineString", "coordinates": [[103.2045268, 13.0937256], [103.2039588, 13.0937568]]}}, {"type": "Feature", "properties": {"highway": "residential"}, "geometry": {"type": "LineString", "coordinates": [[103.2079807, 13.0861615], [103.2075773, 13.0851111], [103.2069755, 13.0834696]]}}, {"type": "Feature", "properties": {"highway": "residential"}, "geometry": {"type": "LineString", "coordinates": [[103.2051264, 13.0936924], [103.2045268, 13.0937256]]}}, {"type": "Feature", "properties": {"highway": "residential"}, "geometry": {"type": "LineString", "coordinates": [[103.1938706, 13.0862437], [103.1938331, 13.0867844], [103.1938586, 13.0868223], [103.1938934, 13.0868419], [103.1940714, 13.0868832], [103.194335, 13.0869486], [103.1951623, 13.087108], [103.1951803, 13.0871116], [103.1957684, 13.0872279], [103.1960067, 13.087284]]}}, {"type": "Feature", "properties": {"highway": "footway"}, "geometry": {"type": "LineString", "coordinates": [[103.1955979, 13.1051022], [103.1956527, 13.1054167]]}}, {"type": "Feature", "properties": {"highway": "residential"}, "geometry": {"type": "LineString", "coordinates": [[103.2085736, 13.0980488], [103.2096426, 13.0978484], [103.210547, 13.0976818], [103.2116246, 13.0974833]]}}, {"type": "Feature", "properties": {"highway": "service"}, "geometry": {"type": "LineString", "coordinates": [[103.2024873, 13.1013527], [103.202589, 13.1012717], [103.2026894, 13.1012169], [103.2031568, 13.1011117], [103.2035257, 13.1010374], [103.2036217, 13.1010209], [103.2036501, 13.1010245], [103.2036674, 13.1010486], [103.2036773, 13.1010709], [103.2037076, 13.1011684], [103.2037707, 13.1011618], [103.2038628, 13.1011438], [103.2040923, 13.1011009], [103.2042881, 13.1010643], [103.2045601, 13.1010279], [103.2047302, 13.1009983], [103.2048798, 13.100991], [103.2049602, 13.1009834], [103.2050031, 13.1009596], [103.2050273, 13.1009048], [103.2050112, 13.1006435], [103.2050166, 13.1006066], [103.2050333, 13.1005903], [103.205134, 13.1006001]]}}, {"type": "Feature", "properties": {"highway": "footway"}, "geometry": {"type": "LineString", "coordinates": [[103.1944916, 13.1053009], [103.1945437, 13.1056043]]}}, {"type": "Feature", "properties": {"highway": "residential"}, "geometry": {"type": "LineString", "coordinates": [[103.2016761, 13.0998553], [103.202616, 13.0996417], [103.2031075, 13.0994889], [103.2033656, 13.099383], [103.2036306, 13.0992628], [103.2037827, 13.0992237], [103.2040542, 13.0991983]]}}, {"type": "Feature", "properties": {"highway": "residential"}, "geometry": {"type": "LineString", "coordinates": [[103.206398, 13.0982256], [103.2061587, 13.1000284], [103.2060632, 13.1006537], [103.2058321, 13.1021674]]}}, {"type": "Feature", "properties": {"highway": "residential"}, "geometry": {"type": "LineString", "coordinates": [[103.2014559, 13.098244], [103.2014591, 13.0983119], [103.2014856, 13.0986093], [103.2015076, 13.0988874], [103.2015227, 13.0989796], [103.2015314, 13.0990256], [103.2016457, 13.0996808], [103.2016761, 13.0998553], [103.2017702, 13.1002909], [103.2018674, 13.1007409]]}}, {"type": "Feature", "properties": {"highway": "residential"}, "geometry": {"type": "LineString", "coordinates": [[103.2006046, 13.1009246], [103.2013272, 13.1008591], [103.2016209, 13.1008134], [103.2018674, 13.1007409], [103.202027, 13.1006937], [103.2022367, 13.1006194], [103.2030675, 13.1004697], [103.2037702, 13.1003574], [103.204252, 13.1002803], [103.2054732, 13.1000499], [103.2055551, 13.1000397], [103.2056683, 13.1000257], [103.2058438, 13.1000195], [103.2061587, 13.1000284]]}}, {"type": "Feature", "properties": {"highway": "residential"}, "geometry": {"type": "LineString", "coordinates": [[103.204252, 13.1002803], [103.2041489, 13.0996172], [103.2040542, 13.0991983], [103.2039629, 13.0986259], [103.2038011, 13.0977339], [103.203809, 13.0976503]]}}, {"type": "Feature", "properties": {"highway": "secondary"}, "geometry": {"type": "LineString", "coordinates": [[103.2003941, 13.0919828], [103.200021, 13.0919156]]}}, {"type": "Feature", "properties": {"highway": "tertiary"}, "geometry": {"type": "LineString", "coordinates": [[103.2004691, 13.090578], [103.2013126, 13.090851]]}}, {"type": "Feature", "properties": {"highway": "residential"}, "geometry": {"type": "LineString", "coordinates": [[103.2146818, 13.0914748], [103.214872, 13.0914406], [103.2156264, 13.0912826]]}}, {"type": "Feature", "properties": {"highway": "tertiary"}, "geometry": {"type": "LineString", "coordinates": [[103.2123042, 13.0892728], [103.2123485, 13.0893969], [103.2126279, 13.0902031], [103.2128289, 13.0907829], [103.2130203, 13.0913723], [103.2130654, 13.0915075], [103.2131781, 13.091874], [103.2132476, 13.0921132], [103.213262, 13.092174], [103.2133063, 13.092351], [103.213325, 13.0924676], [103.2133448, 13.0925907], [103.2133466, 13.0927475], [103.2133176, 13.0928695]]}}, {"type": "Feature", "properties": {"highway": "residential"}, "geometry": {"type": "LineString", "coordinates": [[103.1981557, 13.1104], [103.1976859, 13.1078637]]}}, {"type": "Feature", "properties": {"highway": "tertiary"}, "geometry": {"type": "LineString", "coordinates": [[103.198511, 13.1074594], [103.1984003, 13.1068568], [103.1983712, 13.106702], [103.1983359, 13.1065146]]}}, {"type": "Feature", "properties": {"highway": "residential"}, "geometry": {"type": "LineString", "coordinates": [[103.2218429, 13.0806838], [103.22181855268168, 13.080603654997798]]}}, {"type": "Feature", "properties": {"highway": "residential"}, "geometry": {"type": "LineString", "coordinates": [[103.2209316, 13.0809775], [103.22074979112071, 13.080464843933143]]}}, {"type": "Feature", "properties": {"highway": "residential"}, "geometry": {"type": "LineString", "coordinates": [[103.2197861, 13.1025066], [103.2201725, 13.1039981], [103.2202459, 13.1042814], [103.2205859, 13.1056502], [103.2206941, 13.1060711], [103.2209364, 13.1069554], [103.2212994, 13.1083492], [103.2214705, 13.1090103], [103.2214873, 13.1090751], [103.22163491765977, 13.109645357432528]]}}, {"type": "Feature", "properties": {"highway": "residential"}, "geometry": {"type": "LineString", "coordinates": [[103.2065529, 13.0887838], [103.2058219, 13.086975]]}}, {"type": "Feature", "properties": {"highway": "residential"}, "geometry": {"type": "LineString", "coordinates": [[103.2206729, 13.0836509], [103.2203122, 13.0826228]]}}, {"type": "Feature", "properties": {"highway": "residential"}, "geometry": {"type": "LineString", "coordinates": [[103.1966992, 13.1247273], [103.1960922, 13.1246706], [103.1957435, 13.124664], [103.1952402, 13.1246987], [103.1951541, 13.1251832], [103.1949938, 13.125528], [103.1949569, 13.1256487], [103.1949489, 13.1257442], [103.1949475, 13.1258141], [103.1949522, 13.1259159], [103.1949663, 13.1260217], [103.1950384, 13.1263971], [103.1950273, 13.1264181], [103.1950065, 13.1264344], [103.194967, 13.1264488], [103.194906, 13.1264651], [103.1948199, 13.1264868], [103.1943769, 13.1265692], [103.1940616, 13.1266214], [103.1940403, 13.1266225], [103.1938979, 13.1266261], [103.1935752, 13.1266176], [103.1932835, 13.126593], [103.1929915, 13.1265585], [103.1929426, 13.1265332], [103.1929091, 13.1265004], [103.1929117, 13.1263696], [103.1929024, 13.1263352], [103.1928393, 13.1263071], [103.1919851, 13.1262065], [103.1912618, 13.1260694], [103.1910631, 13.1259899], [103.1909128, 13.1259226], [103.1905868, 13.1257499], [103.1901745, 13.1255385]]}}, {"type": "Feature", "properties": {"highway": "residential"}, "geometry": {"type": "LineString", "coordinates": [[103.1900503, 13.1267045], [103.1905868, 13.1257499], [103.1910224, 13.1249393], [103.1916366, 13.1236998]]}}, {"type": "Feature", "properties": {"highway": "residential"}, "geometry": {"type": "LineString", "coordinates": [[103.2014627, 13.1453792], [103.2015663, 13.1447993], [103.2016819, 13.1441557], [103.2017282, 13.1439403], [103.2017691, 13.1437973], [103.2018455, 13.1435785], [103.2019563, 13.1432915], [103.2021204, 13.142613], [103.2022562, 13.1423311], [103.2022941, 13.1422745], [103.2024305, 13.1421225], [103.2027376, 13.1418538], [103.2032859, 13.1410113], [103.2034198, 13.1407429], [103.2034425, 13.1403293], [103.2034314, 13.1402378], [103.2034395, 13.1401898], [103.2034649, 13.1401568], [103.2035217, 13.1401366], [103.204315, 13.1399635], [103.2043252, 13.1399551], [103.2043339, 13.1399427], [103.2043856, 13.139748], [103.2044822, 13.1394209], [103.2045076, 13.1393373], [103.2045371, 13.1392629], [103.2045646, 13.1392257], [103.2045861, 13.139195], [103.2045988, 13.1391728], [103.2046039, 13.1391408], [103.2046296, 13.1383768], [103.2046175, 13.1375657], [103.2046451, 13.1371557], [103.2046444, 13.1371152], [103.2046366, 13.1370836], [103.2045345, 13.1366977], [103.2045364, 13.1364922], [103.2045351, 13.1363531], [103.2045841, 13.1360897], [103.2045928, 13.1360305], [103.2046176, 13.1359385], [103.2047289, 13.1357364], [103.2048537, 13.135487], [103.2048811, 13.1353795], [103.2048865, 13.1353207], [103.2048858, 13.1352508], [103.2047876, 13.1348317], [103.2047519, 13.1346376], [103.2047329, 13.1342338], [103.2047416, 13.1341864], [103.2047591, 13.1341244], [103.2048828, 13.1338786], [103.2049577, 13.1336964], [103.2049622, 13.133649], [103.2049602, 13.1336033], [103.2049366, 13.1334781], [103.2048794, 13.133333], [103.204724, 13.1325688], [103.2047108, 13.1324899], [103.2047112, 13.132375], [103.2047269, 13.1322894], [103.2048483, 13.1320388], [103.2049267, 13.1318676], [103.2049995, 13.1316603], [103.2049996, 13.1312559], [103.2049347, 13.1308881], [103.2048457, 13.1305298], [103.2048221, 13.1304636], [103.2047847, 13.1304124], [103.2045174, 13.1301462], [103.2044613, 13.1300352], [103.2044057, 13.1298955], [103.2043663, 13.129754], [103.2043252, 13.1293894], [103.2043201, 13.1293567], [103.2042709, 13.1290413], [103.2042213, 13.1286684], [103.2041451, 13.1283279]]}}, {"type": "Feature", "properties": {"highway": "residential"}, "geometry": {"type": "LineString", "coordinates": [[103.1903143, 13.1270107], [103.1909128, 13.1259226], [103.1913512, 13.1251218], [103.191838, 13.1242327]]}}, {"type": "Feature", "properties": {"highway": "residential"}, "geometry": {"type": "LineString", "coordinates": [[103.1897537, 13.1263513], [103.1901745, 13.1255385], [103.1904187, 13.1250981], [103.1906277, 13.1247213], [103.1911858, 13.1237039], [103.191254, 13.1235887], [103.1914332, 13.1232587], [103.1917872, 13.1226209], [103.1918547, 13.1224973], [103.1920859, 13.1220735], [103.1929701, 13.1204526], [103.1931451, 13.1201071], [103.193357, 13.1197323], [103.1935524, 13.1193867], [103.1943113, 13.1179742]]}}, {"type": "Feature", "properties": {"highway": "residential"}, "geometry": {"type": "LineString", "coordinates": [[103.2031576, 13.1205551], [103.2028556, 13.1195977], [103.202785, 13.1192877], [103.2027522, 13.119121], [103.2026556, 13.1187089], [103.2023834, 13.1175278], [103.2020908, 13.1165608]]}}, {"type": "Feature", "properties": {"highway": "residential"}, "geometry": {"type": "LineString", "coordinates": [[103.2014404, 13.1229683], [103.1992899, 13.1232937], [103.1988784, 13.1233836], [103.1981216, 13.1235488], [103.1979608, 13.1235708], [103.196537, 13.123767]]}}, {"type": "Feature", "properties": {"highway": "residential"}, "geometry": {"type": "LineString", "coordinates": [[103.2121806, 13.1162308], [103.2116527, 13.1160731], [103.2112021, 13.1160282], [103.2106639, 13.1159746], [103.2105084, 13.1159713], [103.2102656, 13.11597], [103.2101335, 13.1159985], [103.2097609, 13.1159979], [103.2089096, 13.1159964], [103.2088112, 13.1160321], [103.2085692, 13.1160945], [103.2078597, 13.1163194]]}}, {"type": "Feature", "properties": {"highway": "residential"}, "geometry": {"type": "LineString", "coordinates": [[103.1928104, 13.1095923], [103.1926238, 13.1095804], [103.1926004, 13.1095977], [103.1925824, 13.1096274], [103.1924672, 13.1098118], [103.1924306, 13.1098422], [103.1923888, 13.1098604], [103.1922513, 13.1098783]]}}, {"type": "Feature", "properties": {"highway": "residential"}, "geometry": {"type": "LineString", "coordinates": [[103.1896609, 13.1114987], [103.1892222, 13.1114739], [103.1877872, 13.1113926]]}}, {"type": "Feature", "properties": {"highway": "residential"}, "geometry": {"type": "LineString", "coordinates": [[103.1968428, 13.1144019], [103.1958192, 13.1145111], [103.1948869, 13.1146851]]}}, {"type": "Feature", "properties": {"highway": "residential"}, "geometry": {"type": "LineString", "coordinates": [[103.1895875, 13.1188323], [103.1896199, 13.118085], [103.1896247, 13.1179736], [103.189618, 13.1174956], [103.1895976, 13.1169932]]}}, {"type": "Feature", "properties": {"highway": "residential"}, "geometry": {"type": "LineString", "coordinates": [[103.1840566, 13.1121481], [103.1841292, 13.1092792]]}}, {"type": "Feature", "properties": {"highway": "residential"}, "geometry": {"type": "LineString", "coordinates": [[103.1954323, 13.1075634], [103.1966606, 13.1073237]]}}, {"type": "Feature", "properties": {"highway": "residential"}, "geometry": {"type": "LineString", "coordinates": [[103.1984262, 13.1037699], [103.1981895, 13.1024499]]}}, {"type": "Feature", "properties": {"highway": "service"}, "geometry": {"type": "LineString", "coordinates": [[103.1925304, 13.108735], [103.1925053, 13.1078143], [103.1925242, 13.1077087]]}}, {"type": "Feature", "properties": {"highway": "residential"}, "geometry": {"type": "LineString", "coordinates": [[103.191188, 13.1073804], [103.1911678, 13.1075552], [103.191124, 13.1079126], [103.191038, 13.1086219], [103.1910041, 13.1086701], [103.19094, 13.1087272], [103.1909163, 13.1087963], [103.1908957, 13.1091059]]}}, {"type": "Feature", "properties": {"highway": "residential"}, "geometry": {"type": "LineString", "coordinates": [[103.1994075, 13.1036095], [103.1992404, 13.1026942], [103.1992213, 13.1026611]]}}, {"type": "Feature", "properties": {"highway": "residential"}, "geometry": {"type": "LineString", "coordinates": [[103.1910282, 13.1124768], [103.1909478, 13.1128588], [103.1906713, 13.1132002], [103.1905019, 13.1137105], [103.1904875, 13.1139945], [103.190511, 13.1141357], [103.1905476, 13.1143392], [103.1905926, 13.1145082], [103.1905939, 13.1148861]]}}, {"type": "Feature", "properties": {"highway": "residential"}, "geometry": {"type": "LineString", "coordinates": [[103.1802968, 13.1092734], [103.1803501, 13.1082617], [103.1803849, 13.107685], [103.1803609, 13.1076386]]}}, {"type": "Feature", "properties": {"highway": "residential"}, "geometry": {"type": "LineString", "coordinates": [[103.1898847, 13.1094085], [103.1898045, 13.1095352], [103.1897613, 13.109698], [103.1896609, 13.1114987], [103.1896501, 13.1116434], [103.1896437, 13.1116745], [103.1895692, 13.1117802], [103.1895394, 13.1118714], [103.1895178, 13.1121039], [103.1895196, 13.1124158]]}}, {"type": "Feature", "properties": {"highway": "residential"}, "geometry": {"type": "LineString", "coordinates": [[103.1937823, 13.1126117], [103.1936893, 13.1119332], [103.1936025, 13.1114022], [103.1935135, 13.1109484], [103.1934703, 13.1107133], [103.1933762, 13.1102843], [103.1932486, 13.1098455], [103.1931996, 13.1095661]]}}, {"type": "Feature", "properties": {"highway": "residential"}, "geometry": {"type": "LineString", "coordinates": [[103.1904166, 13.1072717], [103.1903983, 13.1074451], [103.1902221, 13.1082036], [103.190208, 13.1085356], [103.1902093, 13.109392], [103.1902042, 13.1095256], [103.1902175, 13.1095504]]}}, {"type": "Feature", "properties": {"highway": "residential"}, "geometry": {"type": "LineString", "coordinates": [[103.1902763, 13.1101694], [103.1904458, 13.1095881], [103.1906872, 13.1092033], [103.1907484, 13.1091781], [103.1908957, 13.1091059]]}}, {"type": "Feature", "properties": {"highway": "residential"}, "geometry": {"type": "LineString", "coordinates": [[103.1878871, 13.1093143], [103.1864851, 13.1092961], [103.1852654, 13.1092803], [103.1841292, 13.1092792], [103.183208, 13.1092793], [103.18227, 13.1092711], [103.1812602, 13.1092623], [103.180351, 13.1092736], [103.1802968, 13.1092734], [103.1801816, 13.1093039], [103.1794715, 13.109324]]}}, {"type": "Feature", "properties": {"highway": "residential"}, "geometry": {"type": "LineString", "coordinates": [[103.1922763, 13.11256], [103.1925067, 13.1119537], [103.192504, 13.1118231], [103.1924826, 13.1116716], [103.1924048, 13.1114939], [103.1923994, 13.1113607], [103.1924362, 13.1111708], [103.192725, 13.1102052], [103.1927852, 13.1099662], [103.1927954, 13.1098963], [103.1927829, 13.109856], [103.192779, 13.1098174], [103.192783, 13.1097732], [103.1928104, 13.1095923], [103.1928472, 13.1095157], [103.1928578, 13.1094879], [103.1929194, 13.1093242], [103.1929748, 13.1091794], [103.1929976, 13.1090674], [103.1929456, 13.1087448], [103.1929268, 13.108715]]}}, {"type": "Feature", "properties": {"highway": "residential"}, "geometry": {"type": "LineString", "coordinates": [[103.1803038, 13.1135136], [103.1802983, 13.1131082], [103.180319, 13.1118148]]}}, {"type": "Feature", "properties": {"highway": "residential"}, "geometry": {"type": "LineString", "coordinates": [[103.1731024, 13.1022354], [103.174807, 13.1021831], [103.1754047, 13.1021678], [103.1756844, 13.1021606], [103.1761186, 13.1021494], [103.1764482, 13.102141], [103.1780655, 13.1020994]]}}, {"type": "Feature", "properties": {"highway": "unclassified"}, "geometry": {"type": "LineString", "coordinates": [[103.1585501, 13.1181171], [103.1608084, 13.1180089], [103.1611974, 13.1179981], [103.1614709, 13.1179906], [103.1617996, 13.1179766], [103.1634291, 13.1179069], [103.1650333, 13.1178384], [103.1655244, 13.1178186], [103.1659934, 13.1177997], [103.1664279, 13.1177821], [103.1682999, 13.1177066], [103.170763, 13.1176072], [103.1713444, 13.1175829], [103.1717924, 13.1175641], [103.1722336, 13.1175457], [103.1726869, 13.1175267], [103.1728856, 13.1175184], [103.1732082, 13.117505], [103.1736496, 13.1174865], [103.1736806, 13.1174852], [103.1748096, 13.11743], [103.1752599, 13.117408], [103.1756678, 13.1173881], [103.175767, 13.1173832], [103.1761237, 13.1173663], [103.1762107, 13.1173615], [103.1773201, 13.1173073], [103.1776921, 13.1172969], [103.1783597, 13.1172611], [103.1792457, 13.1172301], [103.1802606, 13.1171946], [103.1825491, 13.1171146], [103.185216, 13.1170077], [103.1853933, 13.1170028], [103.1857665, 13.1169881], [103.1875709, 13.1169172]]}}, {"type": "Feature", "properties": {"highway": "residential"}, "geometry": {"type": "LineString", "coordinates": [[103.1646332, 13.1108147], [103.1647313, 13.1108201], [103.165932, 13.1108856], [103.166511, 13.1109172], [103.1670804, 13.1109483], [103.171201, 13.1111732], [103.1724284, 13.1112377], [103.1736335, 13.1113009], [103.1739976, 13.1113201], [103.1741962, 13.1113305], [103.1745763, 13.1113505], [103.174644, 13.1113541], [103.1750516, 13.1113754], [103.1755331, 13.1114007], [103.1760169, 13.111442], [103.1765269, 13.1114888], [103.1766051, 13.111496], [103.1770069, 13.1115303], [103.1775619, 13.1115776], [103.1785413, 13.1116611], [103.1794235, 13.1117363], [103.180319, 13.1118148], [103.1809307, 13.1118752], [103.1812547, 13.1119072], [103.181546, 13.1119422], [103.1821357, 13.1119872], [103.1824335, 13.1120085], [103.1832136, 13.1120852], [103.1840566, 13.1121481], [103.185236, 13.1122734], [103.1877354, 13.1124688]]}}, {"type": "Feature", "properties": {"highway": "tertiary"}, "geometry": {"type": "LineString", "coordinates": [[103.1995464, 13.090275], [103.2002307, 13.0904997], [103.2004691, 13.090578]]}}, {"type": "Feature", "properties": {"highway": "residential"}, "geometry": {"type": "LineString", "coordinates": [[103.15386674568684, 13.111352506954148], [103.1550013, 13.111187], [103.1581236, 13.1106694], [103.1582972, 13.1106118], [103.1583863, 13.1105822], [103.1586324, 13.110538]]}}, {"type": "Feature", "properties": {"highway": "residential"}, "geometry": {"type": "LineString", "coordinates": [[103.1578971, 13.109622], [103.1563514, 13.1097984], [103.1548832, 13.1100358]]}}, {"type": "Feature", "properties": {"highway": "residential"}, "geometry": {"type": "LineString", "coordinates": [[103.1606596, 13.1068742], [103.1607469, 13.1074901], [103.1608349, 13.108141], [103.1609294, 13.1089484]]}}, {"type": "Feature", "properties": {"highway": "residential"}, "geometry": {"type": "LineString", "coordinates": [[103.1608349, 13.108141], [103.159386, 13.1083301], [103.1567512, 13.108674], [103.1548755, 13.1089249], [103.1542756, 13.1090159], [103.15318540703772, 13.109181143737848]]}}, {"type": "Feature", "properties": {"highway": "residential"}, "geometry": {"type": "LineString", "coordinates": [[103.1543143, 13.1077887], [103.1543273, 13.1079027], [103.1542756, 13.1090159], [103.1541711, 13.1101007], [103.1540344, 13.1101755], [103.15352035104189, 13.11024857927978]]}}, {"type": "Feature", "properties": {"highway": "residential"}, "geometry": {"type": "LineString", "coordinates": [[103.1548497, 13.1077119], [103.1548755, 13.1089249], [103.1548832, 13.1100358], [103.1550013, 13.111187], [103.1552358, 13.1130804], [103.1553393, 13.1137968], [103.1556513, 13.1159577], [103.1557272, 13.1182542]]}}, {"type": "Feature", "properties": {"highway": "unclassified"}, "geometry": {"type": "LineString", "coordinates": [[103.1757546, 13.1080006], [103.1736413, 13.1079233]]}}, {"type": "Feature", "properties": {"highway": "unclassified"}, "geometry": {"type": "LineString", "coordinates": [[103.17778, 13.1085495], [103.1767495, 13.1085072], [103.1764101, 13.1084937], [103.1757244, 13.1084688], [103.1736123, 13.1083858]]}}, {"type": "Feature", "properties": {"highway": "unclassified"}, "geometry": {"type": "LineString", "coordinates": [[103.1778316, 13.1076089], [103.1771646, 13.107577], [103.176465, 13.1075443], [103.1757863, 13.1075083], [103.1752153, 13.1074768], [103.1736746, 13.1073938]]}}, {"type": "Feature", "properties": {"highway": "residential"}, "geometry": {"type": "LineString", "coordinates": [[103.1713105, 13.1087561], [103.1729464, 13.1088224], [103.1735832, 13.108849], [103.1756916, 13.1089794], [103.1767192, 13.1090419], [103.1777604, 13.1090933]]}}, {"type": "Feature", "properties": {"highway": "unclassified"}, "geometry": {"type": "LineString", "coordinates": [[103.1778316, 13.1076089], [103.1777824, 13.1084947], [103.17778, 13.1085495], [103.1777604, 13.1090933], [103.1777346, 13.1095777], [103.1771217, 13.1095459], [103.1766968, 13.1095239], [103.1756595, 13.1094701], [103.1735493, 13.1093607]]}}, {"type": "Feature", "properties": {"highway": "unclassified"}, "geometry": {"type": "LineString", "coordinates": [[103.1737096, 13.106836], [103.1736746, 13.1073938], [103.1736413, 13.1079233], [103.1736123, 13.1083858], [103.1735832, 13.108849], [103.1735493, 13.1093607], [103.1735164, 13.1098859]]}}, {"type": "Feature", "properties": {"highway": "unclassified"}, "geometry": {"type": "LineString", "coordinates": [[103.1757863, 13.1075083], [103.1757546, 13.1080006], [103.1757244, 13.1084688], [103.1756916, 13.1089794]]}}, {"type": "Feature", "properties": {"highway": "residential"}, "geometry": {"type": "LineString", "coordinates": [[103.1968894, 13.1175058], [103.1968868, 13.1179979], [103.1968232, 13.1181765], [103.1966886, 13.1182528], [103.1964061, 13.1183292], [103.1961784, 13.1183666], [103.1959961, 13.1184743]]}}, {"type": "Feature", "properties": {"highway": "tertiary"}, "geometry": {"type": "LineString", "coordinates": [[103.19147379432225, 13.153316299751074], [103.1915763, 13.1529232], [103.1924755, 13.1495317], [103.1931021, 13.1471547], [103.19375, 13.1447149], [103.1942077, 13.143006], [103.1942337, 13.1429088], [103.1943561, 13.1424493], [103.1950048, 13.1400181], [103.1960667, 13.1360686], [103.1961671, 13.135696], [103.196289, 13.1352434], [103.1975509, 13.1304682], [103.1976589, 13.1300974], [103.1977021, 13.1299492], [103.197723, 13.129917], [103.1977566, 13.1298743]]}}, {"type": "Feature", "properties": {"highway": "residential"}, "geometry": {"type": "LineString", "coordinates": [[103.2054093, 13.1462293], [103.2048645, 13.14629], [103.2043317, 13.146301], [103.203615, 13.1461694], [103.2034123, 13.1459758], [103.2031609, 13.1457419], [103.202842, 13.1456615], [103.2025981, 13.1456908], [103.2023204, 13.1456725], [103.2019527, 13.1455227], [103.2016037, 13.1454277], [103.2014627, 13.1453792], [103.201249, 13.1453117], [103.2011532, 13.1453484], [103.2009887, 13.1454414], [103.2008056, 13.1457231], [103.2006464, 13.1458393], [103.2003678, 13.1459504], [103.2001529, 13.1461985], [103.1997416, 13.1466119], [103.1992853, 13.146754], [103.1988926, 13.1467927], [103.1981861, 13.1468524], [103.1970539, 13.1469555], [103.1952974, 13.1469839], [103.1945677, 13.1470072], [103.1943792, 13.1470382], [103.193877, 13.1471209], [103.1932786, 13.1472279]]}}, {"type": "Feature", "properties": {"highway": "residential"}, "geometry": {"type": "LineString", "coordinates": [[103.2042635, 13.1303168], [103.2044533, 13.1306543], [103.2045472, 13.1308868], [103.2046346, 13.1312583], [103.2046561, 13.1315541], [103.2046249, 13.1317226], [103.2044855, 13.1320533], [103.2044233, 13.1322188], [103.2043862, 13.1323861], [103.2043824, 13.1325033], [103.2045069, 13.1331645], [103.204586, 13.1334005], [103.2045494, 13.1336044], [103.2044989, 13.1338514], [103.2044293, 13.1340836], [103.2043744, 13.1343174], [103.2043797, 13.1344867], [103.2044191, 13.1347224], [103.2044768, 13.1349297], [103.2045585, 13.1352229], [103.2045564, 13.1353181], [103.2045387, 13.1354058], [103.2043319, 13.1357526], [103.2042953, 13.1358582], [103.2042435, 13.1361328], [103.204202, 13.1365201], [103.2042307, 13.1368605], [103.2042736, 13.1370956], [103.2042983, 13.1374244], [103.2042974, 13.1385705], [103.2042797, 13.1388404], [103.2042598, 13.1390432], [103.2041297, 13.1394612], [103.2040983, 13.1395574], [103.2040688, 13.1395895], [103.2040157, 13.1396364], [103.2039284, 13.1396758], [103.2031897, 13.1399557], [103.2030887, 13.1400347], [103.2030651, 13.1401413], [103.2030501, 13.140894], [103.2026973, 13.1413544], [103.2024797, 13.1417162], [103.2023013, 13.1418589], [103.2020495, 13.1420934], [103.2019401, 13.1422299], [103.2018592, 13.1423502], [103.201791, 13.1424751], [103.2016826, 13.1428602], [103.201586, 13.143333], [103.2014671, 13.1438189], [103.2013929, 13.1440852], [103.2012865, 13.1446431], [103.2012588, 13.1450203], [103.201249, 13.1453117]]}}, {"type": "Feature", "properties": {"highway": "residential"}, "geometry": {"type": "LineString", "coordinates": [[103.2019649, 13.1345345], [103.2019421, 13.1346076], [103.2019276, 13.1349517], [103.2019335, 13.1352018], [103.2019383, 13.1354074], [103.2019201, 13.1354646], [103.2018931, 13.1355228], [103.2016304, 13.1357657], [103.2013863, 13.1361401], [103.2011607, 13.1364028], [103.200891, 13.1364999], [103.2004177, 13.1364708], [103.1998202, 13.1364669], [103.1993964, 13.1363341], [103.1991705, 13.1362564], [103.1988233, 13.1362411], [103.1981891, 13.1362127], [103.1976798, 13.1361961], [103.1968704, 13.1362077], [103.1962082, 13.1362388]]}}, {"type": "Feature", "properties": {"highway": "residential"}, "geometry": {"type": "LineString", "coordinates": [[103.2044494, 13.1484796], [103.2044405, 13.1483691], [103.204418, 13.1475945], [103.2043317, 13.146301]]}}, {"type": "Feature", "properties": {"highway": "residential"}, "geometry": {"type": "LineString", "coordinates": [[103.2043744, 13.1343174], [103.2037295, 13.1344137], [103.2033077, 13.1344461], [103.202955, 13.134468], [103.2027486, 13.1345301], [103.2027035, 13.134574], [103.2022795, 13.1345849], [103.2019649, 13.1345345], [103.2011998, 13.1343999], [103.2009704, 13.1343817], [103.2001617, 13.1343775], [103.1991537, 13.134409], [103.199024, 13.1344414], [103.1984238, 13.1345057], [103.1976089, 13.1344893]]}}, {"type": "Feature", "properties": {"highway": "tertiary"}, "geometry": {"type": "LineString", "coordinates": [[103.214647, 13.139533], [103.2146024, 13.1394455]]}}, {"type": "Feature", "properties": {"highway": "tertiary"}, "geometry": {"type": "LineString", "coordinates": [[103.2147592, 13.1397422], [103.214647, 13.139533]]}}, {"type": "Feature", "properties": {"highway": "residential"}, "geometry": {"type": "LineString", "coordinates": [[103.21455469805255, 13.139940170272752], [103.2147964, 13.1398116]]}}, {"type": "Feature", "properties": {"highway": "residential"}, "geometry": {"type": "LineString", "coordinates": [[103.1468997, 13.1063187], [103.1463292, 13.1063111], [103.1454876, 13.1063111], [103.1450763, 13.1063111], [103.14434038782241, 13.106327312320111]]}}, {"type": "Feature", "properties": {"highway": "residential"}, "geometry": {"type": "LineString", "coordinates": [[103.14523208992368, 13.109096974627558], [103.1451627, 13.1086646], [103.1451147, 13.1084481], [103.1450595, 13.1083773], [103.1448096, 13.1083067], [103.1445476, 13.108256], [103.14440339273321, 13.108244357458448]]}}, {"type": "Feature", "properties": {"highway": "tertiary"}, "geometry": {"type": "LineString", "coordinates": [[103.1422028, 13.0905312], [103.14194916654178, 13.090989183241494]]}}, {"type": "Feature", "properties": {"highway": "residential"}, "geometry": {"type": "LineString", "coordinates": [[103.1728694, 13.0829156], [103.172752, 13.0828029], [103.1726866, 13.0827947], [103.1712554, 13.0826569], [103.1707841, 13.082603], [103.1703073, 13.0825485], [103.1699442, 13.082507], [103.1696302, 13.0824711], [103.1609031, 13.0815496], [103.1606439, 13.0815232], [103.1583512, 13.0813162], [103.1572233, 13.0811885], [103.1561248, 13.0811053], [103.1550734, 13.0810188], [103.1550818, 13.0808549], [103.1551134, 13.0801038], [103.1550397, 13.0800081], [103.1549645, 13.0799929], [103.1471038, 13.0796614], [103.1386988, 13.0793409]]}}, {"type": "Feature", "properties": {"highway": "unclassified"}, "geometry": {"type": "LineString", "coordinates": [[103.2022887, 13.0672502], [103.2023083, 13.0668186], [103.2022984, 13.0666374], [103.2022705, 13.0665037], [103.2022112, 13.0663417], [103.2021049, 13.0661255], [103.2019528, 13.0659088], [103.2017154, 13.0656125], [103.2013934, 13.0652151], [103.2012308, 13.0650603], [103.2010355, 13.0648749], [103.2009705, 13.064761], [103.2008773, 13.0645802], [103.2008055, 13.0642883], [103.2007097, 13.0639078], [103.2006219, 13.0636175], [103.2005218, 13.0635116], [103.200413, 13.0634465], [103.2003178, 13.0634273], [103.1998937, 13.0634778], [103.1996353, 13.0634814], [103.1992617, 13.0634701], [103.1986673, 13.0634887], [103.198077, 13.0635039], [103.1977239, 13.063455], [103.197447, 13.0633923], [103.1971725, 13.0633285], [103.1970217, 13.0632478], [103.196793, 13.0630936], [103.1965334, 13.0629034], [103.1961785, 13.0626336], [103.1959943, 13.0624626], [103.1956473, 13.0618695], [103.1955085, 13.061622]]}}, {"type": "Feature", "properties": {"highway": "track"}, "geometry": {"type": "LineString", "coordinates": [[103.138443, 13.0890012], [103.1384789, 13.0868182], [103.1385218, 13.0807998], [103.1385323, 13.0793346]]}}, {"type": "Feature", "properties": {"highway": "track"}, "geometry": {"type": "LineString", "coordinates": [[103.1958973, 13.0488433], [103.19596978679529, 13.048872015539258]]}}, {"type": "Feature", "properties": {"highway": "unclassified"}, "geometry": {"type": "LineString", "coordinates": [[103.1928721, 13.0516491], [103.1929215, 13.0516507], [103.193529, 13.0508489], [103.1936666, 13.0506], [103.1943054, 13.0502122], [103.1949883, 13.0498485], [103.1956811, 13.049164], [103.1958973, 13.0488433], [103.1961234, 13.0483981], [103.1964526, 13.0477663], [103.1964305, 13.0471603], [103.1965852, 13.0463829], [103.1966147, 13.0459665], [103.1969095, 13.045282], [103.197052, 13.0446023], [103.1974205, 13.0440805], [103.1978824, 13.0434918], [103.1985211, 13.042836], [103.1990272, 13.0419935], [103.1994547, 13.0410075], [103.1995235, 13.0405336], [103.1994695, 13.0400118], [103.1993171, 13.0397916], [103.1987373, 13.0395906], [103.1982951, 13.0395331], [103.1977546, 13.039782], [103.1969881, 13.0403517], [103.1964722, 13.0414383], [103.1962167, 13.042185], [103.1959072, 13.0425249], [103.1952733, 13.0429461], [103.1946837, 13.0431471], [103.1942955, 13.0431136], [103.1938781, 13.0429803], [103.1933964, 13.0428264], [103.1929907, 13.0426458], [103.1923105, 13.042343], [103.1922559, 13.0423325], [103.1922117, 13.042337], [103.1920467, 13.042371], [103.1918925, 13.0424376], [103.1914613, 13.0426345]]}}, {"type": "Feature", "properties": {"highway": "service"}, "geometry": {"type": "LineString", "coordinates": [[103.1952946, 13.092014], [103.1955887, 13.0911384]]}}, {"type": "Feature", "properties": {"highway": "service"}, "geometry": {"type": "LineString", "coordinates": [[103.1961289, 13.0922789], [103.1964231, 13.0914303]]}}, {"type": "Feature", "properties": {"highway": "service"}, "geometry": {"type": "LineString", "coordinates": [[103.196868, 13.0915804], [103.1966279, 13.0915143], [103.1964231, 13.0914303], [103.1960058, 13.0912843], [103.1955887, 13.0911384], [103.195024, 13.0909667]]}}, {"type": "Feature", "properties": {"highway": "service"}, "geometry": {"type": "LineString", "coordinates": [[103.1965486, 13.0925366], [103.1961289, 13.0922789], [103.1957371, 13.0921545], [103.1952946, 13.092014], [103.1947432, 13.0918308]]}}, {"type": "Feature", "properties": {"highway": "residential"}, "geometry": {"type": "LineString", "coordinates": [[103.1885867, 13.1013283], [103.1887789, 13.1035038], [103.1887907, 13.103519], [103.188806, 13.103526], [103.1894886, 13.1035484], [103.1897266, 13.103572], [103.1898017, 13.1035446], [103.189846, 13.1035054], [103.1898862, 13.1034088], [103.1899573, 13.1033774], [103.1900716, 13.103362], [103.1904615, 13.1033095], [103.1905246, 13.1033003], [103.1905889, 13.1032481], [103.190652, 13.1031567], [103.1907231, 13.1031345], [103.1918404, 13.1032263]]}}, {"type": "Feature", "properties": {"highway": "residential"}, "geometry": {"type": "LineString", "coordinates": [[103.2072782, 13.0885168], [103.2065167, 13.0867143], [103.2060793, 13.0855621], [103.2060669, 13.0855293], [103.2054902, 13.084016]]}}, {"type": "Feature", "properties": {"highway": "residential"}, "geometry": {"type": "LineString", "coordinates": [[103.1981894, 13.0826973], [103.1981245, 13.083521], [103.1981012, 13.0839418]]}}, {"type": "Feature", "properties": {"highway": "residential"}, "geometry": {"type": "LineString", "coordinates": [[103.1898918, 13.1014004], [103.1899801, 13.1021026], [103.1900383, 13.1026175], [103.1900716, 13.103362]]}}, {"type": "Feature", "properties": {"highway": "residential"}, "geometry": {"type": "LineString", "coordinates": [[103.1900881, 13.0906373], [103.1901026, 13.0895238], [103.1901705, 13.0887974], [103.1902538, 13.0878046], [103.1903544, 13.0864159]]}}, {"type": "Feature", "properties": {"highway": "residential"}, "geometry": {"type": "LineString", "coordinates": [[103.1890073, 13.0906282], [103.1890203, 13.0902224], [103.1890678, 13.0887409]]}}, {"type": "Feature", "properties": {"highway": "residential"}, "geometry": {"type": "LineString", "coordinates": [[103.1892483, 13.1013728], [103.189463, 13.1031565], [103.1894886, 13.1035484]]}}, {"type": "Feature", "properties": {"highway": "residential"}, "geometry": {"type": "LineString", "coordinates": [[103.1958229, 13.0837012], [103.1964362, 13.0838492], [103.1968228, 13.0838937], [103.1973903, 13.0839214]]}}, {"type": "Feature", "properties": {"highway": "residential"}, "geometry": {"type": "LineString", "coordinates": [[103.1913675, 13.0907125], [103.1900881, 13.0906373], [103.1890073, 13.0906282], [103.1885311, 13.0905618]]}}, {"type": "Feature", "properties": {"highway": "primary"}, "geometry": {"type": "LineString", "coordinates": [[103.22721253064913, 13.084405911692699], [103.2266815, 13.0845804], [103.2263909, 13.084674], [103.2262206, 13.0847359]]}}, {"type": "Feature", "properties": {"highway": "track"}, "geometry": {"type": "LineString", "coordinates": [[103.1776858, 13.0647118], [103.177569, 13.0641271], [103.1776641, 13.0631389], [103.177681, 13.0629255], [103.1774337, 13.0625237], [103.1771495, 13.0623366], [103.1762969, 13.0611544], [103.1760357, 13.0596129], [103.1756977, 13.0585354], [103.1757976, 13.0577273], [103.1757381, 13.0569445]]}}, {"type": "Feature", "properties": {"highway": "residential"}, "geometry": {"type": "LineString", "coordinates": [[103.1914613, 13.0426345], [103.1910399, 13.0427413], [103.1904476, 13.0428779], [103.190424, 13.0428897], [103.190314, 13.0429798], [103.1902869, 13.0429956], [103.1897328, 13.0430243], [103.1896978, 13.0430458], [103.189683, 13.0430798], [103.189563, 13.0438996], [103.1895281, 13.0439493], [103.1894796, 13.0439834], [103.1891462, 13.0440644], [103.188758, 13.0441995], [103.1884585, 13.0444156], [103.1880703, 13.0446209], [103.187885, 13.044688], [103.1711134, 13.0435368], [103.1701033, 13.0434675]]}}, {"type": "Feature", "properties": {"highway": "residential"}, "geometry": {"type": "LineString", "coordinates": [[103.1465644, 13.0611801], [103.1451998, 13.06112], [103.1436864, 13.0610533], [103.1420657, 13.0609934], [103.1389485, 13.0608582]]}}, {"type": "Feature", "properties": {"highway": "residential"}, "geometry": {"type": "LineString", "coordinates": [[103.1553255, 13.0703827], [103.1552641, 13.0708051], [103.1552985, 13.0711019], [103.155411, 13.0712819], [103.1555547, 13.0714431], [103.1555763, 13.0718324], [103.1555814, 13.0721579], [103.1555087, 13.0727576], [103.1553919, 13.0737219], [103.155362, 13.0739683], [103.1552931, 13.0745371], [103.155157, 13.0749739], [103.155213, 13.0753952], [103.1551198, 13.0771197], [103.1550022, 13.0792968], [103.1549714, 13.0798666], [103.1549645, 13.0799929]]}}, {"type": "Feature", "properties": {"highway": "residential"}, "geometry": {"type": "LineString", "coordinates": [[103.1423975, 13.0708999], [103.1434196, 13.0708983], [103.1449807, 13.0709871], [103.1459248, 13.0710394], [103.1483281, 13.0711543], [103.1500474, 13.0712144], [103.1505731, 13.0711935], [103.1513536, 13.0712092], [103.152118, 13.0712536], [103.1526893, 13.0712902], [103.1528556, 13.0713032], [103.15292, 13.071251], [103.1529495, 13.0711413], [103.1529388, 13.0709897], [103.1529093, 13.0708408], [103.1528798, 13.0707075], [103.1527698, 13.0705142], [103.1526384, 13.0701824], [103.1526116, 13.0700335], [103.1526116, 13.0699734], [103.1526974, 13.069908], [103.1530032, 13.0698767], [103.1533599, 13.069848], [103.1543496, 13.0697931], [103.1545937, 13.0697957], [103.1547814, 13.0698409], [103.1549888, 13.0699504], [103.155197, 13.0703794], [103.1553255, 13.0703827], [103.1563597, 13.0704097], [103.1569908, 13.0704262], [103.1574954, 13.0703794], [103.1581708, 13.0703118], [103.1592956, 13.0701536], [103.1595317, 13.0701223], [103.159655, 13.0700727], [103.1598133, 13.0700308], [103.1603423, 13.0699308], [103.1603068, 13.0696834], [103.1602943, 13.0694809], [103.1603256, 13.0692026], [103.1603983, 13.0688699], [103.1606385, 13.0683161], [103.1607017, 13.0680983], [103.1607586, 13.0679026], [103.1609845, 13.0673201]]}}, {"type": "Feature", "properties": {"highway": "residential"}, "geometry": {"type": "LineString", "coordinates": [[103.1518507, 13.0452577], [103.1529497, 13.0453472], [103.1537264, 13.0454901], [103.1559324, 13.0457273], [103.1579575, 13.0464267], [103.1589135, 13.0466383], [103.1592774, 13.0466383], [103.1603854, 13.0468341], [103.1604995, 13.0467918], [103.1606407, 13.0466965], [103.1607765, 13.0466912], [103.1620311, 13.047051], [103.1622973, 13.0471727], [103.1623672, 13.0472392]]}}, {"type": "Feature", "properties": {"highway": "residential"}, "geometry": {"type": "LineString", "coordinates": [[103.1807543, 13.0665967], [103.1805555, 13.0681194], [103.1806836, 13.06833], [103.1806345, 13.0688323], [103.1806036, 13.0691491], [103.1806154, 13.0692688], [103.1806436, 13.0695547], [103.1807581, 13.0696064], [103.1815839, 13.0696242], [103.1819072, 13.0696697], [103.1820933, 13.0696932], [103.182372, 13.0697212], [103.1827328, 13.0697435], [103.1831233, 13.0697859], [103.1837543, 13.0698372], [103.1838925, 13.0698484]]}}, {"type": "Feature", "properties": {"highway": "residential"}, "geometry": {"type": "LineString", "coordinates": [[103.15339, 13.0614039], [103.1529937, 13.062005], [103.1529321, 13.062603], [103.1528295, 13.0635992], [103.152586, 13.0636874], [103.1525124, 13.0640515], [103.1526144, 13.0644762], [103.1527276, 13.0645921], [103.1529315, 13.065436], [103.1528465, 13.0659214], [103.1528409, 13.0664565], [103.1524388, 13.0667157], [103.1519632, 13.0666826], [103.1519065, 13.0665502], [103.1520481, 13.0657945]]}}, {"type": "Feature", "properties": {"highway": "residential"}, "geometry": {"type": "LineString", "coordinates": [[103.1584443, 13.0651679], [103.1587012, 13.0646413], [103.1586198, 13.0640487], [103.158723, 13.0634878], [103.158598, 13.062837], [103.1585274, 13.0624296], [103.1584568, 13.0608159], [103.1588981, 13.0585288], [103.1594617, 13.0557576], [103.1603796, 13.053493], [103.160423, 13.0530909], [103.160347, 13.0528105], [103.1601515, 13.052493], [103.1600483, 13.0523184], [103.1602384, 13.0494929]]}}, {"type": "Feature", "properties": {"highway": "residential"}, "geometry": {"type": "LineString", "coordinates": [[103.1606439, 13.0815232], [103.1606697, 13.0819013], [103.1605474, 13.0821326], [103.1604682, 13.0826952], [103.1604409, 13.082731], [103.1601727, 13.0828303], [103.1601567, 13.0828551], [103.1606175, 13.0836901], [103.1605588, 13.0837376], [103.1602961, 13.08381], [103.1602586, 13.0838424], [103.1602756, 13.0851827], [103.1603832, 13.0856681], [103.160287, 13.0864899], [103.1599755, 13.0865395], [103.1593073, 13.0863741], [103.1591091, 13.0863631], [103.1589738, 13.0864278], [103.1588722, 13.0865363]]}}, {"type": "Feature", "properties": {"highway": "residential"}, "geometry": {"type": "LineString", "coordinates": [[103.1520244, 13.0846877], [103.1520874, 13.084655], [103.1537887, 13.0846321], [103.1540031, 13.0846292], [103.1541589, 13.0845596], [103.1542349, 13.0845004], [103.1544794, 13.0833013], [103.1549335, 13.0815883], [103.1550734, 13.0810188]]}}, {"type": "Feature", "properties": {"highway": "residential"}, "geometry": {"type": "LineString", "coordinates": [[103.1625789, 13.0459845], [103.162957, 13.0458776], [103.1631365, 13.0458593], [103.1633333, 13.0458495], [103.1635918, 13.0458236], [103.1638601, 13.0458424], [103.1641337, 13.0459044], [103.1644388, 13.0459338], [103.1652509, 13.0460288], [103.1654097, 13.0460331], [103.1655703, 13.0460183], [103.1662211, 13.0458972], [103.1663856, 13.045887], [103.1665288, 13.0459101], [103.1670868, 13.0460588], [103.1674979, 13.0461405], [103.1676249, 13.0461829], [103.1678693, 13.0462644], [103.1682341, 13.0464094], [103.1685653, 13.0465526], [103.1690777, 13.0468255], [103.1695613, 13.0469634], [103.1700366, 13.0469847], [103.1703353, 13.0469477], [103.1707094, 13.0468561]]}}, {"type": "Feature", "properties": {"highway": "residential"}, "geometry": {"type": "LineString", "coordinates": [[103.1551198, 13.0771197], [103.1577052, 13.0767444]]}}, {"type": "Feature", "properties": {"highway": "residential"}, "geometry": {"type": "LineString", "coordinates": [[103.1483824, 13.0602769], [103.1491564, 13.0604931]]}}, {"type": "Feature", "properties": {"highway": "residential"}, "geometry": {"type": "LineString", "coordinates": [[103.146809, 13.0604575], [103.148229, 13.060838]]}}, {"type": "Feature", "properties": {"highway": "track"}, "geometry": {"type": "LineString", "coordinates": [[103.1728242, 13.0755346], [103.1739263, 13.0756536]]}}, {"type": "Feature", "properties": {"highway": "residential"}, "geometry": {"type": "LineString", "coordinates": [[103.155483, 13.0833734], [103.1559402, 13.081831], [103.1561248, 13.0811053]]}}, {"type": "Feature", "properties": {"highway": "track"}, "geometry": {"type": "LineString", "coordinates": [[103.1549714, 13.0798666], [103.1448483, 13.0794396]]}}, {"type": "Feature", "properties": {"highway": "track"}, "geometry": {"type": "LineString", "coordinates": [[103.1385343, 13.079173], [103.1290967, 13.0787358]]}}, {"type": "Feature", "properties": {"highway": "service"}, "geometry": {"type": "LineString", "coordinates": [[103.1673449, 13.073349], [103.1673973, 13.0728862], [103.167415, 13.0726673], [103.1674366, 13.0724279], [103.1674953, 13.0718908], [103.167499, 13.0716483], [103.1675088, 13.0716281], [103.1675265, 13.071625], [103.1675746, 13.0716293], [103.1677326, 13.0717018], [103.1678, 13.0717464]]}}, {"type": "Feature", "properties": {"highway": "residential"}, "geometry": {"type": "LineString", "coordinates": [[103.1694308, 13.074478], [103.1694258, 13.0753165], [103.1693125, 13.0760335], [103.1693012, 13.0768499], [103.1690068, 13.0781295], [103.1689757, 13.0781667], [103.1688595, 13.078306], [103.1683612, 13.0782839], [103.1675798, 13.0782067], [103.1671381, 13.0782509], [103.1670135, 13.0783832], [103.1657225, 13.0784163], [103.1648504, 13.0778427], [103.164629, 13.0778984], [103.1644299, 13.0780898], [103.1628047, 13.0784169], [103.1627503, 13.0784489], [103.162561, 13.0787597], [103.1624799, 13.0796495], [103.1623988, 13.0804635], [103.1623828, 13.0805155], [103.1619242, 13.0808186], [103.1616341, 13.0810197], [103.161082, 13.0812131], [103.1609671, 13.0813046], [103.1609237, 13.0814221], [103.1609031, 13.0815496]]}}, {"type": "Feature", "properties": {"highway": "residential"}, "geometry": {"type": "LineString", "coordinates": [[103.1603423, 13.0699308], [103.1608352, 13.0700857], [103.1609371, 13.070151], [103.1609988, 13.0702555], [103.16098, 13.0704306], [103.1609479, 13.0706501], [103.1609532, 13.0707624], [103.1610069, 13.071055], [103.161087, 13.0715689], [103.1609749, 13.072622], [103.1610549, 13.0727234], [103.1616315, 13.0728872], [103.1626245, 13.072934], [103.1636095, 13.0724738], [103.1637617, 13.0724504], [103.1644584, 13.0727858], [103.1645145, 13.0729808], [103.1645865, 13.0733241], [103.1649068, 13.0745409], [103.1649629, 13.0749388], [103.1648988, 13.0754458], [103.1649309, 13.0761166], [103.1648988, 13.0763585], [103.1647405, 13.0766462], [103.1647201, 13.0767148], [103.164808, 13.0772081], [103.1648668, 13.0776455], [103.1648504, 13.0778427]]}}, {"type": "Feature", "properties": {"highway": "residential"}, "geometry": {"type": "LineString", "coordinates": [[103.1463331, 13.0618633], [103.145117, 13.0618218], [103.143648, 13.0617716]]}}, {"type": "Feature", "properties": {"highway": "residential"}, "geometry": {"type": "LineString", "coordinates": [[103.13758430567182, 13.090588866137896], [103.1375795, 13.0897143]]}}, {"type": "Feature", "properties": {"highway": "residential"}, "geometry": {"type": "LineString", "coordinates": [[103.1414448, 13.0890359], [103.1415219, 13.0869664], [103.1416182, 13.0865112]]}}, {"type": "Feature", "properties": {"highway": "track"}, "geometry": {"type": "LineString", "coordinates": [[103.1193055, 13.0785435], [103.1119833, 13.0782054], [103.1097891, 13.0780884]]}}, {"type": "Feature", "properties": {"highway": "residential"}, "geometry": {"type": "LineString", "coordinates": [[103.154257, 13.0874059], [103.1543118, 13.087824], [103.1542621, 13.0885215], [103.1542682, 13.0891417]]}}, {"type": "Feature", "properties": {"highway": "residential"}, "geometry": {"type": "LineString", "coordinates": [[103.1744867, 13.0702574], [103.1745701, 13.0712812], [103.1747984, 13.0741741], [103.1747542, 13.0743251]]}}, {"type": "Feature", "properties": {"highway": "residential"}, "geometry": {"type": "LineString", "coordinates": [[103.1445365, 13.0895155], [103.1540793, 13.089149], [103.1542682, 13.0891417], [103.1556908, 13.089082], [103.1566676, 13.0890385], [103.1571196, 13.0890186], [103.1591415, 13.0889295]]}}, {"type": "Feature", "properties": {"highway": "residential"}, "geometry": {"type": "LineString", "coordinates": [[103.1637617, 13.0724504], [103.1639862, 13.0720242], [103.1644712, 13.0711031], [103.1647147, 13.0706407], [103.1649918, 13.0699645]]}}, {"type": "Feature", "properties": {"highway": "residential"}, "geometry": {"type": "LineString", "coordinates": [[103.1502113, 13.0623832], [103.1502448, 13.0619169], [103.1503154, 13.0609323]]}}, {"type": "Feature", "properties": {"highway": "residential"}, "geometry": {"type": "LineString", "coordinates": [[103.155557, 13.0542954], [103.1496786, 13.0535386], [103.1495905, 13.0537883], [103.1481635, 13.0540215]]}}, {"type": "Feature", "properties": {"highway": "residential"}, "geometry": {"type": "LineString", "coordinates": [[103.1712781, 13.0492945], [103.1724889, 13.0492126]]}}, {"type": "Feature", "properties": {"highway": "residential"}, "geometry": {"type": "LineString", "coordinates": [[103.1375877, 13.0889617], [103.138443, 13.0890012], [103.1414448, 13.0890359], [103.1443568, 13.0891037]]}}, {"type": "Feature", "properties": {"highway": "residential"}, "geometry": {"type": "LineString", "coordinates": [[103.1474331, 13.0586076], [103.1458721, 13.0584521], [103.1451077, 13.0582646], [103.1439299, 13.0581928]]}}, {"type": "Feature", "properties": {"highway": "residential"}, "geometry": {"type": "LineString", "coordinates": [[103.1480281, 13.0615482], [103.1490742, 13.061806], [103.1494826, 13.061767], [103.1502448, 13.0619169]]}}, {"type": "Feature", "properties": {"highway": "track"}, "geometry": {"type": "LineString", "coordinates": [[103.1387606, 13.06085], [103.1387337, 13.0647869], [103.1386359, 13.07121], [103.1386286, 13.0716419]]}}, {"type": "Feature", "properties": {"highway": "residential"}, "geometry": {"type": "LineString", "coordinates": [[103.1479391, 13.0558015], [103.147907, 13.0560289], [103.1478909, 13.0562248], [103.1478694, 13.0563633], [103.1478479, 13.0564913], [103.1478238, 13.0566507], [103.1477836, 13.0568624], [103.1477621, 13.057027], [103.1477424, 13.0573283]]}}, {"type": "Feature", "properties": {"highway": "residential"}, "geometry": {"type": "LineString", "coordinates": [[103.1258778, 13.0863298], [103.1281433, 13.0863789], [103.1384789, 13.0868182], [103.1415219, 13.0869664]]}}, {"type": "Feature", "properties": {"highway": "residential"}, "geometry": {"type": "LineString", "coordinates": [[103.1494027, 13.058635], [103.149281, 13.0590147], [103.1491564, 13.0604931], [103.1489299, 13.0613039]]}}, {"type": "Feature", "properties": {"highway": "track"}, "geometry": {"type": "LineString", "coordinates": [[103.1737133, 13.0769687], [103.1739263, 13.0756536], [103.1741748, 13.0741162], [103.174087, 13.0729919], [103.1734641, 13.0729919]]}}, {"type": "Feature", "properties": {"highway": "track"}, "geometry": {"type": "LineString", "coordinates": [[103.1750582, 13.0744312], [103.1751063, 13.0742274], [103.1753611, 13.0738137], [103.1753271, 13.0726333], [103.1759047, 13.0725837]]}}, {"type": "Feature", "properties": {"highway": "residential"}, "geometry": {"type": "LineString", "coordinates": [[103.1858458, 13.0393731], [103.1856085, 13.039573], [103.1850167, 13.0399183], [103.1848559, 13.0400587], [103.1845443, 13.0406396]]}}, {"type": "Feature", "properties": {"highway": "residential"}, "geometry": {"type": "LineString", "coordinates": [[103.1290479, 13.0704662], [103.1289823, 13.0704662], [103.1271752, 13.0704024]]}}, {"type": "Feature", "properties": {"highway": "residential"}, "geometry": {"type": "LineString", "coordinates": [[103.1544794, 13.0833013], [103.155351, 13.0833571], [103.155483, 13.0833734], [103.1558889, 13.0834233], [103.1564099, 13.0833737], [103.1565727, 13.0833812], [103.1577104, 13.0834337]]}}, {"type": "Feature", "properties": {"highway": "residential"}, "geometry": {"type": "LineString", "coordinates": [[103.1856979, 13.0669884], [103.1848276, 13.0669374], [103.1822253, 13.0666348], [103.1807543, 13.0665967], [103.1793149, 13.0665696], [103.1789706, 13.0666476], [103.1782659, 13.0666086], [103.1772814, 13.0666457]]}}, {"type": "Feature", "properties": {"highway": "residential"}, "geometry": {"type": "LineString", "coordinates": [[103.1444565, 13.0573489], [103.1439299, 13.0581928], [103.1420952, 13.0608351], [103.1420657, 13.0609934]]}}, {"type": "Feature", "properties": {"highway": "track"}, "geometry": {"type": "LineString", "coordinates": [[103.0909058, 13.0726409], [103.0909004, 13.0764894], [103.0909773, 13.0767288], [103.0910003, 13.0773498], [103.0908313, 13.0776791], [103.0907315, 13.0857671], [103.09071448464688, 13.087601759837183]]}}, {"type": "Feature", "properties": {"highway": "residential"}, "geometry": {"type": "LineString", "coordinates": [[103.1424409, 13.0904124], [103.1422907, 13.0902086], [103.1415369, 13.0902233], [103.1407228, 13.0899883], [103.140262, 13.0899498], [103.1392303, 13.0898635], [103.1385217, 13.0898048], [103.1380524, 13.0897613], [103.1375795, 13.0897143]]}}, {"type": "Feature", "properties": {"highway": "residential"}, "geometry": {"type": "LineString", "coordinates": [[103.1682681, 13.0611318], [103.1645741, 13.061095], [103.1634878, 13.0609415], [103.1630858, 13.0606611], [103.1624341, 13.0605288], [103.1617334, 13.0601003], [103.1616899, 13.0598569], [103.1606579, 13.059386], [103.1588981, 13.0585288]]}}, {"type": "Feature", "properties": {"highway": "residential"}, "geometry": {"type": "LineString", "coordinates": [[103.1542349, 13.0845004], [103.1545358, 13.0847332], [103.1548131, 13.0848629], [103.1550041, 13.0851006], [103.1550792, 13.0853383], [103.1550348, 13.085476], [103.1548533, 13.0858039], [103.1544776, 13.0862821], [103.1544187, 13.086437], [103.15438, 13.0866235], [103.1543474, 13.0869491], [103.154395, 13.0873553]]}}, {"type": "Feature", "properties": {"highway": "track"}, "geometry": {"type": "LineString", "coordinates": [[103.1194969, 13.0600094], [103.1193628, 13.0700316], [103.1193336, 13.0753263], [103.1193115, 13.0779539]]}}, {"type": "Feature", "properties": {"highway": "residential"}, "geometry": {"type": "LineString", "coordinates": [[103.1291893, 13.0704689], [103.1292602, 13.070473], [103.1311705, 13.0705643], [103.1315041, 13.0706319], [103.1316361, 13.0707876], [103.13165, 13.0711464], [103.1317125, 13.0713291], [103.1327409, 13.0716066], [103.1332412, 13.0716337], [103.1362014, 13.0717826], [103.1386286, 13.0716419], [103.1386688, 13.0716405]]}}, {"type": "Feature", "properties": {"highway": "residential"}, "geometry": {"type": "LineString", "coordinates": [[103.138778, 13.0608508], [103.1387606, 13.06085], [103.1355636, 13.0607532]]}}, {"type": "Feature", "properties": {"highway": "residential"}, "geometry": {"type": "LineString", "coordinates": [[103.1386988, 13.0793409], [103.1385528, 13.0793354]]}}, {"type": "Feature", "properties": {"highway": "track"}, "geometry": {"type": "LineString", "coordinates": [[103.1290967, 13.0787358], [103.1290942, 13.0787892]]}}, {"type": "Feature", "properties": {"highway": "track"}, "geometry": {"type": "LineString", "coordinates": [[103.1292875, 13.0604387], [103.1291623, 13.0604333]]}}, {"type": "Feature", "properties": {"highway": "track"}, "geometry": {"type": "LineString", "coordinates": [[103.1291404, 13.0602353], [103.1291384, 13.0604002]]}}, {"type": "Feature", "properties": {"highway": "track"}, "geometry": {"type": "LineString", "coordinates": [[103.1288854, 13.0789324], [103.1288484, 13.0789308], [103.1264717, 13.0788756]]}}, {"type": "Feature", "properties": {"highway": "track"}, "geometry": {"type": "LineString", "coordinates": [[103.1385343, 13.079173], [103.1386286, 13.0716419]]}}, {"type": "Feature", "properties": {"highway": "residential"}, "geometry": {"type": "LineString", "coordinates": [[103.1386688, 13.0716405], [103.1387736, 13.0716406]]}}, {"type": "Feature", "properties": {"highway": "track"}, "geometry": {"type": "LineString", "coordinates": [[103.1385323, 13.0793346], [103.1385329, 13.0792856]]}}, {"type": "Feature", "properties": {"highway": "track"}, "geometry": {"type": "LineString", "coordinates": [[103.1292498, 13.051089], [103.1291404, 13.0602353]]}}, {"type": "Feature", "properties": {"highway": "residential"}, "geometry": {"type": "LineString", "coordinates": [[103.1389485, 13.0608582], [103.138778, 13.0608508]]}}, {"type": "Feature", "properties": {"highway": "track"}, "geometry": {"type": "LineString", "coordinates": [[103.1096459, 13.0731648], [103.0909058, 13.0726409]]}}, {"type": "Feature", "properties": {"highway": "track"}, "geometry": {"type": "LineString", "coordinates": [[103.1385528, 13.0793354], [103.1385323, 13.0793346], [103.1347157, 13.0791814], [103.1290872, 13.078941], [103.1290269, 13.0789384]]}}, {"type": "Feature", "properties": {"highway": "residential"}, "geometry": {"type": "LineString", "coordinates": [[103.1724889, 13.0492126], [103.1841906, 13.0500338], [103.1928436, 13.050632]]}}, {"type": "Feature", "properties": {"highway": "track"}, "geometry": {"type": "LineString", "coordinates": [[103.1290967, 13.0787358], [103.1291647, 13.0757422], [103.1292602, 13.070473]]}}, {"type": "Feature", "properties": {"highway": "residential"}, "geometry": {"type": "LineString", "coordinates": [[103.18864170428147, 13.034228624001134], [103.1884072, 13.0343595], [103.1868344, 13.0352372], [103.1863367, 13.0356642], [103.1859907, 13.0356136], [103.1847281, 13.0350005], [103.1844559, 13.0348944], [103.1842686, 13.0348749]]}}, {"type": "Feature", "properties": {"highway": "track"}, "geometry": {"type": "LineString", "coordinates": [[103.1294024, 13.0510976], [103.1309239, 13.0511454], [103.130947, 13.0510531], [103.13163, 13.0485001]]}}, {"type": "Feature", "properties": {"highway": "residential"}, "geometry": {"type": "LineString", "coordinates": [[103.18746429736609, 13.034232484930836], [103.1866471, 13.0348915], [103.1862796, 13.0352164], [103.1859907, 13.0356136]]}}, {"type": "Feature", "properties": {"highway": "residential"}, "geometry": {"type": "LineString", "coordinates": [[103.16909, 13.0361197], [103.1695514, 13.0361359], [103.1773828, 13.0365284], [103.1845305, 13.0364416]]}}, {"type": "Feature", "properties": {"highway": "track"}, "geometry": {"type": "LineString", "coordinates": [[103.12715315022768, 13.051005749515456], [103.1292498, 13.051089], [103.129291, 13.0510913]]}}, {"type": "Feature", "properties": {"highway": "track"}, "geometry": {"type": "LineString", "coordinates": [[103.129138, 13.0604322], [103.1195741, 13.0600128], [103.1194969, 13.0600094], [103.1171936, 13.0599084], [103.1099108, 13.0595987], [103.1098042, 13.0595942], [103.1005175, 13.0591826]]}}, {"type": "Feature", "properties": {"highway": "track"}, "geometry": {"type": "LineString", "coordinates": [[103.1290616, 13.0648759], [103.1289823, 13.0704662], [103.1289518, 13.0758652], [103.1288519, 13.0788284], [103.1288484, 13.0789308], [103.1281283, 13.0835714], [103.1281433, 13.0863789]]}}, {"type": "Feature", "properties": {"highway": "track"}, "geometry": {"type": "LineString", "coordinates": [[103.1100376157357, 13.052166267384376], [103.1098042, 13.0595942], [103.1096627, 13.0696413], [103.1096459, 13.0731648], [103.1096, 13.0772344]]}}, {"type": "Feature", "properties": {"highway": "tertiary"}, "geometry": {"type": "LineString", "coordinates": [[103.147884, 13.0534861], [103.1475601, 13.0527454], [103.147558, 13.0526645], [103.1475918, 13.0526081], [103.1479753, 13.0525209], [103.1483117, 13.0524813], [103.1484315, 13.0524531], [103.1484668, 13.052427], [103.1484792, 13.0523917], [103.1484753, 13.0523498], [103.1484615, 13.0522905], [103.1483294, 13.0518992], [103.1483134, 13.0517648], [103.148371, 13.0513139], [103.1484072, 13.0508684], [103.1484016, 13.0507904], [103.1482503, 13.0502217], [103.1481148, 13.0497278], [103.1480961, 13.0496312], [103.1481135, 13.0495398], [103.1483468, 13.0485416], [103.1486086, 13.0475396], [103.1487532, 13.0472913], [103.1489409, 13.0470643], [103.1493432, 13.0467873], [103.1499228, 13.0465678], [103.1507206, 13.0460409], [103.1515206, 13.045482], [103.1518507, 13.0452577], [103.1521784, 13.045035], [103.1522857, 13.0449187], [103.1523533, 13.0447689], [103.1523621, 13.044643], [103.1523659, 13.0444866], [103.1523782, 13.0442458], [103.1523916, 13.0441518], [103.1524161, 13.0440636], [103.153148, 13.0425043], [103.1533639, 13.0420358], [103.1535369, 13.0416603], [103.1537367, 13.041233], [103.1539361, 13.040844], [103.1539996, 13.0407692], [103.1540814, 13.0407091], [103.1546071, 13.0403629], [103.1551262, 13.0400318], [103.1554306, 13.0398377], [103.1564323, 13.0391889], [103.1566764, 13.0390308], [103.1570486, 13.0387898], [103.1571056, 13.0387206], [103.1571465, 13.0386351], [103.1571914, 13.0383182], [103.157234, 13.0378869], [103.1572408, 13.0377745], [103.1573121, 13.0371227], [103.1573845, 13.0364041], [103.1574583, 13.0355601], [103.1575066, 13.0350401], [103.1575106, 13.0349734], [103.1575267, 13.0349164], [103.1576715, 13.0344208], [103.15777286013324, 13.034175659563108]]}}, {"type": "Feature", "properties": {"highway": "track"}, "geometry": {"type": "LineString", "coordinates": [[103.12719717509572, 13.050917436694762], [103.130947, 13.0510531]]}}, {"type": "Feature", "properties": {"highway": "track"}, "geometry": {"type": "LineString", "coordinates": [[103.0909058, 13.0726409], [103.0909081, 13.0709675], [103.0909849, 13.0624899], [103.1004406, 13.0629389], [103.1005175, 13.0591826], [103.1004761, 13.0543536], [103.10053885981351, 13.051544532795758]]}}, {"type": "Feature", "properties": {"highway": "service"}, "geometry": {"type": "LineString", "coordinates": [[103.1995706, 13.0758023], [103.1996654, 13.0766639], [103.1996659, 13.0767555]]}}, {"type": "Feature", "properties": {"highway": "secondary"}, "geometry": {"type": "LineString", "coordinates": [[103.1781429, 13.0833945], [103.1768942, 13.0832635], [103.1762685, 13.0831979], [103.1753331, 13.0831036], [103.1747094, 13.0830365], [103.1744023, 13.0830035], [103.1731066, 13.0828642], [103.1730096, 13.0828657], [103.1729602, 13.0828746], [103.172913, 13.0828914], [103.1728694, 13.0829156]]}}, {"type": "Feature", "properties": {"highway": "unclassified"}, "geometry": {"type": "LineString", "coordinates": [[103.177216, 13.0719344], [103.1771083, 13.0706199], [103.1770728, 13.0701863], [103.1772552, 13.0681902], [103.1772539, 13.0681719], [103.1772343, 13.0678975], [103.1771586, 13.0670818], [103.1772678, 13.0666939], [103.1772814, 13.0666457], [103.1774381, 13.0660895], [103.1776858, 13.0647118]]}}, {"type": "Feature", "properties": {"highway": "residential"}, "geometry": {"type": "LineString", "coordinates": [[103.1781429, 13.0833945], [103.1788558, 13.0834646], [103.1793842, 13.0835166], [103.1803161, 13.0836083], [103.1820902, 13.083814]]}}, {"type": "Feature", "properties": {"highway": "tertiary"}, "geometry": {"type": "LineString", "coordinates": [[103.1781372, 13.0880542], [103.1794634, 13.087995], [103.1806043, 13.0879448], [103.1807579, 13.0879372], [103.1817135, 13.0878946], [103.1818941, 13.0878865]]}}, {"type": "Feature", "properties": {"highway": "residential"}, "geometry": {"type": "LineString", "coordinates": [[103.1827002, 13.0931862], [103.1827839, 13.0942088], [103.1827877, 13.0942215], [103.1828008, 13.0942287], [103.1828662, 13.0942431], [103.1828789, 13.0942516], [103.1828848, 13.094269], [103.182954, 13.0968451]]}}, {"type": "Feature", "properties": {"highway": "residential"}, "geometry": {"type": "LineString", "coordinates": [[103.1825984, 13.0890499], [103.1826158, 13.0897384], [103.182653, 13.0911039], [103.1826515, 13.0913201], [103.1826845, 13.0921557], [103.1826939, 13.0927945], [103.1827002, 13.0931862]]}}, {"type": "Feature", "properties": {"highway": "tertiary"}, "geometry": {"type": "LineString", "coordinates": [[103.1818941, 13.0878865], [103.1825828, 13.0878595], [103.1826962, 13.0878578], [103.1835721, 13.0878449], [103.1837716, 13.0878738], [103.1838235, 13.0878813], [103.1846992, 13.088008], [103.1861446, 13.0882474], [103.1875019, 13.0884723], [103.1876302, 13.0884935], [103.1882734, 13.0886417]]}}, {"type": "Feature", "properties": {"highway": "tertiary"}, "geometry": {"type": "LineString", "coordinates": [[103.2019085, 13.1054874], [103.2017653, 13.1052406], [103.2016304, 13.1049588], [103.2014333, 13.1044974], [103.2013399, 13.1042458], [103.2012244, 13.1038763], [103.2010117, 13.1031023], [103.2009248, 13.1028157], [103.2008604, 13.1025843], [103.2007381, 13.1020154], [103.2006912, 13.101699], [103.2006046, 13.1009246], [103.2005824, 13.100725], [103.2004141, 13.0992093], [103.2004072, 13.0991497]]}}, {"type": "Feature", "properties": {"highway": "residential"}, "geometry": {"type": "LineString", "coordinates": [[103.2002282, 13.0882187], [103.1992071, 13.0879008]]}}, {"type": "Feature", "properties": {"highway": "tertiary"}, "geometry": {"type": "LineString", "coordinates": [[103.2120534, 13.1147509], [103.2118331, 13.1144433], [103.2114422, 13.1138882], [103.2111472, 13.1134692], [103.2107568, 13.1128396], [103.2106328, 13.1125913], [103.210245, 13.1116696], [103.2101229, 13.1113199], [103.2099924, 13.1108354], [103.2099427, 13.1105808], [103.2098874, 13.1104203], [103.2098239, 13.1102666], [103.2097249, 13.1100486], [103.2095585, 13.1097284], [103.2094586, 13.1095202], [103.2093379, 13.1092685], [103.2091066, 13.1087861], [103.2087574, 13.1082465], [103.2085752, 13.1080854], [103.2083921, 13.1079585], [103.207733, 13.1076669], [103.2073528, 13.1074986], [103.2072877, 13.1075094], [103.2072387, 13.1075242], [103.2071931, 13.1075555], [103.2071679, 13.1075931], [103.2069438, 13.1079582], [103.2069024, 13.1080257]]}}, {"type": "Feature", "properties": {"highway": "primary"}, "geometry": {"type": "LineString", "coordinates": [[103.1727476, 13.1058087], [103.1729007, 13.1057744], [103.1730519, 13.1057339], [103.1732072, 13.1056975]]}}, {"type": "Feature", "properties": {"highway": "primary"}, "geometry": {"type": "LineString", "coordinates": [[103.1732137, 13.1059099], [103.1730615, 13.105866], [103.1729052, 13.1058339], [103.1727476, 13.1058087]]}}, {"type": "Feature", "properties": {"highway": "primary"}, "geometry": {"type": "LineString", "coordinates": [[103.1934913, 13.1074925], [103.1938689, 13.1074849]]}}, {"type": "Feature", "properties": {"highway": "primary"}, "geometry": {"type": "LineString", "coordinates": [[103.1938689, 13.1074849], [103.1935123, 13.1076578]]}}, {"type": "Feature", "properties": {"highway": "primary"}, "geometry": {"type": "LineString", "coordinates": [[103.2262206, 13.0847359], [103.2260667, 13.0847967], [103.2259227, 13.0848772], [103.2257911, 13.084976]]}}, {"type": "Feature", "properties": {"highway": "primary"}, "geometry": {"type": "LineString", "coordinates": [[103.2257375, 13.0848007], [103.2258999, 13.08479], [103.2260611, 13.0847679], [103.2262206, 13.0847359]]}}, {"type": "Feature", "properties": {"highway": "service"}, "geometry": {"type": "LineString", "coordinates": [[103.1888066, 13.0949942], [103.1895085, 13.094965], [103.1896553, 13.0950086], [103.1897192, 13.095063], [103.1898521, 13.0955422]]}}, {"type": "Feature", "properties": {"highway": "service"}, "geometry": {"type": "LineString", "coordinates": [[103.188661, 13.0937581], [103.1895695, 13.0937638], [103.1896789, 13.093728], [103.1905404, 13.0939728], [103.1908705, 13.0940053]]}}, {"type": "Feature", "properties": {"highway": "residential"}, "geometry": {"type": "LineString", "coordinates": [[103.1932591, 13.1229603], [103.1929976, 13.1229982], [103.1928648, 13.1230413], [103.1927857, 13.1231196], [103.1926623, 13.123151], [103.1924933, 13.1231849], [103.1923002, 13.1231862], [103.1922288, 13.1231774], [103.1921902, 13.123181], [103.1921366, 13.1232777], [103.1920642, 13.123339], [103.1919046, 13.123326], [103.1916739, 13.1232581], [103.1914332, 13.1232587], [103.191358, 13.1232372], [103.1912883, 13.123215], [103.1911985, 13.1231934], [103.1911167, 13.1231647], [103.1910489, 13.1231346], [103.190854, 13.1230443], [103.190638, 13.1229606], [103.1904769, 13.1229113], [103.1903295, 13.122895], [103.189917, 13.1228284], [103.1893752, 13.1227336], [103.1884332, 13.122467], [103.1875753, 13.122434]]}}, {"type": "Feature", "properties": {"highway": "residential"}, "geometry": {"type": "LineString", "coordinates": [[103.1893752, 13.1227336], [103.1895612, 13.1220151], [103.1896066, 13.1217449], [103.1896032, 13.1215471], [103.1896093, 13.1214563], [103.1896167, 13.1214335], [103.1896381, 13.1214159], [103.1896879, 13.1214156], [103.1900585, 13.1214582], [103.1902322, 13.1214857], [103.1904102, 13.1214997], [103.1907023, 13.1215053], [103.1909222, 13.1214975], [103.1912724, 13.1214757]]}}, {"type": "Feature", "properties": {"highway": "unclassified"}, "geometry": {"type": "LineString", "coordinates": [[103.2022887, 13.0672502], [103.2022462, 13.0676754]]}}, {"type": "Feature", "properties": {"highway": "tertiary"}, "geometry": {"type": "LineString", "coordinates": [[103.2021194, 13.1304505], [103.2020701, 13.1293989], [103.2020514, 13.128698], [103.2020272, 13.1277898], [103.2020915, 13.1271315], [103.2021214, 13.1267016], [103.202131, 13.1265845], [103.2021452, 13.1264106], [103.2021409, 13.1261508], [103.2020096, 13.1255266], [103.2019819, 13.1253819], [103.201906, 13.1249865], [103.201828, 13.1245797], [103.2017225, 13.1240298], [103.2014404, 13.1229683], [103.2013248, 13.1224637], [103.2012908, 13.1223157], [103.201203, 13.1219225], [103.2009924, 13.1209791], [103.2009773, 13.1209158], [103.2009185, 13.1206514], [103.200857, 13.1203748], [103.2008269, 13.1202397], [103.2005653, 13.1190913], [103.2003328, 13.1178917], [103.2001306, 13.116917]]}}, {"type": "Feature", "properties": {"highway": "residential"}, "geometry": {"type": "LineString", "coordinates": [[103.2047847, 13.1304124], [103.2049706, 13.130295], [103.2051906, 13.1302088], [103.2054312, 13.1301333], [103.2059067, 13.1300077], [103.2063681, 13.1299659], [103.2067677, 13.1299581], [103.2070225, 13.129949], [103.2074624, 13.1298458], [103.2077011, 13.1297413], [103.207846, 13.1295715], [103.2080391, 13.1291927], [103.2081813, 13.1289289], [103.2083905, 13.1287435], [103.2087016, 13.1285005], [103.2088706, 13.1282315], [103.2090583, 13.1280774], [103.2091951, 13.1280225], [103.2096545, 13.1279967]]}}, {"type": "Feature", "properties": {"highway": "residential"}, "geometry": {"type": "LineString", "coordinates": [[103.2096284, 13.1277119], [103.209634, 13.1278215], [103.2096545, 13.1279967]]}}, {"type": "Feature", "properties": {"highway": "service"}, "geometry": {"type": "LineString", "coordinates": [[103.2184774, 13.0896488], [103.2192716, 13.0893215]]}}, {"type": "Feature", "properties": {"highway": "service"}, "geometry": {"type": "LineString", "coordinates": [[103.2181781, 13.0905762], [103.2187101, 13.0903144], [103.2186266, 13.09007], [103.2184774, 13.0896488], [103.2182035, 13.0888753]]}}, {"type": "Feature", "properties": {"highway": "service"}, "geometry": {"type": "LineString", "coordinates": [[103.2198787, 13.0896043], [103.2197687, 13.0896242], [103.2196431, 13.0896716]]}}, {"type": "Feature", "properties": {"highway": "service"}, "geometry": {"type": "LineString", "coordinates": [[103.217226, 13.0881037], [103.2173762, 13.0884433], [103.2175988, 13.0890756], [103.2182035, 13.0888753], [103.218417, 13.0888046], [103.2190517, 13.0885913]]}}, {"type": "Feature", "properties": {"highway": "residential"}, "geometry": {"type": "LineString", "coordinates": [[103.203828, 13.0930485], [103.2036767, 13.0923245]]}}, {"type": "Feature", "properties": {"highway": "residential"}, "geometry": {"type": "LineString", "coordinates": [[103.2090785, 13.0942853], [103.2090685, 13.0942187], [103.2091645, 13.0932864], [103.2092227, 13.092987], [103.2093, 13.0925646], [103.2093188, 13.0923608], [103.2093403, 13.092238], [103.2093364, 13.0921551], [103.2092725, 13.0919776], [103.2092481, 13.091819], [103.2092429, 13.0916118]]}}, {"type": "Feature", "properties": {"highway": "residential"}, "geometry": {"type": "LineString", "coordinates": [[103.2095794, 13.0825406], [103.2106058, 13.0825082], [103.2110898, 13.0824951], [103.2120233, 13.0824093], [103.2121188, 13.0823692], [103.2121474, 13.0822981], [103.212165, 13.081982], [103.2122033, 13.0819032], [103.2122853, 13.0818641], [103.2131448, 13.0816349]]}}, {"type": "Feature", "properties": {"highway": "residential"}, "geometry": {"type": "LineString", "coordinates": [[103.2145907, 13.1148977], [103.2147101, 13.1150074], [103.2147825, 13.1150727], [103.2152787, 13.115377], [103.21536877332383, 13.115457361914256]]}}, {"type": "Feature", "properties": {"highway": "residential"}, "geometry": {"type": "LineString", "coordinates": [[103.1910211, 13.0964513], [103.1895791, 13.096727]]}}, {"type": "Feature", "properties": {"highway": "residential"}, "geometry": {"type": "LineString", "coordinates": [[103.1955114, 13.0846423], [103.1954501, 13.0852257]]}}, {"type": "Feature", "properties": {"highway": "residential"}, "geometry": {"type": "LineString", "coordinates": [[103.2116019, 13.0973844], [103.2126577, 13.0972532], [103.2132982, 13.0971701], [103.2138653, 13.0970678], [103.2140939, 13.0970244]]}}, {"type": "Feature", "properties": {"highway": "residential"}, "geometry": {"type": "LineString", "coordinates": [[103.2172112, 13.1037852], [103.2169826, 13.1029548], [103.216804, 13.102187]]}}, {"type": "Feature", "properties": {"highway": "residential"}, "geometry": {"type": "LineString", "coordinates": [[103.2092429, 13.0916118], [103.2090149, 13.091655], [103.2084161, 13.0917686]]}}, {"type": "Feature", "properties": {"highway": "residential"}, "geometry": {"type": "LineString", "coordinates": [[103.208644, 13.0859347], [103.208286, 13.0848661], [103.2076579, 13.0832226]]}}, {"type": "Feature", "properties": {"highway": "service"}, "geometry": {"type": "LineString", "coordinates": [[103.2115512, 13.0935133], [103.2118079, 13.0939218]]}}, {"type": "Feature", "properties": {"highway": "residential"}, "geometry": {"type": "LineString", "coordinates": [[103.1894869, 13.0961918], [103.1895791, 13.096727], [103.1896628, 13.0972128]]}}, {"type": "Feature", "properties": {"highway": "residential"}, "geometry": {"type": "LineString", "coordinates": [[103.1891298, 13.0967807], [103.1878734, 13.0969795], [103.1872041, 13.0971023]]}}, {"type": "Feature", "properties": {"highway": "residential"}, "geometry": {"type": "LineString", "coordinates": [[103.1909189, 13.0959371], [103.1894869, 13.0961918], [103.1890366, 13.0962698], [103.1878065, 13.0964682]]}}, {"type": "Feature", "properties": {"highway": "residential"}, "geometry": {"type": "LineString", "coordinates": [[103.1906746, 13.097038], [103.1906024, 13.0970267], [103.1905299, 13.0970345], [103.1896628, 13.0972128], [103.1892257, 13.0973055]]}}, {"type": "Feature", "properties": {"highway": "residential"}, "geometry": {"type": "LineString", "coordinates": [[103.2143214, 13.1140157], [103.2143913, 13.1144907], [103.2145424, 13.114741], [103.2147078, 13.114846], [103.2152496, 13.1151464], [103.21537272724714, 13.115242963722988]]}}, {"type": "Feature", "properties": {"highway": "residential"}, "geometry": {"type": "LineString", "coordinates": [[103.1964039, 13.0853301], [103.1958635, 13.085271], [103.1954501, 13.0852257], [103.1953499, 13.0852148], [103.1950643, 13.0851835], [103.1942992, 13.0850998]]}}, {"type": "Feature", "properties": {"highway": "unclassified"}, "geometry": {"type": "LineString", "coordinates": [[103.2135019, 13.1163149], [103.2138143995318, 13.116342793578344]]}}, {"type": "Feature", "properties": {"highway": "residential"}, "geometry": {"type": "LineString", "coordinates": [[103.212552, 13.1011748], [103.2136108, 13.1011561], [103.2136627, 13.1011778], [103.2137114, 13.1012358], [103.213786, 13.1012522], [103.2140507, 13.1012162], [103.2145831, 13.1011522]]}}, {"type": "Feature", "properties": {"highway": "footway"}, "geometry": {"type": "LineString", "coordinates": [[103.2033301, 13.0923726], [103.2036454, 13.0922629], [103.2042784, 13.0920358], [103.2035142, 13.0917913], [103.2033301, 13.0923726]]}}, {"type": "Feature", "properties": {"highway": "service"}, "geometry": {"type": "LineString", "coordinates": [[103.1923316, 13.0934213], [103.1923726, 13.0934029], [103.1925707, 13.0934235], [103.1925986, 13.0934279], [103.1927955, 13.0934592], [103.1929815, 13.0934574], [103.1932616, 13.0934275], [103.1935338, 13.0934067]]}}, {"type": "Feature", "properties": {"highway": "service"}, "geometry": {"type": "LineString", "coordinates": [[103.1936541, 13.0941994], [103.1934979, 13.0942178], [103.1931076, 13.094216], [103.1930682, 13.094231]]}}, {"type": "Feature", "properties": {"highway": "residential"}, "geometry": {"type": "LineString", "coordinates": [[103.2245216, 13.0852287], [103.2244001, 13.0849397], [103.2241452, 13.084291], [103.2239666, 13.0837052], [103.2239073, 13.0833136], [103.2239033, 13.0828917], [103.2239205, 13.0826754]]}}, {"type": "Feature", "properties": {"highway": "tertiary"}, "geometry": {"type": "LineString", "coordinates": [[103.2102989, 13.0899484], [103.2100119, 13.0890637], [103.210003, 13.0890101], [103.210032, 13.0889886]]}}, {"type": "Feature", "properties": {"highway": "residential"}, "geometry": {"type": "LineString", "coordinates": [[103.225698, 13.0850435], [103.22570792558955, 13.085085430427206]]}}, {"type": "Feature", "properties": {"highway": "tertiary"}, "geometry": {"type": "LineString", "coordinates": [[103.1781702, 13.1058527], [103.1781764, 13.1056704], [103.1781642, 13.1052961], [103.1781601, 13.105255], [103.1781445, 13.1048447], [103.1781394, 13.1047116], [103.1781023, 13.1034149], [103.1780871, 13.1028732], [103.1780717, 13.1023219], [103.1780655, 13.1020994], [103.1780342, 13.1007098], [103.1780021, 13.099555], [103.1779845, 13.0989207], [103.1779731, 13.0985135], [103.1779584, 13.0977895], [103.1779638, 13.0975988], [103.1779732, 13.0974682], [103.1779991, 13.0974069]]}}, {"type": "Feature", "properties": {"highway": "residential"}, "geometry": {"type": "LineString", "coordinates": [[103.1927683, 13.1075521], [103.1927762, 13.1074805], [103.1927417, 13.1072192], [103.1926221, 13.1066911], [103.1924543, 13.1059257], [103.1924128, 13.1056416], [103.1921868, 13.1047927]]}}, {"type": "Feature", "properties": {"highway": "tertiary"}, "geometry": {"type": "LineString", "coordinates": [[103.1878331, 13.1070489], [103.1878657, 13.1068857], [103.1879528, 13.1064374], [103.1879973, 13.1061249], [103.1880548, 13.1051763], [103.1880599, 13.1050486], [103.1880609, 13.1050224], [103.1880646, 13.1049281], [103.1880768, 13.1042734], [103.1880834, 13.1039181], [103.1880871, 13.1037234], [103.1880899, 13.1035702], [103.1880906, 13.1035322], [103.1880924, 13.1034378], [103.1881019, 13.1029296], [103.1881162, 13.1021641], [103.188113, 13.1019984], [103.1881046, 13.1018274], [103.1880745, 13.1014719], [103.1880548, 13.1012972], [103.1879202, 13.1007781], [103.1877646, 13.1002504], [103.1876683, 13.0998055], [103.1876046, 13.0993471], [103.1875339, 13.0986881], [103.187529, 13.0986627], [103.1874929, 13.098479], [103.1873801, 13.0979381], [103.1873117, 13.0976071], [103.1872266, 13.0971955], [103.1872041, 13.0971023], [103.1871542, 13.096842], [103.1869791, 13.0960708], [103.1869799, 13.0957169], [103.1870817, 13.0950427], [103.1871477, 13.0946058], [103.1871578, 13.0945356], [103.187335, 13.0931662], [103.1874084, 13.0926514], [103.1874191, 13.09256], [103.1874924, 13.0921283], [103.1876339, 13.0913464], [103.1876995, 13.0908671], [103.1878655, 13.0899357], [103.187896, 13.0898119], [103.187915, 13.0897352], [103.1882734, 13.0886417], [103.1886689, 13.0874877], [103.1887298, 13.0873492], [103.1888397, 13.0871794], [103.1894788, 13.0862756], [103.1895853, 13.0860762], [103.1896422, 13.0858232], [103.189789, 13.0841035]]}}, {"type": "Feature", "properties": {"highway": "primary"}, "geometry": {"type": "LineString", "coordinates": [[103.1733033, 13.1056879], [103.1736067, 13.1056923], [103.1738426, 13.105689], [103.1752176, 13.1056412], [103.175687, 13.1056365], [103.1759003, 13.1056319], [103.1765849, 13.1056367], [103.1770469, 13.1056399], [103.1772943, 13.1056444], [103.177965, 13.1056649], [103.1781764, 13.1056704], [103.1792066, 13.1057221], [103.1797678, 13.1057591], [103.1800547, 13.1057808], [103.1810356, 13.1058579], [103.1816683, 13.1059152], [103.1825617, 13.1060059], [103.1837814, 13.1061552], [103.1851829, 13.1063934], [103.1853705, 13.1064253], [103.1868976, 13.1067071], [103.1878657, 13.1068857], [103.1880919, 13.1069329], [103.1888111, 13.1070568], [103.1897549, 13.1071831], [103.190168, 13.107239], [103.1904166, 13.1072717], [103.1908098, 13.1073246], [103.191188, 13.1073804], [103.191493, 13.107412], [103.1926637, 13.1075449], [103.1927683, 13.1075521], [103.1929092, 13.1075619], [103.1930233, 13.1075581], [103.193131, 13.1075447], [103.1932903, 13.1075005]]}}, {"type": "Feature", "properties": {"highway": "residential"}, "geometry": {"type": "LineString", "coordinates": [[103.1992591, 13.105195], [103.2002407, 13.1050317]]}}, {"type": "Feature", "properties": {"highway": "residential"}, "geometry": {"type": "LineString", "coordinates": [[103.1993528, 13.1057162], [103.2004049, 13.1055238]]}}, {"type": "Feature", "properties": {"highway": "path"}, "geometry": {"type": "LineString", "coordinates": [[103.2011702, 13.1070093], [103.2012769, 13.106906], [103.2013439, 13.1068891], [103.2014318, 13.106893]]}}, {"type": "Feature", "properties": {"highway": "service"}, "geometry": {"type": "LineString", "coordinates": [[103.2044523, 13.0962561], [103.2044685, 13.0963395]]}}, {"type": "Feature", "properties": {"highway": "residential"}, "geometry": {"type": "LineString", "coordinates": [[103.2039436, 13.0935929], [103.2039021, 13.0935744], [103.2033085, 13.0935927], [103.2028903, 13.0935981], [103.2028264, 13.0935993], [103.202767, 13.0936145], [103.2026349, 13.0937293], [103.202532, 13.0938092]]}}, {"type": "Feature", "properties": {"highway": "residential"}, "geometry": {"type": "LineString", "coordinates": [[103.2038907, 13.0939972], [103.2039348, 13.0939124], [103.2039588, 13.0937568], [103.2039568, 13.0936264], [103.2039436, 13.0935929]]}}, {"type": "Feature", "properties": {"highway": "residential"}, "geometry": {"type": "LineString", "coordinates": [[103.1756415, 13.1002942], [103.1756611, 13.1011464], [103.1756627, 13.1012149], [103.1756844, 13.1021606]]}}, {"type": "Feature", "properties": {"highway": "residential"}, "geometry": {"type": "LineString", "coordinates": [[103.1761511, 13.0996973], [103.1761586, 13.1002688], [103.1761346, 13.1011073], [103.1760916, 13.1011491]]}}, {"type": "Feature", "properties": {"highway": "residential"}, "geometry": {"type": "LineString", "coordinates": [[103.1760916, 13.1011491], [103.1761186, 13.1021494]]}}, {"type": "Feature", "properties": {"highway": "residential"}, "geometry": {"type": "LineString", "coordinates": [[103.1780717, 13.1023219], [103.1791077, 13.1023321]]}}, {"type": "Feature", "properties": {"highway": "residential"}, "geometry": {"type": "LineString", "coordinates": [[103.1780871, 13.1028732], [103.1785619, 13.1028497], [103.1792995, 13.1030117], [103.179758, 13.1030365], [103.1800237, 13.1030509], [103.1810234, 13.1030463]]}}, {"type": "Feature", "properties": {"highway": "residential"}, "geometry": {"type": "LineString", "coordinates": [[103.1893229, 13.0946728], [103.189693, 13.0946252], [103.190074, 13.0945762], [103.1904736, 13.094503], [103.1907976, 13.0944794]]}}, {"type": "Feature", "properties": {"highway": "residential"}, "geometry": {"type": "LineString", "coordinates": [[103.1895388, 13.0940602], [103.1899425, 13.0941503], [103.1903449, 13.0941974], [103.1908337, 13.0942448]]}}, {"type": "Feature", "properties": {"highway": "residential"}, "geometry": {"type": "LineString", "coordinates": [[103.1874191, 13.09256], [103.1879094, 13.0926691], [103.1882492, 13.0927589], [103.1884137, 13.0928023], [103.1887681, 13.0929849], [103.1891754, 13.0930035], [103.1894375, 13.093045], [103.1896812, 13.0930836], [103.1900498, 13.0931419], [103.190361, 13.093236], [103.1905594, 13.093283], [103.1909721, 13.0933452]]}}, {"type": "Feature", "properties": {"highway": "residential"}, "geometry": {"type": "LineString", "coordinates": [[103.1860728, 13.0945313], [103.1861497, 13.0938043], [103.1862221, 13.0931193], [103.1862505, 13.0925573]]}}, {"type": "Feature", "properties": {"highway": "residential"}, "geometry": {"type": "LineString", "coordinates": [[103.1871477, 13.0946058], [103.1860728, 13.0945313], [103.1852876, 13.0944769], [103.1850877, 13.0944665]]}}, {"type": "Feature", "properties": {"highway": "residential"}, "geometry": {"type": "LineString", "coordinates": [[103.1850877, 13.0944665], [103.1850904, 13.0945814], [103.1850831, 13.0957169], [103.1850958, 13.0957557]]}}, {"type": "Feature", "properties": {"highway": "residential"}, "geometry": {"type": "LineString", "coordinates": [[103.1850958, 13.0957557], [103.1851343, 13.0957719], [103.1858213, 13.0956878], [103.1859186, 13.0956853], [103.1859836, 13.0956996], [103.1860486, 13.0957149], [103.1861383, 13.0957274], [103.1862322, 13.0957435], [103.1863216, 13.0957622], [103.1863981, 13.095769], [103.1864701, 13.0957626], [103.1866127, 13.0957393], [103.1867787, 13.0957114], [103.1869016, 13.0957097], [103.1869799, 13.0957169]]}}, {"type": "Feature", "properties": {"highway": "residential"}, "geometry": {"type": "LineString", "coordinates": [[103.1772943, 13.1056444], [103.1772851, 13.105821], [103.1771646, 13.107577]]}}, {"type": "Feature", "properties": {"highway": "residential"}, "geometry": {"type": "LineString", "coordinates": [[103.1765849, 13.1056367], [103.1765759, 13.1058109], [103.176465, 13.1075443]]}}, {"type": "Feature", "properties": {"highway": "service"}, "geometry": {"type": "LineString", "coordinates": [[103.1736746, 13.1073938], [103.1735153, 13.1073886], [103.1732319, 13.1073745], [103.1730239, 13.1073651]]}}, {"type": "Feature", "properties": {"highway": "residential"}, "geometry": {"type": "LineString", "coordinates": [[103.1713544, 13.1077863], [103.1730035, 13.107902], [103.1731787, 13.1079079], [103.1734775, 13.1079181], [103.1736413, 13.1079233]]}}, {"type": "Feature", "properties": {"highway": "residential"}, "geometry": {"type": "LineString", "coordinates": [[103.1791929, 13.1075935], [103.1791607, 13.1075283], [103.1791999, 13.1059071], [103.1792066, 13.1057221]]}}, {"type": "Feature", "properties": {"highway": "residential"}, "geometry": {"type": "LineString", "coordinates": [[103.1803609, 13.1076386], [103.1803126, 13.1076019], [103.1792543, 13.1076163], [103.1791929, 13.1075935]]}}, {"type": "Feature", "properties": {"highway": "residential"}, "geometry": {"type": "LineString", "coordinates": [[103.1859496, 13.1084382], [103.1859078, 13.1084739], [103.1855662, 13.1084797], [103.1852687, 13.108477]]}}, {"type": "Feature", "properties": {"highway": "residential"}, "geometry": {"type": "LineString", "coordinates": [[103.1863863, 13.1067864], [103.1861759, 13.1076128], [103.1860319, 13.1078915], [103.1859662, 13.1080664], [103.1859496, 13.1084382]]}}, {"type": "Feature", "properties": {"highway": "residential"}, "geometry": {"type": "LineString", "coordinates": [[103.182553, 13.1061758], [103.1824615, 13.1071655], [103.1824439, 13.1072084], [103.1824438, 13.1072367]]}}, {"type": "Feature", "properties": {"highway": "service"}, "geometry": {"type": "LineString", "coordinates": [[103.183208, 13.1092793], [103.1831586, 13.1099515], [103.1831227, 13.1104396], [103.1831534, 13.1116291], [103.1832136, 13.1120852]]}}, {"type": "Feature", "properties": {"highway": "residential"}, "geometry": {"type": "LineString", "coordinates": [[103.1794715, 13.109324], [103.1794629, 13.1097907], [103.1794235, 13.1117363]]}}, {"type": "Feature", "properties": {"highway": "unclassified"}, "geometry": {"type": "LineString", "coordinates": [[103.1752453, 13.1069102], [103.1746824, 13.106923], [103.1743304, 13.1069072], [103.1737096, 13.106836]]}}, {"type": "Feature", "properties": {"highway": "residential"}, "geometry": {"type": "LineString", "coordinates": [[103.1752153, 13.1074768], [103.1752453, 13.1069102]]}}, {"type": "Feature", "properties": {"highway": "unclassified"}, "geometry": {"type": "LineString", "coordinates": [[103.1767495, 13.1085072], [103.1767192, 13.1090419], [103.1766968, 13.1095239], [103.176672, 13.110058], [103.1766339, 13.1108764], [103.1766051, 13.111496]]}}, {"type": "Feature", "properties": {"highway": "unclassified"}, "geometry": {"type": "LineString", "coordinates": [[103.1756916, 13.1089794], [103.1756595, 13.1094701], [103.1756247, 13.1100009], [103.1755709, 13.110824], [103.1755331, 13.1114007]]}}, {"type": "Feature", "properties": {"highway": "residential"}, "geometry": {"type": "LineString", "coordinates": [[103.2092552, 13.1044972], [103.2092545, 13.1045192], [103.2092249, 13.1046843]]}}, {"type": "Feature", "properties": {"highway": "residential"}, "geometry": {"type": "LineString", "coordinates": [[103.2084727, 13.1043574], [103.2092376, 13.1044863], [103.2092552, 13.1044972]]}}, {"type": "Feature", "properties": {"highway": "residential"}, "geometry": {"type": "LineString", "coordinates": [[103.2094984, 13.1068208], [103.2098553, 13.1066847], [103.2099613, 13.1066495], [103.2102093, 13.1065671], [103.2105365, 13.106426], [103.2106787, 13.1063921], [103.2108879, 13.1064019], [103.2109603, 13.1063934], [103.2112759, 13.1062959]]}}, {"type": "Feature", "properties": {"highway": "residential"}, "geometry": {"type": "LineString", "coordinates": [[103.2075411, 13.1046506], [103.2076256, 13.1044857], [103.207658, 13.1044392], [103.2077169, 13.1044263], [103.2078166, 13.1044521], [103.2078751, 13.1044387], [103.2079185, 13.1043987], [103.2080579, 13.1040844], [103.2081028, 13.1040532], [103.2082897, 13.1040913]]}}, {"type": "Feature", "properties": {"highway": "residential"}, "geometry": {"type": "LineString", "coordinates": [[103.2071269, 13.1059439], [103.2073474, 13.1053994], [103.2075628, 13.1047195], [103.2075411, 13.1046506]]}}, {"type": "Feature", "properties": {"highway": "service"}, "geometry": {"type": "LineString", "coordinates": [[103.2003889, 13.0976229], [103.2005735, 13.0976053], [103.20078, 13.0976203], [103.200947, 13.0976367], [103.2011038, 13.0976521]]}}, {"type": "Feature", "properties": {"highway": "residential"}, "geometry": {"type": "LineString", "coordinates": [[103.2041489, 13.0996172], [103.2046768, 13.0995307], [103.2049991, 13.0995124], [103.2054011, 13.0995157], [103.205494, 13.0995398], [103.205549, 13.0996103], [103.2055704, 13.0997005], [103.2055551, 13.1000397]]}}, {"type": "Feature", "properties": {"highway": "service"}, "geometry": {"type": "LineString", "coordinates": [[103.2037385, 13.1038089], [103.2036969, 13.1034214], [103.2036501, 13.1029849]]}}, {"type": "Feature", "properties": {"highway": "residential"}, "geometry": {"type": "LineString", "coordinates": [[103.2028669, 13.1031592], [103.2028694, 13.1031472], [103.2028836, 13.1031411], [103.2028969, 13.1031363], [103.203053, 13.103086]]}}, {"type": "Feature", "properties": {"highway": "service"}, "geometry": {"type": "LineString", "coordinates": [[103.2029215, 13.1035239], [103.2029639, 13.1038218], [103.202971, 13.1038561], [103.2029763, 13.1038736], [103.2029927, 13.1038874], [103.2030183, 13.1038952]]}}, {"type": "Feature", "properties": {"highway": "residential"}, "geometry": {"type": "LineString", "coordinates": [[103.2012244, 13.1038763], [103.2023807, 13.1036338], [103.2029215, 13.1035239]]}}, {"type": "Feature", "properties": {"highway": "residential"}, "geometry": {"type": "LineString", "coordinates": [[103.2029215, 13.1035239], [103.2028669, 13.1031592]]}}, {"type": "Feature", "properties": {"highway": "service"}, "geometry": {"type": "LineString", "coordinates": [[103.2034327, 13.1048432], [103.2034168, 13.1047477], [103.2034031, 13.1046656]]}}, {"type": "Feature", "properties": {"highway": "service"}, "geometry": {"type": "LineString", "coordinates": [[103.2010117, 13.1031023], [103.2017788, 13.102904], [103.2018119, 13.1028686], [103.2018159, 13.1027711], [103.2018312, 13.1026996], [103.2021076, 13.1026037]]}}, {"type": "Feature", "properties": {"highway": "service"}, "geometry": {"type": "LineString", "coordinates": [[103.2030183, 13.1038952], [103.2032699, 13.1038654], [103.2037385, 13.1038089], [103.2040048, 13.1037629]]}}, {"type": "Feature", "properties": {"highway": "residential"}, "geometry": {"type": "LineString", "coordinates": [[103.203809, 13.0976503], [103.2038471, 13.0976118], [103.206234, 13.0972083]]}}, {"type": "Feature", "properties": {"highway": "residential"}, "geometry": {"type": "LineString", "coordinates": [[103.1992899, 13.1232937], [103.1993782, 13.123736], [103.1995017, 13.1243227]]}}, {"type": "Feature", "properties": {"highway": "residential"}, "geometry": {"type": "LineString", "coordinates": [[103.2017225, 13.1240298], [103.2014462, 13.1240667], [103.2010012, 13.1241351], [103.2004648, 13.1242201], [103.1995017, 13.1243227]]}}, {"type": "Feature", "properties": {"highway": "residential"}, "geometry": {"type": "LineString", "coordinates": [[103.2027134, 13.0730855], [103.2018385, 13.0729217], [103.2007635, 13.0726938]]}}, {"type": "Feature", "properties": {"highway": "service"}, "geometry": {"type": "LineString", "coordinates": [[103.2060643, 13.0796719], [103.2060546, 13.0799094], [103.2060197, 13.0804894], [103.2060412, 13.0806017], [103.2060868, 13.0807376]]}}, {"type": "Feature", "properties": {"highway": "residential"}, "geometry": {"type": "LineString", "coordinates": [[103.2057988, 13.0797355], [103.2058252, 13.0799917], [103.2058199, 13.0804254], [103.2057931, 13.0808107], [103.2057716, 13.0808734]]}}, {"type": "Feature", "properties": {"highway": "residential"}, "geometry": {"type": "LineString", "coordinates": [[103.1897534, 13.1053028], [103.190201, 13.1052938], [103.1909596, 13.1051891], [103.191332, 13.1051243], [103.1916302, 13.1050215], [103.1920444, 13.1048472], [103.1921868, 13.1047927], [103.1923577, 13.1047591], [103.1925736, 13.1047255], [103.1927692, 13.1046949]]}}, {"type": "Feature", "properties": {"highway": "residential"}, "geometry": {"type": "LineString", "coordinates": [[103.1916117, 13.1057931], [103.1910084, 13.1057519], [103.1907486, 13.1056946], [103.1901967, 13.1056918]]}}, {"type": "Feature", "properties": {"highway": "residential"}, "geometry": {"type": "LineString", "coordinates": [[103.1916302, 13.1050215], [103.1916211, 13.1053686], [103.1916114, 13.1055933], [103.1916117, 13.1057931], [103.1916415, 13.1060861]]}}, {"type": "Feature", "properties": {"highway": "residential"}, "geometry": {"type": "LineString", "coordinates": [[103.1889121, 13.1061947], [103.1889335, 13.1062274], [103.1889095, 13.1065087], [103.1888702, 13.1067572], [103.1888111, 13.1070568]]}}, {"type": "Feature", "properties": {"highway": "residential"}, "geometry": {"type": "LineString", "coordinates": [[103.1879973, 13.1061249], [103.1882419, 13.1061456], [103.1888615, 13.106177], [103.1889121, 13.1061947]]}}, {"type": "Feature", "properties": {"highway": "residential"}, "geometry": {"type": "LineString", "coordinates": [[103.1924543, 13.1059257], [103.1923615, 13.1059492], [103.1922504, 13.1059757], [103.1921636, 13.1060241], [103.1920962, 13.1060932], [103.1920104, 13.1061353], [103.1916392, 13.106178], [103.1916415, 13.1060861]]}}, {"type": "Feature", "properties": {"highway": "residential"}, "geometry": {"type": "LineString", "coordinates": [[103.1986994, 13.0860536], [103.1989189, 13.0854382], [103.1990478, 13.0850105]]}}, {"type": "Feature", "properties": {"highway": "secondary"}, "geometry": {"type": "LineString", "coordinates": [[103.1728694, 13.0829156], [103.1728306, 13.0829467], [103.1727977, 13.0829837], [103.1727717, 13.0830255], [103.1727532, 13.0830711], [103.1727429, 13.083119], [103.1722993, 13.0860175], [103.1722424, 13.0863919], [103.1721383, 13.0870762], [103.1719521, 13.0883002], [103.1718267, 13.0892188], [103.1718403, 13.0893564], [103.1718685, 13.0894152], [103.1719235, 13.0895119], [103.1719798, 13.0895863], [103.1724653, 13.0899886], [103.1725994, 13.0901036], [103.1726986, 13.0902721], [103.1727469, 13.0903831], [103.1727831, 13.0905294], [103.1728005, 13.0907019], [103.1728153, 13.0909762], [103.1728247, 13.091355], [103.1728217, 13.0915359], [103.1728207, 13.0916371], [103.172828, 13.0919591], [103.1728774, 13.093415], [103.1728714, 13.0935167], [103.1728723, 13.0935702], [103.1729291, 13.0966544], [103.1729523, 13.0974397], [103.1730144, 13.0994028], [103.1730158, 13.0994473], [103.1730789, 13.1014782], [103.1730907, 13.1018598], [103.1731024, 13.1022354], [103.1732303, 13.1050968], [103.1732418, 13.1054353], [103.173255, 13.1056831]]}}, {"type": "Feature", "properties": {"highway": "residential"}, "geometry": {"type": "LineString", "coordinates": [[103.2159616, 13.136409], [103.2141471, 13.1362799], [103.2126066, 13.136259], [103.21236229406712, 13.136807161126475]]}}, {"type": "Feature", "properties": {"highway": "residential"}, "geometry": {"type": "LineString", "coordinates": [[103.1904434, 13.0973624], [103.1905311, 13.097599], [103.1906453, 13.0978339], [103.1906766, 13.0979278], [103.1907069, 13.0981095], [103.1907281, 13.0983391], [103.1907567, 13.0984748], [103.1908288, 13.0986631], [103.1908811, 13.0987973], [103.1909114, 13.0989304], [103.1909315, 13.0991897], [103.1909313, 13.0993834], [103.1909247, 13.0995586]]}}, {"type": "Feature", "properties": {"highway": "service"}, "geometry": {"type": "LineString", "coordinates": [[103.1876709, 13.0993522], [103.188709, 13.0994314], [103.1896123, 13.0995003]]}}, {"type": "Feature", "properties": {"highway": "residential"}, "geometry": {"type": "LineString", "coordinates": [[103.1895684, 13.1000214], [103.1896123, 13.0995003]]}}, {"type": "Feature", "properties": {"highway": "residential"}, "geometry": {"type": "LineString", "coordinates": [[103.1908072, 13.097294], [103.1907606, 13.0971573], [103.1907244, 13.097092], [103.1906746, 13.097038]]}}, {"type": "Feature", "properties": {"highway": "residential"}, "geometry": {"type": "LineString", "coordinates": [[103.2166878, 13.1030338], [103.2167668, 13.1033491], [103.216875, 13.1038264]]}}, {"type": "Feature", "properties": {"highway": "residential"}, "geometry": {"type": "LineString", "coordinates": [[103.2160934, 13.1031349], [103.2162481, 13.1037243]]}}, {"type": "Feature", "properties": {"highway": "residential"}, "geometry": {"type": "LineString", "coordinates": [[103.2157878, 13.1031869], [103.2160055, 13.1039562]]}}, {"type": "Feature", "properties": {"highway": "residential"}, "geometry": {"type": "LineString", "coordinates": [[103.2102548, 13.1031799], [103.2095897, 13.1033134], [103.2092276, 13.1034284], [103.2091615, 13.1034409], [103.2090027, 13.1034709], [103.2086142, 13.1035075]]}}, {"type": "Feature", "properties": {"highway": "residential"}, "geometry": {"type": "LineString", "coordinates": [[103.2145831, 13.1011522], [103.2146778, 13.1014964], [103.2147802, 13.1018682], [103.2149311, 13.1024165]]}}, {"type": "Feature", "properties": {"highway": "residential"}, "geometry": {"type": "LineString", "coordinates": [[103.2128108, 13.1020999], [103.2135299, 13.1020294]]}}, {"type": "Feature", "properties": {"highway": "residential"}, "geometry": {"type": "LineString", "coordinates": [[103.1902175, 13.1095504], [103.1902464, 13.1095634], [103.1904458, 13.1095881], [103.1905236, 13.1095552], [103.1905861, 13.1095502], [103.1906689, 13.1095766], [103.1907676, 13.1096471], [103.1909045, 13.1096899], [103.1910093, 13.1097047], [103.1913631, 13.1097481]]}}, {"type": "Feature", "properties": {"highway": "residential"}, "geometry": {"type": "LineString", "coordinates": [[103.1902093, 13.109392], [103.1898847, 13.1094085]]}}, {"type": "Feature", "properties": {"highway": "residential"}, "geometry": {"type": "LineString", "coordinates": [[103.1908957, 13.1091059], [103.191385, 13.1091784]]}}, {"type": "Feature", "properties": {"highway": "service"}, "geometry": {"type": "LineString", "coordinates": [[103.1929268, 13.108715], [103.1928966, 13.1087033], [103.1925304, 13.108735], [103.1923968, 13.1088555], [103.1922786, 13.1090423]]}}, {"type": "Feature", "properties": {"highway": "residential"}, "geometry": {"type": "LineString", "coordinates": [[103.1919221, 13.1076406], [103.1918764, 13.1080875], [103.1918248, 13.1082708], [103.1915685, 13.1086548], [103.1914316, 13.1089389], [103.191385, 13.1091784], [103.1913833, 13.1093194], [103.191382, 13.1093475], [103.1913759, 13.1096158], [103.1913631, 13.1097481], [103.1912875, 13.1104322], [103.1912806, 13.1104951], [103.1911555, 13.1112041], [103.1910282, 13.1124768]]}}, {"type": "Feature", "properties": {"highway": "residential"}, "geometry": {"type": "LineString", "coordinates": [[103.1899487, 13.1169371], [103.1895976, 13.1169932], [103.1887534, 13.1170285]]}}, {"type": "Feature", "properties": {"highway": "residential"}, "geometry": {"type": "LineString", "coordinates": [[103.1905939, 13.1148861], [103.1905372, 13.1150384], [103.1903837, 13.1154554], [103.1903231, 13.1158302], [103.1900972, 13.1162987], [103.1899487, 13.1169371]]}}, {"type": "Feature", "properties": {"highway": "residential"}, "geometry": {"type": "LineString", "coordinates": [[103.1887534, 13.1170285], [103.1887636, 13.1167459], [103.1888293, 13.1165718], [103.188882, 13.1159617], [103.1887749, 13.1153968], [103.1886831, 13.1149022], [103.1886484, 13.1147736], [103.1886458, 13.1146313], [103.1887105, 13.1141945], [103.1887236, 13.1139147], [103.1887352, 13.1138218], [103.1887551, 13.1132431], [103.1887586, 13.1131678], [103.1887872, 13.1125367], [103.1887738, 13.1125055], [103.188755, 13.1124872], [103.1887255, 13.1124768], [103.1884025, 13.1124716]]}}, {"type": "Feature", "properties": {"highway": "residential"}, "geometry": {"type": "LineString", "coordinates": [[103.1916392, 13.106178], [103.1915718, 13.1062915], [103.1915396, 13.1064179], [103.191493, 13.107412]]}}, {"type": "Feature", "properties": {"highway": "residential"}, "geometry": {"type": "LineString", "coordinates": [[103.1908098, 13.1073246], [103.1908277, 13.1071627], [103.1908629, 13.1069829], [103.1910033, 13.1067613], [103.1911424, 13.1065887], [103.1912214, 13.1065096], [103.1912752, 13.1064575], [103.1913373, 13.1064241], [103.1914171, 13.1064195], [103.1915396, 13.1064179]]}}, {"type": "Feature", "properties": {"highway": "residential"}, "geometry": {"type": "LineString", "coordinates": [[103.198583, 13.1014094], [103.198941, 13.1013592], [103.1989913, 13.1013331]]}}, {"type": "Feature", "properties": {"highway": "residential"}, "geometry": {"type": "LineString", "coordinates": [[103.1992213, 13.1026611], [103.1991828, 13.1026538], [103.1988129, 13.1027143]]}}, {"type": "Feature", "properties": {"highway": "residential"}, "geometry": {"type": "LineString", "coordinates": [[103.1929701, 13.1204526], [103.1926228, 13.1203504], [103.1924554, 13.1201676], [103.1924018, 13.120145], [103.192327, 13.1201326], [103.1921483, 13.1201284], [103.1920106, 13.1201783], [103.1919983, 13.1201825], [103.1919837, 13.1201832], [103.1918779, 13.1200969], [103.1918658, 13.1200941], [103.1914345, 13.1201071], [103.1914177, 13.1201012], [103.1914094, 13.1200908], [103.1913718, 13.1199935], [103.1913578, 13.1199765], [103.1913393, 13.1199726], [103.1898728, 13.1202436], [103.1894017, 13.1202917], [103.1890639, 13.1203815], [103.1890537, 13.1203887], [103.1890463, 13.1203981], [103.1890413, 13.120409], [103.1890407, 13.1204226], [103.1890369, 13.1205728], [103.1890289, 13.1206501]]}}, {"type": "Feature", "properties": {"highway": "residential"}, "geometry": {"type": "LineString", "coordinates": [[103.1959882, 13.1194404], [103.1962067, 13.1194442], [103.1967916, 13.1194704], [103.1975119, 13.1195663], [103.1979927, 13.119687], [103.1980941, 13.1197166], [103.1986597, 13.1199262]]}}, {"type": "Feature", "properties": {"highway": "residential"}, "geometry": {"type": "LineString", "coordinates": [[103.1834127, 13.1062821], [103.183208, 13.1092793]]}}, {"type": "Feature", "properties": {"highway": "residential"}, "geometry": {"type": "LineString", "coordinates": [[103.1931524, 13.1181723], [103.1929615, 13.1177244], [103.1928956, 13.1176291], [103.1928596, 13.1176175], [103.1927873, 13.1176048], [103.192759, 13.1175651], [103.1927399, 13.1175366], [103.1927232, 13.1175099], [103.1926765, 13.1173383], [103.1926478, 13.1171671], [103.1926328, 13.116994], [103.1925577, 13.1167837], [103.1925429, 13.1166989], [103.1925422, 13.1166295], [103.1925469, 13.1165235], [103.1925818, 13.1161542], [103.192589, 13.1160782], [103.1926193, 13.1158685], [103.1926757, 13.1154354]]}}, {"type": "Feature", "properties": {"highway": "residential"}, "geometry": {"type": "LineString", "coordinates": [[103.1948797, 13.1146391], [103.1942923, 13.1147392], [103.1942293, 13.114797], [103.1941563, 13.1148397], [103.1940439, 13.1149755], [103.1939234, 13.1151211], [103.1938123, 13.1152016], [103.1936813, 13.1152637], [103.1935343, 13.1153051], [103.1933556, 13.1153339], [103.1932121, 13.1153314], [103.1930418, 13.115364], [103.1928554, 13.1154045], [103.1926757, 13.1154354], [103.1925372, 13.1154313], [103.1924222, 13.115488], [103.192331, 13.1155939], [103.1922783, 13.1156561], [103.1922479, 13.115684], [103.1920897, 13.1157075], [103.191981, 13.1156826], [103.1919234, 13.1155769], [103.1918911, 13.1154463], [103.1918723, 13.1153653], [103.1918723, 13.115236], [103.1917705, 13.1151498], [103.1916659, 13.1151511], [103.1915411, 13.115172], [103.1914741, 13.1151668], [103.1913399, 13.1150897], [103.1911857, 13.1150126], [103.1910141, 13.1149474], [103.1907793, 13.1149174], [103.1905939, 13.1148861]]}}, {"type": "Feature", "properties": {"highway": "residential"}, "geometry": {"type": "LineString", "coordinates": [[103.1487214, 13.0566699], [103.1492846, 13.0566701]]}}, {"type": "Feature", "properties": {"highway": "residential"}, "geometry": {"type": "LineString", "coordinates": [[103.1484199, 13.0552132], [103.1491717, 13.0552143]]}}, {"type": "Feature", "properties": {"highway": "residential"}, "geometry": {"type": "LineString", "coordinates": [[103.1495589, 13.0572463], [103.149553, 13.0577822], [103.1495585, 13.0578593], [103.1495416, 13.0579303], [103.1495157, 13.0580112], [103.1494753, 13.0580597]]}}, {"type": "Feature", "properties": {"highway": "residential"}, "geometry": {"type": "LineString", "coordinates": [[103.1488738, 13.0573343], [103.1495589, 13.0572463], [103.149638, 13.0572363], [103.1500659, 13.0571181]]}}, {"type": "Feature", "properties": {"highway": "residential"}, "geometry": {"type": "LineString", "coordinates": [[103.1460501, 13.057542], [103.1462512, 13.0572325], [103.1462579, 13.0572013]]}}, {"type": "Feature", "properties": {"highway": "residential"}, "geometry": {"type": "LineString", "coordinates": [[103.145712, 13.0568028], [103.1462343, 13.0571749], [103.1462579, 13.0572013]]}}, {"type": "Feature", "properties": {"highway": "residential"}, "geometry": {"type": "LineString", "coordinates": [[103.145327, 13.0572881], [103.145712, 13.0568028], [103.14574, 13.0567676], [103.1462085, 13.0561863]]}}, {"type": "Feature", "properties": {"highway": "residential"}, "geometry": {"type": "LineString", "coordinates": [[103.1790563, 13.0779107], [103.1801127, 13.0780193]]}}, {"type": "Feature", "properties": {"highway": "residential"}, "geometry": {"type": "LineString", "coordinates": [[103.1816662, 13.0784235], [103.181762, 13.0781496], [103.1817661, 13.0779831], [103.1818315, 13.0769519], [103.1818704, 13.0769388], [103.1828809, 13.0769777]]}}, {"type": "Feature", "properties": {"highway": "residential"}, "geometry": {"type": "LineString", "coordinates": [[103.1782669, 13.0743039], [103.178291, 13.0742856], [103.1787416, 13.0740231]]}}, {"type": "Feature", "properties": {"highway": "residential"}, "geometry": {"type": "LineString", "coordinates": [[103.1782983, 13.0755554], [103.1783675, 13.0753372], [103.1783795, 13.075268], [103.1783836, 13.0752053], [103.1783353, 13.0744111], [103.1783005, 13.0743536], [103.1782669, 13.0743039]]}}, {"type": "Feature", "properties": {"highway": "residential"}, "geometry": {"type": "LineString", "coordinates": [[103.1784598, 13.0756175], [103.1783506, 13.076091], [103.1783039, 13.076243]]}}, {"type": "Feature", "properties": {"highway": "residential"}, "geometry": {"type": "LineString", "coordinates": [[103.1781555, 13.0755114], [103.1779195, 13.0761197]]}}, {"type": "Feature", "properties": {"highway": "residential"}, "geometry": {"type": "LineString", "coordinates": [[103.1519652, 13.0853608], [103.1519927, 13.084757], [103.1520244, 13.0846877]]}}, {"type": "Feature", "properties": {"highway": "residential"}, "geometry": {"type": "LineString", "coordinates": [[103.1480849, 13.0845714], [103.1481977, 13.0845563], [103.1490966, 13.0846994], [103.1501316, 13.0849843], [103.1512435, 13.0852932], [103.1519652, 13.0853608]]}}, {"type": "Feature", "properties": {"highway": "residential"}, "geometry": {"type": "LineString", "coordinates": [[103.1461842, 13.0853553], [103.1462478, 13.0853232], [103.1471984, 13.0852617], [103.1477499, 13.0850451], [103.1479232, 13.0849308], [103.1480203, 13.0846879], [103.1480849, 13.0845714]]}}, {"type": "Feature", "properties": {"highway": "residential"}, "geometry": {"type": "LineString", "coordinates": [[103.1461256, 13.0863697], [103.1461464, 13.0863189], [103.1461532, 13.0862745], [103.1461515, 13.085445], [103.1461842, 13.0853553]]}}, {"type": "Feature", "properties": {"highway": "residential"}, "geometry": {"type": "LineString", "coordinates": [[103.1416182, 13.0865112], [103.1434047, 13.0865699], [103.1441086, 13.08667], [103.1460738, 13.0863913], [103.1461256, 13.0863697]]}}, {"type": "Feature", "properties": {"highway": "residential"}, "geometry": {"type": "LineString", "coordinates": [[103.1588722, 13.0865363], [103.1588027, 13.0865255], [103.1581411, 13.0865987], [103.1573293, 13.0866792], [103.1572533, 13.086667], [103.1571639, 13.0866527]]}}, {"type": "Feature", "properties": {"highway": "tertiary"}, "geometry": {"type": "LineString", "coordinates": [[103.1585374, 13.0652453], [103.1585235, 13.0654375], [103.1583754, 13.0674836], [103.1583195, 13.0682572], [103.1582924, 13.0686306], [103.1582504, 13.0692124], [103.1582195, 13.0696393], [103.1581708, 13.0703118], [103.1581137, 13.071101], [103.1581032, 13.0712462], [103.1579888, 13.0728261], [103.1578681, 13.0744933], [103.1578445, 13.0748201], [103.1577611, 13.0759725], [103.1577292, 13.0764131], [103.1577052, 13.0767444], [103.1579544, 13.0774721], [103.158312, 13.0785091], [103.1583276, 13.0796242], [103.1583492, 13.0811713], [103.1583512, 13.0813162], [103.1583556, 13.0816376], [103.1577104, 13.0834337], [103.15753, 13.0846839], [103.1575186, 13.0847633], [103.1573905, 13.085651], [103.1573456, 13.085962], [103.1572806, 13.0863262], [103.1572444, 13.0864921], [103.1572167, 13.0865688], [103.1571639, 13.0866527]]}}, {"type": "Feature", "properties": {"highway": "residential"}, "geometry": {"type": "LineString", "coordinates": [[103.1572408, 13.0377745], [103.1573336, 13.037823], [103.1576246, 13.0379341], [103.1577721, 13.0379942], [103.1578821, 13.0380333], [103.1580001, 13.0380543], [103.1581798, 13.0380595], [103.1582871, 13.0380438], [103.1584239, 13.0380385], [103.158676, 13.038036], [103.1589684, 13.0380752], [103.1592768, 13.0381222], [103.1594565, 13.0381509], [103.1596953, 13.0381588], [103.1599313, 13.0381483], [103.1601298, 13.0380961], [103.1602639, 13.0380229], [103.1604157, 13.0379496], [103.1607011, 13.0378609], [103.1609532, 13.0378139], [103.1612644, 13.0377407], [103.1618353, 13.0376126], [103.1627208, 13.0374141], [103.1635496, 13.0371763], [103.1636783, 13.0371423], [103.1638205, 13.0371214], [103.164027, 13.0371057], [103.1642738, 13.0371057], [103.1646466, 13.0371318], [103.1655318, 13.0372155], [103.165682, 13.0372285], [103.1658536, 13.0372311], [103.1660065, 13.0372259], [103.1661782, 13.0371972], [103.1678331, 13.0369672], [103.1680316, 13.0369359], [103.1681791, 13.0369254], [103.1683373, 13.0369437], [103.1687164, 13.0370247]]}}, {"type": "Feature", "properties": {"highway": "residential"}, "geometry": {"type": "LineString", "coordinates": [[103.1498088, 13.0589295], [103.150087, 13.0580507]]}}, {"type": "Feature", "properties": {"highway": "residential"}, "geometry": {"type": "LineString", "coordinates": [[103.150087, 13.0580507], [103.1512699, 13.0575419], [103.1526986, 13.0572276]]}}, {"type": "Feature", "properties": {"highway": "residential"}, "geometry": {"type": "LineString", "coordinates": [[103.1526986, 13.0572276], [103.155557, 13.0542954], [103.1602384, 13.0494929], [103.1617778, 13.0478878]]}}, {"type": "Feature", "properties": {"highway": "residential"}, "geometry": {"type": "LineString", "coordinates": [[103.1464122, 13.034534], [103.146311, 13.0346181], [103.1462647, 13.0347457], [103.1461394, 13.0352831], [103.1461051, 13.035365], [103.1458597, 13.0356773], [103.1457303, 13.035888], [103.1456271, 13.036101], [103.145505, 13.0363662], [103.1454251, 13.0365996], [103.145261, 13.036992], [103.1450778, 13.0373536], [103.1449941, 13.0375434], [103.1449424, 13.0377468], [103.144923, 13.0378426], [103.1448989, 13.037921], [103.1448512, 13.0379768]]}}, {"type": "Feature", "properties": {"highway": "residential"}, "geometry": {"type": "LineString", "coordinates": [[103.1523975, 13.0355505], [103.1523661, 13.0354634], [103.152305, 13.0353977], [103.1521179, 13.0353379], [103.1513147, 13.035236], [103.1508547, 13.0351929], [103.1504033, 13.0351206], [103.1499186, 13.0349904], [103.1494377, 13.0347993], [103.148894, 13.0346207], [103.1483488, 13.0345066], [103.1478359, 13.0344678], [103.1473617, 13.0344543], [103.1468864, 13.0345018], [103.1464122, 13.034534]]}}, {"type": "Feature", "properties": {"highway": "residential"}, "geometry": {"type": "LineString", "coordinates": [[103.1544307, 13.0376593], [103.1543637, 13.037654], [103.1541404, 13.0375996], [103.1539345, 13.0375312], [103.153545, 13.0373775], [103.1532975, 13.0372712], [103.1524794, 13.0369158], [103.1524265, 13.0368614], [103.152415, 13.0367957], [103.1524479, 13.0361807], [103.1524399, 13.0358763], [103.1523975, 13.0355505]]}}, {"type": "Feature", "properties": {"highway": "residential"}, "geometry": {"type": "LineString", "coordinates": [[103.1625314, 13.0470898], [103.1626819, 13.046915], [103.1627436, 13.0468092], [103.1627704, 13.0466955], [103.1627141, 13.046446], [103.1625789, 13.0459845], [103.1622621, 13.0448089], [103.1620246, 13.0439797], [103.1619108, 13.0435821], [103.1615701, 13.042388], [103.1613958, 13.0417831], [103.1612295, 13.0412356], [103.1611812, 13.0411246], [103.1611087, 13.0410338], [103.1601365, 13.0402571], [103.1591736, 13.0394483], [103.1581892, 13.0386396], [103.1577963, 13.0383143], [103.157457, 13.0380203], [103.1573896, 13.0379548], [103.1573497, 13.0378975], [103.1573336, 13.037823]]}}, {"type": "Feature", "properties": {"highway": "residential"}, "geometry": {"type": "LineString", "coordinates": [[103.1647047208731, 13.034316033652575], [103.164723, 13.0344462]]}}, {"type": "Feature", "properties": {"highway": "residential"}, "geometry": {"type": "LineString", "coordinates": [[103.1564797, 13.0374723], [103.156495, 13.0373875], [103.1565187, 13.0372848], [103.1565414, 13.0371868], [103.156566, 13.0370583], [103.1565757, 13.0369766], [103.1565642, 13.0369108], [103.1565299, 13.0368388], [103.15644, 13.0367061], [103.156379, 13.036595], [103.1563438, 13.0364629], [103.1563334, 13.0362951], [103.1563153, 13.0361382]]}}, {"type": "Feature", "properties": {"highway": "residential"}, "geometry": {"type": "LineString", "coordinates": [[103.1618353, 13.0376126], [103.1618428, 13.0374615], [103.1617534, 13.0367854], [103.1617278, 13.0366402], [103.1616852, 13.0365656], [103.1616214, 13.0365158], [103.1615831, 13.0364826], [103.1615703, 13.036437], [103.1615745, 13.0363499], [103.1616597, 13.035317], [103.1617065, 13.0352382], [103.1617917, 13.0351345], [103.1618385, 13.0350474], [103.1618726, 13.0348192], [103.16189663472929, 13.034514288826548]]}}, {"type": "Feature", "properties": {"highway": "residential"}, "geometry": {"type": "LineString", "coordinates": [[103.1529321, 13.062603], [103.1502113, 13.0623832]]}}, {"type": "Feature", "properties": {"highway": "residential"}, "geometry": {"type": "LineString", "coordinates": [[103.143648, 13.0617716], [103.1436864, 13.0610533]]}}, {"type": "Feature", "properties": {"highway": "residential"}, "geometry": {"type": "LineString", "coordinates": [[103.1437826, 13.0568524], [103.1444565, 13.0573489]]}}, {"type": "Feature", "properties": {"highway": "residential"}, "geometry": {"type": "LineString", "coordinates": [[103.1444491, 13.0556441], [103.1445219, 13.0557803], [103.1437826, 13.0568524]]}}, {"type": "Feature", "properties": {"highway": "residential"}, "geometry": {"type": "LineString", "coordinates": [[103.1450098, 13.0627298], [103.145117, 13.0618218], [103.1451998, 13.06112]]}}, {"type": "Feature", "properties": {"highway": "residential"}, "geometry": {"type": "LineString", "coordinates": [[103.1865788, 13.0997344], [103.1866321, 13.0992603], [103.1866816, 13.0988521]]}}, {"type": "Feature", "properties": {"highway": "residential"}, "geometry": {"type": "LineString", "coordinates": [[103.1894168, 13.0951718], [103.1894751, 13.0956116]]}}, {"type": "Feature", "properties": {"highway": "residential"}, "geometry": {"type": "LineString", "coordinates": [[103.1872041, 13.0971023], [103.1867876, 13.0971776], [103.1866535, 13.0971821], [103.1865267, 13.0971854], [103.1863939, 13.0971495], [103.1863001, 13.0971338], [103.1862089, 13.0971338], [103.1861579, 13.0971599], [103.1861445, 13.0972095], [103.1861526, 13.0974551]]}}, {"type": "Feature", "properties": {"highway": "residential"}, "geometry": {"type": "LineString", "coordinates": [[103.1838419, 13.0966427], [103.1840034, 13.0986836]]}}, {"type": "Feature", "properties": {"highway": "residential"}, "geometry": {"type": "LineString", "coordinates": [[103.2020846, 13.0861762], [103.202707, 13.086128], [103.2028768, 13.0861148], [103.2029993, 13.0861148], [103.203077, 13.086105], [103.2032168, 13.0860703], [103.2033197, 13.0860447], [103.2034376, 13.0860154], [103.203594, 13.0860029], [103.2037884, 13.0860079], [103.2039342, 13.0860195]]}}, {"type": "Feature", "properties": {"highway": "residential"}, "geometry": {"type": "LineString", "coordinates": [[103.2084544, 13.0881093], [103.208422, 13.0878139]]}}, {"type": "Feature", "properties": {"highway": "residential"}, "geometry": {"type": "LineString", "coordinates": [[103.2077132, 13.0875294], [103.2085434, 13.0872966], [103.2086651, 13.0872687], [103.2087766, 13.0872522], [103.2089459, 13.0872487]]}}, {"type": "Feature", "properties": {"highway": "residential"}, "geometry": {"type": "LineString", "coordinates": [[103.2079731, 13.1054834], [103.2084095, 13.105611]]}}, {"type": "Feature", "properties": {"highway": "residential"}, "geometry": {"type": "LineString", "coordinates": [[103.2075628, 13.1047195], [103.2082154, 13.1049931], [103.20865, 13.1051092], [103.208875, 13.1051153], [103.2090815, 13.1051185]]}}, {"type": "Feature", "properties": {"highway": "residential"}, "geometry": {"type": "LineString", "coordinates": [[103.196682, 13.1015374], [103.1967589, 13.1019577]]}}, {"type": "Feature", "properties": {"highway": "service"}, "geometry": {"type": "LineString", "coordinates": [[103.2070697, 13.0967334], [103.2071275, 13.0967406], [103.2075545, 13.09673]]}}, {"type": "Feature", "properties": {"highway": "service"}, "geometry": {"type": "LineString", "coordinates": [[103.2069645, 13.0959321], [103.2070528, 13.0966939], [103.2070697, 13.0967334]]}}, {"type": "Feature", "properties": {"highway": "residential"}, "geometry": {"type": "LineString", "coordinates": [[103.1537887, 13.0846321], [103.1537032, 13.085435], [103.1537837, 13.0859], [103.153625, 13.0861995], [103.1535919, 13.0863294], [103.1535578, 13.0864634], [103.153495, 13.0869114], [103.1534976, 13.0870872], [103.1535223, 13.0872481], [103.1536534, 13.0875587]]}}, {"type": "Feature", "properties": {"highway": "residential"}, "geometry": {"type": "LineString", "coordinates": [[103.1554949, 13.0862658], [103.1554896, 13.0863912], [103.1554869, 13.0864983], [103.1555936, 13.0870472]]}}, {"type": "Feature", "properties": {"highway": "residential"}, "geometry": {"type": "LineString", "coordinates": [[103.1556908, 13.089082], [103.1557743, 13.0880681], [103.1557891, 13.086994]]}}, {"type": "Feature", "properties": {"highway": "residential"}, "geometry": {"type": "LineString", "coordinates": [[103.1573323, 13.0879744], [103.1572961, 13.0874386], [103.1572679, 13.0870208], [103.1572658, 13.0869702], [103.1572533, 13.086667]]}}, {"type": "Feature", "properties": {"highway": "residential"}, "geometry": {"type": "LineString", "coordinates": [[103.1567572, 13.0880576], [103.1573323, 13.0879744], [103.1590004, 13.0877376]]}}, {"type": "Feature", "properties": {"highway": "residential"}, "geometry": {"type": "LineString", "coordinates": [[103.1566676, 13.0890385], [103.1567572, 13.0880576], [103.1567502, 13.0878647], [103.1567395, 13.0873108], [103.1567044, 13.08678]]}}, {"type": "Feature", "properties": {"highway": "residential"}, "geometry": {"type": "LineString", "coordinates": [[103.1765084, 13.1035748], [103.1761248, 13.1035631], [103.1757968, 13.1035555], [103.175494, 13.1035496], [103.1753196, 13.1034947], [103.1751238, 13.1034738], [103.1748799, 13.1034451], [103.1747806, 13.1034346], [103.1746931, 13.10343]]}}, {"type": "Feature", "properties": {"highway": "residential"}, "geometry": {"type": "LineString", "coordinates": [[103.1757339, 13.1044223], [103.1756613, 13.1044136], [103.175562, 13.1044097], [103.1755017, 13.1044019], [103.1754446, 13.1043973], [103.1754118, 13.1043973], [103.1753541, 13.1043979], [103.1752898, 13.1043953], [103.1751589, 13.1043923]]}}, {"type": "Feature", "properties": {"highway": "residential"}, "geometry": {"type": "LineString", "coordinates": [[103.1757041, 13.105349], [103.175687, 13.1056365]]}}, {"type": "Feature", "properties": {"highway": "residential"}, "geometry": {"type": "LineString", "coordinates": [[103.1752176, 13.1056412], [103.1752123, 13.1053721], [103.1752094, 13.1052795], [103.1753091, 13.1050637], [103.1753252, 13.1048469]]}}, {"type": "Feature", "properties": {"highway": "residential"}, "geometry": {"type": "LineString", "coordinates": [[103.1752094, 13.1052795], [103.1751719, 13.1046784], [103.1751589, 13.1043923]]}}, {"type": "Feature", "properties": {"highway": "residential"}, "geometry": {"type": "LineString", "coordinates": [[103.1751589, 13.1043923], [103.1749685, 13.1043845], [103.174939, 13.1043244], [103.174939, 13.1042617], [103.1749848, 13.104216], [103.1750593, 13.1042121], [103.1751528, 13.1042199], [103.1751428, 13.1043061], [103.1751589, 13.1043923]]}}, {"type": "Feature", "properties": {"highway": "track"}, "geometry": {"type": "LineString", "coordinates": [[103.1738395, 13.1056393], [103.173836, 13.1054292], [103.1738436, 13.1050561], [103.1732303, 13.1050968]]}}, {"type": "Feature", "properties": {"highway": "residential"}, "geometry": {"type": "LineString", "coordinates": [[103.175812, 13.1042842], [103.175812, 13.1040853], [103.1757968, 13.1035555]]}}, {"type": "Feature", "properties": {"highway": "residential"}, "geometry": {"type": "LineString", "coordinates": [[103.1753653, 13.0935368], [103.1754271, 13.0929316], [103.1754076, 13.0924418], [103.1753735, 13.092093]]}}, {"type": "Feature", "properties": {"highway": "residential"}, "geometry": {"type": "LineString", "coordinates": [[103.2135678, 13.0930397], [103.2137842, 13.0936202], [103.2141956, 13.0947238], [103.2142916, 13.0949942], [103.2144204, 13.0954252], [103.2145531, 13.0958972], [103.2146711, 13.0963394], [103.2147956, 13.0968175], [103.2148158, 13.0969053], [103.214939, 13.0973755], [103.2150594, 13.0977969], [103.2151798, 13.09823], [103.2151891, 13.098263], [103.2152021, 13.0983113], [103.2153289, 13.0987779], [103.2154473, 13.0992135], [103.2154879, 13.099323], [103.2155127, 13.0993641], [103.2155456, 13.0993889], [103.2155791, 13.0993994], [103.2156307, 13.0993876], [103.2157842, 13.0993522], [103.2160805, 13.0992774], [103.21618, 13.0992522], [103.2162236, 13.0992705], [103.2162932, 13.0993105]]}}, {"type": "Feature", "properties": {"highway": "residential"}, "geometry": {"type": "LineString", "coordinates": [[103.1919954, 13.1106371], [103.1919891, 13.1107181], [103.1919264, 13.1108956], [103.1919055, 13.1109409], [103.191875, 13.11096], [103.1917155, 13.1109388], [103.1916752, 13.1109674], [103.1916525, 13.1110028], [103.1916233, 13.1116815], [103.1916055, 13.1117943], [103.1915894, 13.1120451], [103.1915519, 13.1121705], [103.1915137, 13.1125118]]}}, {"type": "Feature", "properties": {"highway": "residential"}, "geometry": {"type": "LineString", "coordinates": [[103.1948143, 13.1102668], [103.1949422, 13.1102217], [103.1950388, 13.110136], [103.1951277, 13.1100759], [103.1951979, 13.1100158], [103.1952469, 13.1099619], [103.1953254, 13.1098782], [103.1954098, 13.1098387], [103.1955164, 13.1098263], [103.1958948, 13.1098091]]}}, {"type": "Feature", "properties": {"highway": "residential"}, "geometry": {"type": "LineString", "coordinates": [[103.1918969, 13.11056], [103.1919171, 13.1105797], [103.1919954, 13.1106371]]}}, {"type": "Feature", "properties": {"highway": "residential"}, "geometry": {"type": "LineString", "coordinates": [[103.1920071, 13.1098732], [103.1919384, 13.1104014], [103.1918958, 13.1105279], [103.1918969, 13.11056]]}}, {"type": "Feature", "properties": {"highway": "residential"}, "geometry": {"type": "LineString", "coordinates": [[103.1913631, 13.1097481], [103.1918045, 13.1098499], [103.1920071, 13.1098732], [103.1921421, 13.1098736], [103.1922513, 13.1098783]]}}, {"type": "Feature", "properties": {"highway": "residential"}, "geometry": {"type": "LineString", "coordinates": [[103.191382, 13.1093475], [103.1920701, 13.1093959]]}}, {"type": "Feature", "properties": {"highway": "residential"}, "geometry": {"type": "LineString", "coordinates": [[103.1773667, 13.1045538], [103.1774326, 13.1046163], [103.1774749, 13.1046542], [103.1775289, 13.1046772], [103.177561, 13.1046953], [103.1776438, 13.104697], [103.1781394, 13.1047116]]}}, {"type": "Feature", "properties": {"highway": "residential"}, "geometry": {"type": "LineString", "coordinates": [[103.1762345, 13.1052795], [103.1762311, 13.1048874], [103.1762311, 13.1048534], [103.1762686, 13.1048351], [103.1763304, 13.1048303], [103.176484, 13.1048813], [103.1765895, 13.1049526], [103.1768139, 13.1049842], [103.1769883, 13.10498], [103.1771826, 13.1049669], [103.1773112, 13.1049406], [103.1773603, 13.1049109], [103.1774169, 13.1048688], [103.177561, 13.1046953]]}}, {"type": "Feature", "properties": {"highway": "living_street"}, "geometry": {"type": "LineString", "coordinates": [[103.1810795, 13.1051625], [103.1797333, 13.1052045], [103.1781601, 13.105255]]}}, {"type": "Feature", "properties": {"highway": "service"}, "geometry": {"type": "LineString", "coordinates": [[103.1810431, 13.1057801], [103.1810875, 13.1053428]]}}, {"type": "Feature", "properties": {"highway": "residential"}, "geometry": {"type": "LineString", "coordinates": [[103.1797233, 13.1041978], [103.1797333, 13.1052045], [103.1797378, 13.105259], [103.1797678, 13.1057591]]}}, {"type": "Feature", "properties": {"highway": "residential"}, "geometry": {"type": "LineString", "coordinates": [[103.1820585, 13.1072509], [103.1820059, 13.1072777], [103.181966, 13.1073551], [103.1818929, 13.1077273]]}}, {"type": "Feature", "properties": {"highway": "residential"}, "geometry": {"type": "LineString", "coordinates": [[103.1824438, 13.1072367], [103.1822933, 13.1072284], [103.1821246, 13.1072383], [103.1820585, 13.1072509]]}}, {"type": "Feature", "properties": {"highway": "residential"}, "geometry": {"type": "LineString", "coordinates": [[103.190168, 13.107239], [103.1902902, 13.106747], [103.1903488, 13.1064805], [103.1903876, 13.1062414]]}}, {"type": "Feature", "properties": {"highway": "residential"}, "geometry": {"type": "LineString", "coordinates": [[103.1896134, 13.1066208], [103.1898616, 13.1065575], [103.1899221, 13.1065108], [103.1899908, 13.1064554], [103.1900503, 13.1063856], [103.1901259, 13.106168], [103.1901732, 13.105954], [103.1901967, 13.1056918], [103.190201, 13.1052938], [103.1901968, 13.105001], [103.1906081, 13.1049552]]}}, {"type": "Feature", "properties": {"highway": "residential"}, "geometry": {"type": "LineString", "coordinates": [[103.1897549, 13.1071831], [103.1898616, 13.1065575]]}}, {"type": "Feature", "properties": {"highway": "residential"}, "geometry": {"type": "LineString", "coordinates": [[103.1878871, 13.1093143], [103.1879919, 13.1093184]]}}, {"type": "Feature", "properties": {"highway": "residential"}, "geometry": {"type": "LineString", "coordinates": [[103.2233789, 13.0840869], [103.2235694, 13.0841548], [103.2238698, 13.084262], [103.2239824, 13.0842932], [103.2241452, 13.084291]]}}, {"type": "Feature", "properties": {"highway": "residential"}, "geometry": {"type": "LineString", "coordinates": [[103.2249185, 13.0852201], [103.22495535017772, 13.085330827091184]]}}, {"type": "Feature", "properties": {"highway": "residential"}, "geometry": {"type": "LineString", "coordinates": [[103.2224186, 13.0847577], [103.222525, 13.0847415], [103.2226128, 13.0847464], [103.2227345, 13.0847843], [103.2229271, 13.0848271], [103.2230825, 13.0848583], [103.2231457, 13.0848624], [103.2232042, 13.084855], [103.2232447, 13.0848355], [103.2232831, 13.0848069], [103.2233867, 13.0847629], [103.2235134, 13.0847497], [103.2236503, 13.0847662], [103.2237567, 13.0847974], [103.2238497, 13.0848468], [103.2239308, 13.084888], [103.2241059, 13.0849362], [103.2242578, 13.0849592], [103.2244001, 13.0849397]]}}, {"type": "Feature", "properties": {"highway": "residential"}, "geometry": {"type": "LineString", "coordinates": [[103.2226744, 13.0858293], [103.2225232, 13.085389], [103.2225123, 13.0851777], [103.2224651, 13.0849484], [103.2224186, 13.0847577], [103.2223652, 13.0846351], [103.2221902, 13.0840904], [103.2219454, 13.0832403]]}}, {"type": "Feature", "properties": {"highway": "residential"}, "geometry": {"type": "LineString", "coordinates": [[103.2096215, 13.0822245], [103.2089778, 13.0821892]]}}, {"type": "Feature", "properties": {"highway": "residential"}, "geometry": {"type": "LineString", "coordinates": [[103.2081048, 13.0791974], [103.2081574, 13.0795305], [103.2082419, 13.0796194]]}}, {"type": "Feature", "properties": {"highway": "residential"}, "geometry": {"type": "LineString", "coordinates": [[103.2082419, 13.0796194], [103.2083358, 13.0796599], [103.2084538, 13.0796507], [103.2087421, 13.0796611], [103.2087944, 13.079699], [103.2088372, 13.0797775]]}}, {"type": "Feature", "properties": {"highway": "residential"}, "geometry": {"type": "LineString", "coordinates": [[103.2111839, 13.0871183], [103.2120894, 13.0868221]]}}, {"type": "Feature", "properties": {"highway": "residential"}, "geometry": {"type": "LineString", "coordinates": [[103.2146234, 13.0869419], [103.2145974, 13.086945], [103.2127574, 13.0875773], [103.2127223, 13.0875828]]}}, {"type": "Feature", "properties": {"highway": "residential"}, "geometry": {"type": "LineString", "coordinates": [[103.2127223, 13.0875828], [103.212693, 13.0875564], [103.212617, 13.0872447], [103.2125378, 13.0869986], [103.2125358, 13.0869797], [103.2125448, 13.0869633], [103.2131861, 13.0867569], [103.213842, 13.0865466], [103.2138548, 13.0865443], [103.2138652, 13.0865528], [103.2139428, 13.0868106]]}}, {"type": "Feature", "properties": {"highway": "residential"}, "geometry": {"type": "LineString", "coordinates": [[103.2146352, 13.0848761], [103.214599, 13.0848772], [103.2142946, 13.0849887]]}}, {"type": "Feature", "properties": {"highway": "residential"}, "geometry": {"type": "LineString", "coordinates": [[103.2121816, 13.0859002], [103.2122049, 13.0858922], [103.2140168, 13.0853046], [103.2143655, 13.0851915]]}}, {"type": "Feature", "properties": {"highway": "residential"}, "geometry": {"type": "LineString", "coordinates": [[103.222296, 13.0819776], [103.2222145, 13.0817505], [103.222138, 13.0815371]]}}, {"type": "Feature", "properties": {"highway": "residential"}, "geometry": {"type": "LineString", "coordinates": [[103.2174949, 13.0830438], [103.2176469, 13.0834943]]}}, {"type": "Feature", "properties": {"highway": "residential"}, "geometry": {"type": "LineString", "coordinates": [[103.2065137, 13.0924699], [103.2071617, 13.0922307], [103.2082999, 13.0918106]]}}, {"type": "Feature", "properties": {"highway": "residential"}, "geometry": {"type": "LineString", "coordinates": [[103.1760916, 13.1011491], [103.1756611, 13.1011464]]}}, {"type": "Feature", "properties": {"highway": "residential"}, "geometry": {"type": "LineString", "coordinates": [[103.1782532, 13.0960148], [103.1782279, 13.0960221], [103.1777677, 13.0960416]]}}, {"type": "Feature", "properties": {"highway": "residential"}, "geometry": {"type": "LineString", "coordinates": [[103.1782065, 13.0944594], [103.1782054, 13.094864], [103.1782173, 13.0950138], [103.1782401, 13.0951365], [103.1782695, 13.0954011], [103.1782979, 13.0959257], [103.1782904, 13.095964], [103.1782745, 13.0959941], [103.1782532, 13.0960148]]}}, {"type": "Feature", "properties": {"highway": "residential"}, "geometry": {"type": "LineString", "coordinates": [[103.1792003, 13.0945958], [103.1791295, 13.0945505], [103.1787322, 13.0944777], [103.1782065, 13.0944594]]}}, {"type": "Feature", "properties": {"highway": "residential"}, "geometry": {"type": "LineString", "coordinates": [[103.1790915, 13.097294], [103.1790809, 13.0964213], [103.1792235, 13.0948635], [103.1792421, 13.0946605], [103.1792003, 13.0945958]]}}, {"type": "Feature", "properties": {"highway": "residential"}, "geometry": {"type": "LineString", "coordinates": [[103.1764447, 13.0958396], [103.1765827, 13.0958784], [103.1766537, 13.095908], [103.1767129, 13.0959495], [103.1767517, 13.095987], [103.1767806, 13.096035], [103.1767931, 13.0960767], [103.1767938, 13.0961196], [103.1767821, 13.096187], [103.1767631, 13.096251], [103.1766937, 13.0963684], [103.1766402, 13.0964886], [103.1766486, 13.0965194], [103.1766798, 13.0965469]]}}, {"type": "Feature", "properties": {"highway": "residential"}, "geometry": {"type": "LineString", "coordinates": [[103.1790549, 13.0995886], [103.1790689, 13.100637], [103.1790885, 13.1018499], [103.1791077, 13.1023321], [103.179125, 13.1026344]]}}, {"type": "Feature", "properties": {"highway": "residential"}, "geometry": {"type": "LineString", "coordinates": [[103.1803563, 13.101008], [103.1803237, 13.0996402]]}}, {"type": "Feature", "properties": {"highway": "residential"}, "geometry": {"type": "LineString", "coordinates": [[103.1796451, 13.1010929], [103.1796941, 13.0996162]]}}, {"type": "Feature", "properties": {"highway": "residential"}, "geometry": {"type": "LineString", "coordinates": [[103.1779845, 13.0989207], [103.1786612, 13.0988893]]}}, {"type": "Feature", "properties": {"highway": "residential"}, "geometry": {"type": "LineString", "coordinates": [[103.1790549, 13.0995886], [103.1790501, 13.0985811]]}}, {"type": "Feature", "properties": {"highway": "residential"}, "geometry": {"type": "LineString", "coordinates": [[103.1790483, 13.0978115], [103.1808123, 13.0977843]]}}, {"type": "Feature", "properties": {"highway": "residential"}, "geometry": {"type": "LineString", "coordinates": [[103.1779731, 13.0985135], [103.177835, 13.0985079], [103.1777009, 13.0985027], [103.1774837, 13.0985288], [103.1772683, 13.0985452], [103.1770509, 13.0985295], [103.1768769, 13.0985165], [103.1767193, 13.0984813], [103.1764885, 13.0984434], [103.176428, 13.0984574], [103.1763611, 13.0985199], [103.1762613, 13.0986137], [103.1762166, 13.0986677], [103.1761847, 13.0987257], [103.1761634, 13.0988045], [103.1761511, 13.0996973]]}}, {"type": "Feature", "properties": {"highway": "residential"}, "geometry": {"type": "LineString", "coordinates": [[103.204027, 13.0906712], [103.2036388, 13.0906574], [103.2035993, 13.0906691], [103.2035641, 13.0906928], [103.203525, 13.0907044], [103.2034783, 13.090711], [103.2033898, 13.0907031], [103.2030719, 13.0906365], [103.2029727, 13.0905895], [103.2029177, 13.0905777]]}}, {"type": "Feature", "properties": {"highway": "residential"}, "geometry": {"type": "LineString", "coordinates": [[103.2031003, 13.0897696], [103.2030759, 13.0899849], [103.2030671, 13.0900026], [103.2030556, 13.0900171], [103.2030329, 13.0900273], [103.2030102, 13.0900331], [103.2029329, 13.0900636], [103.2028625, 13.0900859], [103.2028391, 13.0900992], [103.2028274, 13.0901172], [103.2027781, 13.0901717]]}}, {"type": "Feature", "properties": {"highway": "residential"}, "geometry": {"type": "LineString", "coordinates": [[103.2036978, 13.0897824], [103.2033965, 13.0897927], [103.2031003, 13.0897696], [103.2024095, 13.0896464]]}}, {"type": "Feature", "properties": {"highway": "residential"}, "geometry": {"type": "LineString", "coordinates": [[103.1806564, 13.0933506], [103.1786824, 13.0934032], [103.1781433, 13.093426], [103.1763867, 13.0934868], [103.1753653, 13.0935368], [103.1749093, 13.0935519], [103.1748526, 13.0935538], [103.1728723, 13.0935702]]}}, {"type": "Feature", "properties": {"highway": "residential"}, "geometry": {"type": "LineString", "coordinates": [[103.2180988, 13.0865309], [103.2176511, 13.0865647]]}}, {"type": "Feature", "properties": {"highway": "residential"}, "geometry": {"type": "LineString", "coordinates": [[103.2182187, 13.0872782], [103.2181194, 13.0866074], [103.2180988, 13.0865309], [103.2180946, 13.0864594], [103.2180816, 13.0863788], [103.21805, 13.0862772], [103.2180178, 13.0862032], [103.217954, 13.0860609], [103.217895, 13.0859597], [103.2178537, 13.0858766], [103.2178038, 13.0857869], [103.2177627, 13.0857106], [103.2177236, 13.0856276], [103.2176471, 13.0854487], [103.2175452, 13.0850954], [103.2173964, 13.0847335]]}}, {"type": "Feature", "properties": {"highway": "residential"}, "geometry": {"type": "LineString", "coordinates": [[103.1990478, 13.0850105], [103.1990996, 13.0845284], [103.1990922, 13.0845009], [103.1990781, 13.0844788], [103.1990416, 13.0844641], [103.1989977, 13.0844553], [103.1982601, 13.0843821]]}}, {"type": "Feature", "properties": {"highway": "residential"}, "geometry": {"type": "LineString", "coordinates": [[103.199946, 13.0828084], [103.2002671, 13.0828973]]}}, {"type": "Feature", "properties": {"highway": "residential"}, "geometry": {"type": "LineString", "coordinates": [[103.198866, 13.0823211], [103.1989085, 13.082348], [103.1990703, 13.082375], [103.1991023, 13.0823895], [103.1991491, 13.0824247], [103.1991981, 13.0824507], [103.1992596, 13.0824555], [103.1992786, 13.0824531], [103.199291, 13.0824397], [103.1993173, 13.0823397], [103.1993333, 13.0823138], [103.1993598, 13.0823051], [103.1994885, 13.0823312], [103.1996146, 13.082373], [103.1997514, 13.0824227], [103.1998748, 13.0824749], [103.2003948, 13.0826732]]}}, {"type": "Feature", "properties": {"highway": "residential"}, "geometry": {"type": "LineString", "coordinates": [[103.1826422, 13.1195178], [103.1825491, 13.1171146]]}}, {"type": "Feature", "properties": {"highway": "footway"}, "geometry": {"type": "LineString", "coordinates": [[103.1972374, 13.1016869], [103.1973354, 13.1016274], [103.1974589, 13.1016033]]}}, {"type": "Feature", "properties": {"highway": "footway"}, "geometry": {"type": "LineString", "coordinates": [[103.1973354, 13.1016274], [103.1972597, 13.1014421]]}}, {"type": "Feature", "properties": {"highway": "footway"}, "geometry": {"type": "LineString", "coordinates": [[103.1997054, 13.0961609], [103.1997624, 13.0961471], [103.1998346, 13.0961296], [103.1997917, 13.0959612], [103.1997255, 13.0959772], [103.1996625, 13.0959925], [103.1996834, 13.0960743], [103.1997054, 13.0961609]]}}, {"type": "Feature", "properties": {"highway": "footway"}, "geometry": {"type": "LineString", "coordinates": [[103.1999483, 13.09701], [103.199846, 13.0965387]]}}, {"type": "Feature", "properties": {"highway": "footway"}, "geometry": {"type": "LineString", "coordinates": [[103.2000725, 13.0949788], [103.1998557, 13.094983], [103.1997743, 13.0949877], [103.1997053, 13.0949916], [103.1996836, 13.0949928], [103.1994741, 13.0949965], [103.1994733, 13.095062], [103.199469, 13.0951596], [103.1994832, 13.0955719], [103.1994856, 13.0957051], [103.199476, 13.0958701], [103.1994867, 13.0959994], [103.1995046, 13.096117], [103.1995242, 13.096168], [103.1995444, 13.0962149], [103.1995543, 13.0962812], [103.1996087, 13.0963913], [103.1996234, 13.0964941], [103.1996495, 13.0965191], [103.1997997, 13.0965045]]}}, {"type": "Feature", "properties": {"highway": "footway"}, "geometry": {"type": "LineString", "coordinates": [[103.1995046, 13.096117], [103.1996834, 13.0960743]]}}, {"type": "Feature", "properties": {"highway": "service"}, "geometry": {"type": "LineString", "coordinates": [[103.1994856, 13.0957051], [103.199659, 13.0956917], [103.199729, 13.0956866], [103.1997903, 13.0956843], [103.2000868, 13.0956731]]}}, {"type": "Feature", "properties": {"highway": "footway"}, "geometry": {"type": "LineString", "coordinates": [[103.199659, 13.0956917], [103.1997255, 13.0959772]]}}, {"type": "Feature", "properties": {"highway": "footway"}, "geometry": {"type": "LineString", "coordinates": [[103.1996836, 13.0949928], [103.1996833, 13.0951013]]}}, {"type": "Feature", "properties": {"highway": "footway"}, "geometry": {"type": "LineString", "coordinates": [[103.199469, 13.0951596], [103.1996445, 13.0951496]]}}, {"type": "Feature", "properties": {"highway": "footway"}, "geometry": {"type": "LineString", "coordinates": [[103.2001874, 13.0937297], [103.2000467, 13.0941626]]}}, {"type": "Feature", "properties": {"highway": "footway"}, "geometry": {"type": "LineString", "coordinates": [[103.2001874, 13.0937297], [103.1998529, 13.0941157], [103.2000467, 13.0941626], [103.2000886, 13.0941701], [103.2003269, 13.0942214]]}}, {"type": "Feature", "properties": {"highway": "footway"}, "geometry": {"type": "LineString", "coordinates": [[103.1997053, 13.0949916], [103.1997314, 13.0949141], [103.1997432, 13.0948012], [103.1997866, 13.0946775], [103.199797, 13.0946454], [103.1998352, 13.0945376], [103.1998611, 13.0944257], [103.1998679, 13.0943962]]}}, {"type": "Feature", "properties": {"highway": "footway"}, "geometry": {"type": "LineString", "coordinates": [[103.1998557, 13.094983], [103.199905, 13.0948338], [103.1999802, 13.0945771], [103.2000636, 13.0943011]]}}, {"type": "Feature", "properties": {"highway": "footway"}, "geometry": {"type": "LineString", "coordinates": [[103.2002885, 13.0943468], [103.2000636, 13.0943011], [103.2000049, 13.0942787], [103.1999105, 13.0942545]]}}, {"type": "Feature", "properties": {"highway": "footway"}, "geometry": {"type": "LineString", "coordinates": [[103.1995315, 13.0947665], [103.1997432, 13.0948012], [103.1998272, 13.0948181], [103.199905, 13.0948338], [103.2000964, 13.0948921]]}}, {"type": "Feature", "properties": {"highway": "footway"}, "geometry": {"type": "LineString", "coordinates": [[103.1995899, 13.0946319], [103.1997866, 13.0946775]]}}, {"type": "Feature", "properties": {"highway": "footway"}, "geometry": {"type": "LineString", "coordinates": [[103.1998352, 13.0945376], [103.1999235, 13.0945616], [103.1999802, 13.0945771]]}}, {"type": "Feature", "properties": {"highway": "footway"}, "geometry": {"type": "LineString", "coordinates": [[103.1997903, 13.0956843], [103.1997594, 13.0951448], [103.1997743, 13.0949877], [103.1998272, 13.0948181], [103.1998835, 13.0946682], [103.1999235, 13.0945616], [103.1999539, 13.0944534], [103.2000049, 13.0942787], [103.2000467, 13.0941626]]}}, {"type": "Feature", "properties": {"highway": "footway"}, "geometry": {"type": "LineString", "coordinates": [[103.1994741, 13.0949965], [103.1994851, 13.0949245], [103.1995063, 13.0948377]]}}, {"type": "Feature", "properties": {"highway": "footway"}, "geometry": {"type": "LineString", "coordinates": [[103.1997837, 13.0942151], [103.1998529, 13.0941157]]}}, {"type": "Feature", "properties": {"highway": "pedestrian"}, "geometry": {"type": "LineString", "coordinates": [[103.1990082, 13.0922565], [103.1992479, 13.0923368], [103.199526, 13.0924346], [103.1995825, 13.0922789], [103.1996206, 13.0921737], [103.1993283, 13.0920714], [103.1990226, 13.0919679], [103.1989759, 13.0920969], [103.198928, 13.0922289], [103.1990082, 13.0922565]]}}, {"type": "Feature", "properties": {"highway": "footway"}, "geometry": {"type": "LineString", "coordinates": [[103.1991017, 13.0927381], [103.1990601, 13.0927141], [103.1990294, 13.0926777], [103.1990134, 13.0926333], [103.1990115, 13.0926082], [103.199021, 13.092562], [103.199046, 13.0925218], [103.1990704, 13.0925004], [103.1991142, 13.0924803], [103.1991678, 13.0924766], [103.199214, 13.0924904], [103.1992638, 13.0925321], [103.1992848, 13.0925745], [103.1992896, 13.0926214], [103.1992848, 13.0926478], [103.1992638, 13.0926902], [103.1992193, 13.0927292], [103.1991737, 13.0927449], [103.1991253, 13.0927445], [103.1991017, 13.0927381]]}}, {"type": "Feature", "properties": {"highway": "footway"}, "geometry": {"type": "LineString", "coordinates": [[103.1993109, 13.0922692], [103.1992873, 13.0922712], [103.1992645, 13.0922653], [103.1992451, 13.0922521], [103.1992314, 13.0922331], [103.1992253, 13.0922109], [103.1992273, 13.0921879], [103.1992373, 13.092167], [103.1992511, 13.0921529], [103.199272, 13.092142], [103.1993044, 13.0921396], [103.1993267, 13.0921473], [103.199345, 13.092162], [103.1993568, 13.0921814], [103.1993613, 13.092204], [103.1993576, 13.0922268], [103.1993461, 13.0922469], [103.1993282, 13.092262], [103.1993109, 13.0922692]]}}, {"type": "Feature", "properties": {"highway": "footway"}, "geometry": {"type": "LineString", "coordinates": [[103.1991678, 13.0924766], [103.1992479, 13.0923368], [103.1992645, 13.0922653]]}}, {"type": "Feature", "properties": {"highway": "footway"}, "geometry": {"type": "LineString", "coordinates": [[103.1994168, 13.0917565], [103.1993283, 13.0920714], [103.1993044, 13.0921396]]}}, {"type": "Feature", "properties": {"highway": "footway"}, "geometry": {"type": "LineString", "coordinates": [[103.1987278, 13.0927447], [103.1990644, 13.0928441], [103.1993766, 13.0929362]]}}, {"type": "Feature", "properties": {"highway": "footway"}, "geometry": {"type": "LineString", "coordinates": [[103.1990644, 13.0928441], [103.1991017, 13.0927381]]}}, {"type": "Feature", "properties": {"highway": "footway"}, "geometry": {"type": "LineString", "coordinates": [[103.2007283, 13.092921], [103.200568, 13.0929281], [103.2004205, 13.0931995], [103.2003817, 13.0933087]]}}, {"type": "Feature", "properties": {"highway": "footway"}, "geometry": {"type": "LineString", "coordinates": [[103.1989468, 13.0920867], [103.1989759, 13.0920969], [103.1992373, 13.092167]]}}, {"type": "Feature", "properties": {"highway": "footway"}, "geometry": {"type": "LineString", "coordinates": [[103.1993613, 13.092204], [103.1995825, 13.0922789], [103.1996206, 13.0922947]]}}, {"type": "Feature", "properties": {"highway": "pedestrian"}, "geometry": {"type": "LineString", "coordinates": [[103.2002589, 13.0989223], [103.2003464, 13.0989123], [103.2003448, 13.0988973], [103.2002542, 13.0980461], [103.2002081, 13.0976127], [103.2001551, 13.0971147], [103.1999756, 13.0971405], [103.1998879, 13.0971531], [103.2000961, 13.098045], [103.2002589, 13.0989223]]}}, {"type": "Feature", "properties": {"highway": "service"}, "geometry": {"type": "LineString", "coordinates": [[103.1907927, 13.0844593], [103.1908073, 13.0843448]]}}, {"type": "Feature", "properties": {"highway": "service"}, "geometry": {"type": "LineString", "coordinates": [[103.191801, 13.0845873], [103.1915585, 13.0845421], [103.1907927, 13.0844593], [103.1903353, 13.0844019], [103.1902973, 13.0843964], [103.1902748, 13.0843799], [103.1902805, 13.0843051], [103.1902861, 13.0842989], [103.1902944, 13.0842936], [103.1903075, 13.0842923], [103.1908073, 13.0843448], [103.1913244, 13.0844023], [103.1913343, 13.0843334]]}}, {"type": "Feature", "properties": {"highway": "service"}, "geometry": {"type": "LineString", "coordinates": [[103.179692, 13.0852236], [103.1794864, 13.08522], [103.1788079, 13.0852134], [103.1782626, 13.0852081]]}}, {"type": "Feature", "properties": {"highway": "unclassified"}, "geometry": {"type": "LineString", "coordinates": [[103.1794634, 13.087995], [103.179467, 13.0875634], [103.1794772, 13.0863351], [103.1794819, 13.0857617], [103.1794864, 13.08522], [103.179494, 13.0848302], [103.179496, 13.0847286], [103.1794981, 13.0846867], [103.1795334, 13.0846584], [103.1796952, 13.0846424], [103.180283, 13.084603], [103.1804511, 13.0845845], [103.1805547, 13.0845771], [103.1806533, 13.0846067], [103.180762, 13.0846953], [103.1807999, 13.0848037], [103.1808125, 13.0849489], [103.1807923, 13.0857787], [103.1807618, 13.0875393], [103.1807597, 13.0877488], [103.1807579, 13.0879372]]}}, {"type": "Feature", "properties": {"highway": "service"}, "geometry": {"type": "LineString", "coordinates": [[103.1934891, 13.0706862], [103.1943231, 13.0707977]]}}, {"type": "Feature", "properties": {"highway": "service"}, "geometry": {"type": "LineString", "coordinates": [[103.2209703, 13.086045], [103.2207686, 13.0861034], [103.2198007, 13.0864247], [103.2188379, 13.0867373]]}}, {"type": "Feature", "properties": {"highway": "service"}, "geometry": {"type": "LineString", "coordinates": [[103.2188989, 13.0869208], [103.2188379, 13.0867373], [103.218608, 13.086077], [103.218345, 13.085338]]}}, {"type": "Feature", "properties": {"highway": "service"}, "geometry": {"type": "LineString", "coordinates": [[103.2208326, 13.0862874], [103.2207686, 13.0861034], [103.2205519, 13.0854355], [103.218608, 13.086077], [103.2181701, 13.0862227]]}}, {"type": "Feature", "properties": {"highway": "service"}, "geometry": {"type": "LineString", "coordinates": [[103.2199089, 13.0867286], [103.2198602, 13.0865924]]}}, {"type": "Feature", "properties": {"highway": "service"}, "geometry": {"type": "LineString", "coordinates": [[103.2204363, 13.0842874], [103.2205659, 13.0845207], [103.2206624, 13.0846657], [103.2207018, 13.0847388], [103.2209057, 13.0853206], [103.2205519, 13.0854355]]}}, {"type": "Feature", "properties": {"highway": "footway"}, "geometry": {"type": "LineString", "coordinates": [[103.2010117, 13.1031023], [103.2008917, 13.1031232], [103.2009847, 13.103562], [103.2010634, 13.1038128], [103.2012565, 13.1044084], [103.2013064, 13.1045542], [103.2013477, 13.104675], [103.2014818, 13.1050165], [103.2016267, 13.1053038], [103.2017653, 13.1052406]]}}, {"type": "Feature", "properties": {"highway": "footway"}, "geometry": {"type": "LineString", "coordinates": [[103.2014818, 13.1050165], [103.2016304, 13.1049588]]}}, {"type": "Feature", "properties": {"highway": "footway"}, "geometry": {"type": "LineString", "coordinates": [[103.2013064, 13.1045542], [103.2014333, 13.1044974]]}}, {"type": "Feature", "properties": {"highway": "service"}, "geometry": {"type": "LineString", "coordinates": [[103.2017068, 13.1090089], [103.2017016, 13.1089303], [103.2017039, 13.108486], [103.2017053, 13.1082261], [103.2017324, 13.1078845]]}}, {"type": "Feature", "properties": {"highway": "service"}, "geometry": {"type": "LineString", "coordinates": [[103.200923, 13.1082031], [103.200894, 13.1079725], [103.2009074, 13.1078275], [103.2009396, 13.1077831], [103.201004, 13.1077675], [103.2014215, 13.1077898], [103.2017071, 13.1078114], [103.2017673, 13.1078159]]}}, {"type": "Feature", "properties": {"highway": "service"}, "geometry": {"type": "LineString", "coordinates": [[103.2017864, 13.1076386], [103.2017737, 13.1077423], [103.2017673, 13.1078159], [103.2017324, 13.1078845]]}}, {"type": "Feature", "properties": {"highway": "service"}, "geometry": {"type": "LineString", "coordinates": [[103.2009396, 13.1077831], [103.2009329, 13.1075872], [103.2009611, 13.107565], [103.2017173, 13.1076329], [103.2017488, 13.1076355], [103.2017864, 13.1076386], [103.2020591, 13.1076397], [103.2023381, 13.1076589]]}}, {"type": "Feature", "properties": {"highway": "service"}, "geometry": {"type": "LineString", "coordinates": [[103.2011874, 13.1094519], [103.2011615, 13.1092272], [103.2011414, 13.109095], [103.2010198, 13.1084911], [103.200923, 13.1082031]]}}, {"type": "Feature", "properties": {"highway": "service"}, "geometry": {"type": "LineString", "coordinates": [[103.200923, 13.1082031], [103.2013883, 13.1082058], [103.2017053, 13.1082261]]}}, {"type": "Feature", "properties": {"highway": "service"}, "geometry": {"type": "LineString", "coordinates": [[103.2026385, 13.1088928], [103.2017068, 13.1090089], [103.2011414, 13.109095]]}}, {"type": "Feature", "properties": {"highway": "service"}, "geometry": {"type": "LineString", "coordinates": [[103.2026177, 13.1085111], [103.2017039, 13.108486], [103.2010198, 13.1084911]]}}, {"type": "Feature", "properties": {"highway": "residential"}, "geometry": {"type": "LineString", "coordinates": [[103.2063696, 13.108988], [103.2063817, 13.1089981], [103.2068109, 13.1092147], [103.2072218, 13.109422], [103.2072356, 13.1094231]]}}, {"type": "Feature", "properties": {"highway": "residential"}, "geometry": {"type": "LineString", "coordinates": [[103.2033891, 13.1108756], [103.204822, 13.1106116], [103.2060526, 13.1103836], [103.2074014, 13.1101234], [103.2087087, 13.1098923], [103.2089182, 13.109866], [103.2091582, 13.1098265], [103.2095585, 13.1097284]]}}, {"type": "Feature", "properties": {"highway": "residential"}, "geometry": {"type": "LineString", "coordinates": [[103.1944406, 13.1125496], [103.1963854, 13.1121781], [103.1975828, 13.1119759], [103.1983784, 13.1118252], [103.1986462, 13.1117746], [103.1992337, 13.1116637], [103.2002757, 13.1114657], [103.2011385, 13.1112814], [103.2033891, 13.1108756]]}}, {"type": "Feature", "properties": {"highway": "residential"}, "geometry": {"type": "LineString", "coordinates": [[103.1960874, 13.1107104], [103.1962277, 13.1113808], [103.1962725, 13.1116074], [103.1963854, 13.1121781], [103.1965538, 13.1130076], [103.196615, 13.113309], [103.1967689, 13.1140278], [103.1968428, 13.1144019], [103.1970005, 13.1152072], [103.1970408, 13.1153758], [103.1971852, 13.1160648], [103.1972525, 13.1164487], [103.1972836, 13.1166017], [103.1974469, 13.1174045]]}}, {"type": "Feature", "properties": {"highway": "residential"}, "geometry": {"type": "LineString", "coordinates": [[103.1943769, 13.1265692], [103.1944292, 13.1268282], [103.19445, 13.1270006], [103.1944473, 13.1270424], [103.1944218, 13.1270679], [103.1941838, 13.1271528], [103.1941067, 13.1272154], [103.1938411, 13.1275759], [103.19364, 13.1277398], [103.1932242, 13.1279919], [103.1928639, 13.1281549], [103.1924732, 13.1282786], [103.1921366, 13.1284327], [103.1919884, 13.1284444], [103.1917752, 13.1284889], [103.1916734, 13.1285506]]}}, {"type": "Feature", "properties": {"highway": "track"}, "geometry": {"type": "LineString", "coordinates": [[103.1880861, 13.1355739], [103.1900385, 13.1354937], [103.1928406, 13.1354259], [103.1961921, 13.135255], [103.196289, 13.1352434]]}}, {"type": "Feature", "properties": {"highway": "residential"}, "geometry": {"type": "LineString", "coordinates": [[103.1981327, 13.149277], [103.1980871, 13.1487388], [103.1982453, 13.1486444], [103.1981861, 13.1468524], [103.1980838, 13.1444941], [103.1979106, 13.1411419], [103.1978977, 13.1409673], [103.1979008, 13.1408577], [103.197901, 13.1404852], [103.1978658, 13.1400341], [103.197847, 13.1399139], [103.1978247, 13.1398334], [103.1978114, 13.1395284], [103.1977885, 13.1390922], [103.1977689, 13.1387178], [103.1977627, 13.1386013], [103.1977444, 13.1382515], [103.1977207, 13.1378006], [103.1976965, 13.1373394], [103.1976713, 13.1368592], [103.1976798, 13.1361961], [103.1976485, 13.1351692], [103.1976244, 13.1346925], [103.1976089, 13.1344893], [103.1975681, 13.1333382], [103.1975164, 13.1325561], [103.1974886, 13.1321361], [103.1974849, 13.1320805], [103.1974201, 13.1316317]]}}, {"type": "Feature", "properties": {"highway": "residential"}, "geometry": {"type": "LineString", "coordinates": [[103.2023013, 13.1418589], [103.2020456, 13.1417437], [103.2016982, 13.14159], [103.2014877, 13.141493], [103.2012195, 13.1412771], [103.2011138, 13.1412157], [103.2010283, 13.1412126], [103.2009371, 13.1412092], [103.2008295, 13.1411896], [103.2007547, 13.1411517], [103.200626, 13.1410402], [103.2005255, 13.140991], [103.2004418, 13.1409793], [103.2003736, 13.1409857], [103.199798, 13.1411708], [103.1991831, 13.1413763], [103.1989685, 13.1414059], [103.1988541, 13.1414111], [103.1987579, 13.1414109], [103.1986777, 13.1413711], [103.1984055, 13.1411302], [103.1983311, 13.141058], [103.1982768, 13.141007], [103.198189, 13.1409822], [103.198077, 13.1409738], [103.1978977, 13.1409673]]}}, {"type": "Feature", "properties": {"highway": "residential"}, "geometry": {"type": "LineString", "coordinates": [[103.197901, 13.1404852], [103.1979677, 13.1404847], [103.1985524, 13.1402156], [103.1986597, 13.1401954], [103.1987301, 13.1402254], [103.1988519, 13.1404076], [103.1989253, 13.1404981], [103.1989721, 13.1405301], [103.1990895, 13.140518], [103.1996387, 13.1403795], [103.199991, 13.1402691], [103.2002415, 13.140117], [103.2007103, 13.1398944], [103.2011121, 13.1397493], [103.2013721, 13.1396513], [103.2015806, 13.1396474], [103.2019427, 13.1395495], [103.2020473, 13.1395423], [103.2021634, 13.1395763], [103.2023601, 13.1397077], [103.2024557, 13.1397716], [103.202571, 13.1398421], [103.2030887, 13.1400347]]}}, {"type": "Feature", "properties": {"highway": "track"}, "geometry": {"type": "LineString", "coordinates": [[103.1999589, 13.1448967], [103.1999677, 13.1454335], [103.1999892, 13.145451], [103.2000501, 13.1454348], [103.2003272, 13.1453256], [103.2011532, 13.1453484]]}}, {"type": "Feature", "properties": {"highway": "track"}, "geometry": {"type": "LineString", "coordinates": [[103.1926514, 13.149553], [103.1927084, 13.1495733], [103.1981327, 13.149277], [103.2018863, 13.1490864], [103.2022618, 13.1490759], [103.2023619, 13.1488458], [103.2025515, 13.1485428], [103.2025872, 13.1484697], [103.2028626, 13.148407], [103.203045, 13.1484175], [103.2032309, 13.148435], [103.2034745, 13.1484632], [103.2037604, 13.1484666], [103.2044494, 13.1484796]]}}, {"type": "Feature", "properties": {"highway": "service"}, "geometry": {"type": "LineString", "coordinates": [[103.1579474, 13.1061971], [103.1578633, 13.1061909], [103.1577493, 13.1061922], [103.1575777, 13.1061935], [103.1575093, 13.1061896], [103.1573926, 13.106187], [103.1573376, 13.1061439], [103.1573108, 13.1060721], [103.1573041, 13.1060276], [103.1573215, 13.1059636], [103.1573685, 13.1059166], [103.1574516, 13.1058892], [103.1575468, 13.105867], [103.1576715, 13.1058657], [103.1577426, 13.10588], [103.1578137, 13.1059506], [103.1578848, 13.1060485], [103.157917, 13.1061112], [103.1579474, 13.1061971]]}}, {"type": "Feature", "properties": {"highway": "service"}, "geometry": {"type": "LineString", "coordinates": [[103.1579474, 13.1061971], [103.1579974, 13.1065018], [103.1580285, 13.1068218], [103.1580698, 13.107235]]}}, {"type": "Feature", "properties": {"highway": "residential"}, "geometry": {"type": "LineString", "coordinates": [[103.1693698, 13.1047463], [103.1703046, 13.1047589], [103.1703507, 13.1047698], [103.1703501, 13.1048482], [103.1703705, 13.1051564], [103.1703978, 13.1055128], [103.1704106, 13.1058837]]}}, {"type": "Feature", "properties": {"highway": "residential"}, "geometry": {"type": "LineString", "coordinates": [[103.2164045, 13.107713], [103.2161417, 13.1068513]]}}, {"type": "Feature", "properties": {"highway": "residential"}, "geometry": {"type": "LineString", "coordinates": [[103.2141997, 13.1071515], [103.2161417, 13.1068513], [103.2164739, 13.1067999], [103.2181437, 13.1065029], [103.2183261, 13.1064711], [103.2186232, 13.1064196], [103.2195005, 13.1062674], [103.2206941, 13.1060711]]}}, {"type": "Feature", "properties": {"highway": "service"}, "geometry": {"type": "LineString", "coordinates": [[103.1975062, 13.0942356], [103.1975237, 13.0943371], [103.197531, 13.0945566], [103.1975393, 13.0948207], [103.1975272, 13.0950397], [103.1975179, 13.0952539], [103.1975278, 13.0954617], [103.1975303, 13.0955178]]}}, {"type": "Feature", "properties": {"highway": "footway"}, "geometry": {"type": "LineString", "coordinates": [[103.1975179, 13.0952539], [103.1971588, 13.0952197], [103.1969724, 13.095206], [103.1968522, 13.0951972], [103.1968729, 13.094976]]}}, {"type": "Feature", "properties": {"highway": "footway"}, "geometry": {"type": "LineString", "coordinates": [[103.1968729, 13.094976], [103.1968953, 13.0947534], [103.1972014, 13.0947813], [103.1975393, 13.0948207]]}}, {"type": "Feature", "properties": {"highway": "residential"}, "geometry": {"type": "LineString", "coordinates": [[103.2090602, 13.1102576], [103.2097249, 13.1100486]]}}, {"type": "Feature", "properties": {"highway": "residential"}, "geometry": {"type": "LineString", "coordinates": [[103.1963958, 13.1024601], [103.1965525, 13.1033042]]}}, {"type": "Feature", "properties": {"highway": "residential"}, "geometry": {"type": "LineString", "coordinates": [[103.1984348, 13.0866244], [103.1973821, 13.0863013], [103.1973625, 13.0862802], [103.1973545, 13.0862474], [103.1973651, 13.0861479], [103.1973758, 13.0860338]]}}, {"type": "Feature", "properties": {"highway": "residential"}, "geometry": {"type": "LineString", "coordinates": [[103.206208, 13.0940969], [103.2064851, 13.0940475], [103.2066372, 13.0940047], [103.207062, 13.0938379]]}}, {"type": "Feature", "properties": {"highway": "residential"}, "geometry": {"type": "LineString", "coordinates": [[103.1885851, 13.0839738], [103.1885766, 13.0849366], [103.1891438, 13.0849164]]}}, {"type": "Feature", "properties": {"highway": "residential"}, "geometry": {"type": "LineString", "coordinates": [[103.1891563, 13.0839215], [103.1891633, 13.0838437], [103.1891285, 13.083499], [103.1891379, 13.0833515], [103.1892639, 13.0833273], [103.1892981, 13.0833097], [103.1893249, 13.0832946], [103.1893437, 13.0832685], [103.1893489, 13.0832313], [103.1893469, 13.0827407], [103.1893158, 13.0820042], [103.1893109, 13.0817559], [103.1893213, 13.0816074]]}}, {"type": "Feature", "properties": {"highway": "residential"}, "geometry": {"type": "LineString", "coordinates": [[103.1876091, 13.084555], [103.1875004, 13.0861542]]}}, {"type": "Feature", "properties": {"highway": "residential"}, "geometry": {"type": "LineString", "coordinates": [[103.1877739, 13.0836783], [103.1876591, 13.084342], [103.187644, 13.0844707], [103.1876091, 13.084555], [103.1875313, 13.0846079], [103.1874521, 13.0846421], [103.1873646, 13.0846674], [103.1872249, 13.0846855], [103.1868306, 13.0846998]]}}, {"type": "Feature", "properties": {"highway": "residential"}, "geometry": {"type": "LineString", "coordinates": [[103.2058657, 13.0869554], [103.2054377, 13.0859288], [103.2054102, 13.0858245], [103.2054296, 13.0857786], [103.205498, 13.085742], [103.2060793, 13.0855621]]}}, {"type": "Feature", "properties": {"highway": "residential"}, "geometry": {"type": "LineString", "coordinates": [[103.2075745, 13.0980534], [103.208516, 13.0978732]]}}, {"type": "Feature", "properties": {"highway": "residential"}, "geometry": {"type": "LineString", "coordinates": [[103.2141595, 13.1069963], [103.2138652, 13.1070948], [103.2137337, 13.1071052], [103.2135779, 13.1071176], [103.2132778, 13.107087], [103.2128755, 13.1070217]]}}, {"type": "Feature", "properties": {"highway": "residential"}, "geometry": {"type": "LineString", "coordinates": [[103.213525, 13.1047376], [103.2145277, 13.1046731]]}}, {"type": "Feature", "properties": {"highway": "secondary"}, "geometry": {"type": "LineString", "coordinates": [[103.200021, 13.0919156], [103.199772, 13.0918492], [103.1994168, 13.0917565], [103.1993853, 13.0917483], [103.1990855, 13.0916701], [103.1990373, 13.0916551], [103.197517, 13.0911847], [103.1974073, 13.0911507], [103.1970481, 13.0910395], [103.1963712, 13.090822], [103.1961838, 13.0907634], [103.1958027, 13.0906443], [103.1952023, 13.0904564], [103.19405, 13.090099], [103.1937446, 13.0900213], [103.193576, 13.0900224], [103.1931759, 13.090045], [103.193129, 13.0900544], [103.192864, 13.0900963], [103.1923243, 13.0901971], [103.1914291, 13.0903231]]}}, {"type": "Feature", "properties": {"highway": "primary"}, "geometry": {"type": "LineString", "coordinates": [[103.1935181, 13.1075288], [103.1935313, 13.1075716], [103.1935292, 13.1076163], [103.1935123, 13.1076578], [103.1934921, 13.1076828], [103.1934665, 13.1077025], [103.1934368, 13.1077157], [103.1934011, 13.107722], [103.193365, 13.107719], [103.1933309, 13.107707], [103.1933014, 13.1076867], [103.1932783, 13.1076598], [103.1932631, 13.1076279], [103.193257, 13.1075932], [103.1932604, 13.1075582], [103.193273, 13.1075253], [103.1932903, 13.1075005], [103.193313, 13.1074801], [103.1933397, 13.1074651], [103.1933691, 13.1074563], [103.1934132, 13.1074552], [103.1934553, 13.1074677], [103.1934913, 13.1074925], [103.1935181, 13.1075288]]}}, {"type": "Feature", "properties": {"highway": "secondary"}, "geometry": {"type": "LineString", "coordinates": [[103.2046488, 13.0919743], [103.2045382, 13.0920142], [103.2043046, 13.0920983], [103.2040478, 13.0921908], [103.2036767, 13.0923245], [103.2033486, 13.0924427], [103.2032581, 13.092474], [103.2030879, 13.0925085], [103.202936, 13.0925022], [103.2022656, 13.0923533], [103.2017308, 13.0922405], [103.2010168, 13.0920928], [103.2009498, 13.0920763]]}}, {"type": "Feature", "properties": {"highway": "tertiary"}, "geometry": {"type": "LineString", "coordinates": [[103.198511, 13.1074594], [103.1985202, 13.1074582], [103.1985637, 13.1074613], [103.1986038, 13.1074778], [103.1986363, 13.1075061], [103.1986577, 13.1075431], [103.1986656, 13.1075849], [103.1986593, 13.1076269], [103.1986394, 13.1076646], [103.198608, 13.1076941], [103.1985685, 13.1077121], [103.1985596, 13.1077142], [103.1985478, 13.1077161], [103.1985032, 13.1077138], [103.1984619, 13.1076972], [103.1984286, 13.1076683], [103.1984069, 13.1076302], [103.1984008, 13.1075954], [103.1983994, 13.1075874], [103.1984069, 13.1075445], [103.1984285, 13.1075065], [103.1984618, 13.1074775], [103.1985031, 13.1074609], [103.198511, 13.1074594]]}}, {"type": "Feature", "properties": {"highway": "residential"}, "geometry": {"type": "LineString", "coordinates": [[103.1996137, 13.1072712], [103.1996321, 13.1072699], [103.1996745, 13.1072764], [103.1997128, 13.1072953], [103.1997432, 13.1073249], [103.1997627, 13.1073622], [103.1997649, 13.1073758], [103.1997693, 13.1074035], [103.1997625, 13.1074448], [103.1997428, 13.107482], [103.1997122, 13.1075114], [103.1996738, 13.1075302], [103.1996476, 13.1075356], [103.1996196, 13.1075358], [103.1995788, 13.1075256], [103.199543, 13.1075039], [103.1995158, 13.1074725], [103.1994997, 13.1074346], [103.1994961, 13.1073937], [103.1995056, 13.1073537], [103.1995271, 13.1073184], [103.1995586, 13.1072911], [103.1995972, 13.1072745], [103.1996137, 13.1072712]]}}, {"type": "Feature", "properties": {"highway": "residential"}, "geometry": {"type": "LineString", "coordinates": [[103.1963538, 13.1024674], [103.1962025, 13.1016159], [103.1960353, 13.1007754]]}}, {"type": "Feature", "properties": {"highway": "tertiary"}, "geometry": {"type": "LineString", "coordinates": [[103.1967367, 13.097559], [103.197315, 13.0974611], [103.19786, 13.0973693], [103.1983098, 13.0972935], [103.198744, 13.0972204], [103.198855, 13.0972017], [103.1989719, 13.097182]]}}, {"type": "Feature", "properties": {"highway": "residential"}, "geometry": {"type": "LineString", "coordinates": [[103.1945179, 13.1028106], [103.1946692, 13.1036321], [103.1947422, 13.1040285], [103.1948037, 13.1043622]]}}, {"type": "Feature", "properties": {"highway": "service"}, "geometry": {"type": "LineString", "coordinates": [[103.1959875, 13.1038069], [103.1947422, 13.1040285], [103.1937172, 13.1042108]]}}, {"type": "Feature", "properties": {"highway": "residential"}, "geometry": {"type": "LineString", "coordinates": [[103.1933472, 13.0923347], [103.1932096, 13.0923603], [103.1929903, 13.0923997], [103.1928242, 13.0924183], [103.1926773, 13.0924557], [103.1926149, 13.0924942], [103.1925818, 13.0925437], [103.1925604, 13.0926207], [103.1925358, 13.0927696], [103.1925899, 13.0930649]]}}, {"type": "Feature", "properties": {"highway": "service"}, "geometry": {"type": "LineString", "coordinates": [[103.1911093, 13.0923935], [103.1913504, 13.0924173], [103.1915426, 13.0924347], [103.1917761, 13.0924547], [103.1918831, 13.0924989], [103.1919381, 13.0925646], [103.1920561, 13.092656], [103.1921795, 13.0927081], [103.1923332, 13.0927316], [103.1925358, 13.0927696]]}}, {"type": "Feature", "properties": {"highway": "residential"}, "geometry": {"type": "LineString", "coordinates": [[103.1955592, 13.0958714], [103.1953024, 13.0946094]]}}, {"type": "Feature", "properties": {"highway": "residential"}, "geometry": {"type": "LineString", "coordinates": [[103.1860728, 13.0945313], [103.1860144, 13.0954135], [103.1860171, 13.095467], [103.1860413, 13.0954892], [103.1860708, 13.0954892], [103.1863832, 13.0954722]]}}, {"type": "Feature", "properties": {"highway": "residential"}, "geometry": {"type": "LineString", "coordinates": [[103.1905889, 13.1032481], [103.1905754, 13.1034876], [103.1905446, 13.1040358]]}}, {"type": "Feature", "properties": {"highway": "residential"}, "geometry": {"type": "LineString", "coordinates": [[103.192531, 13.0998408], [103.192323, 13.098777]]}}, {"type": "Feature", "properties": {"highway": "residential"}, "geometry": {"type": "LineString", "coordinates": [[103.1933292, 13.0997725], [103.1933744, 13.1003862], [103.1933972, 13.1005835], [103.1934906, 13.1010261], [103.1935294, 13.1012166], [103.1935639, 13.1013083], [103.1936071, 13.1013993], [103.1936865, 13.1015058], [103.193708, 13.1015559], [103.1937013, 13.1015859], [103.1936732, 13.1016251], [103.1936426, 13.1016774], [103.1936276, 13.101716], [103.1936245, 13.101761], [103.1936363, 13.1018135], [103.1936624, 13.101859], [103.1936997, 13.1018873], [103.1937177, 13.1019145], [103.1937298, 13.1019693], [103.1937218, 13.1020085], [103.1936762, 13.1020947], [103.1935863, 13.1021646], [103.1933449, 13.102258], [103.1932966, 13.1022867], [103.1932792, 13.1023233], [103.1933007, 13.1024317], [103.1932966, 13.1024879], [103.1932645, 13.1025127], [103.1930941, 13.1025467]]}}, {"type": "Feature", "properties": {"highway": "residential"}, "geometry": {"type": "LineString", "coordinates": [[103.1903814, 13.1020457], [103.1916469, 13.1020819]]}}, {"type": "Feature", "properties": {"highway": "service"}, "geometry": {"type": "LineString", "coordinates": [[103.2017172, 13.0897561], [103.2020286, 13.0897744], [103.2023739, 13.0897902]]}}, {"type": "Feature", "properties": {"highway": "residential"}, "geometry": {"type": "LineString", "coordinates": [[103.201716, 13.090176], [103.2019182, 13.0901923], [103.2020274, 13.0902156], [103.2021259, 13.090251], [103.2022211, 13.0903069], [103.2023264, 13.0903629], [103.2024252, 13.0904081], [103.2025464, 13.0904466]]}}, {"type": "Feature", "properties": {"highway": "residential"}, "geometry": {"type": "LineString", "coordinates": [[103.1783983, 13.0817121], [103.1795211, 13.0818258], [103.1796326, 13.0818225], [103.1797036, 13.0818094], [103.1797543, 13.0817633], [103.1798658, 13.0816942], [103.1799503, 13.0816744], [103.1803626, 13.0817106], [103.1804572, 13.081704], [103.1806198, 13.0815652]]}}, {"type": "Feature", "properties": {"highway": "residential"}, "geometry": {"type": "LineString", "coordinates": [[103.1825237, 13.0794593], [103.1824135, 13.0795408], [103.1821638, 13.0796336], [103.182099, 13.0796658], [103.1820585, 13.079737], [103.1819353, 13.0804213], [103.1818755, 13.0807532], [103.18187, 13.0808093], [103.1818123, 13.0811379], [103.1817447, 13.0814736], [103.1817211, 13.0817403]]}}, {"type": "Feature", "properties": {"highway": "residential"}, "geometry": {"type": "LineString", "coordinates": [[103.1931072, 13.0794833], [103.1923377, 13.0793489], [103.1920508, 13.0792849], [103.1919032, 13.0792562], [103.1917879, 13.0792745], [103.1916853, 13.0793446], [103.1916377, 13.0794691], [103.1915237, 13.0798532], [103.191487, 13.0799993], [103.1914446, 13.0801341], [103.1913709, 13.080441], [103.1912943, 13.0813908], [103.1913118, 13.0817408], [103.1913694, 13.0819341], [103.1914043, 13.0821719], [103.1913051, 13.0827101], [103.1911924, 13.0835853]]}}, {"type": "Feature", "properties": {"highway": "residential"}, "geometry": {"type": "LineString", "coordinates": [[103.1845443, 13.0406396], [103.184621, 13.0406987], [103.1848329, 13.0407927], [103.1851226, 13.0408986], [103.185301, 13.0410018], [103.18536, 13.041054], [103.1853519, 13.0411429], [103.1852768, 13.0413193]]}}, {"type": "Feature", "properties": {"highway": "residential"}, "geometry": {"type": "LineString", "coordinates": [[103.1816331, 13.0408228], [103.1821547, 13.0407169], [103.1826496, 13.0406216], [103.1832129, 13.0405654], [103.1835642, 13.0405602], [103.1839853, 13.0405863], [103.1843448, 13.0406203], [103.1844896, 13.0406359], [103.1845443, 13.0406396]]}}, {"type": "Feature", "properties": {"highway": "residential"}, "geometry": {"type": "LineString", "coordinates": [[103.2110891, 13.1003261], [103.2112125, 13.1002634], [103.2113305, 13.1002321], [103.2113788, 13.1002295], [103.2114163, 13.1002634], [103.211474, 13.1008499], [103.2114793, 13.1009871], [103.2114814, 13.1011072], [103.2114981, 13.1011471], [103.2115337, 13.1011739], [103.2115913, 13.101181], [103.211628, 13.1011786], [103.2123497, 13.1011464], [103.2124436, 13.1011438], [103.212552, 13.1011748]]}}, {"type": "Feature", "properties": {"highway": "residential"}, "geometry": {"type": "LineString", "coordinates": [[103.2086771, 13.1028419], [103.2088155, 13.1028029], [103.2090023, 13.1027792], [103.2092477, 13.1027557], [103.2092625, 13.1027322], [103.2092638, 13.1026982], [103.2092665, 13.102642], [103.209288, 13.1026107], [103.2093389, 13.1025885], [103.2100126, 13.1024407]]}}, {"type": "Feature", "properties": {"highway": "residential"}, "geometry": {"type": "LineString", "coordinates": [[103.2092552, 13.1044972], [103.2093288, 13.1041045], [103.2093305, 13.1039745], [103.2092832, 13.1037967], [103.2091615, 13.1034409]]}}, {"type": "Feature", "properties": {"highway": "residential"}, "geometry": {"type": "LineString", "coordinates": [[103.1929386, 13.1140592], [103.1928205, 13.1140957], [103.1927213, 13.1141637], [103.1927327, 13.1142587], [103.1930288, 13.1149382], [103.1930726, 13.1150257], [103.1932121, 13.1153314]]}}, {"type": "Feature", "properties": {"highway": "residential"}, "geometry": {"type": "LineString", "coordinates": [[103.2153196, 13.0868577], [103.2158718, 13.086688]]}}, {"type": "Feature", "properties": {"highway": "residential"}, "geometry": {"type": "LineString", "coordinates": [[103.2092429, 13.0916118], [103.2095231, 13.0916014]]}}, {"type": "Feature", "properties": {"highway": "residential"}, "geometry": {"type": "LineString", "coordinates": [[103.2127133, 13.0955247], [103.2135487, 13.0955872]]}}, {"type": "Feature", "properties": {"highway": "service"}, "geometry": {"type": "LineString", "coordinates": [[103.2130208, 13.0944639], [103.2127386, 13.0944178]]}}, {"type": "Feature", "properties": {"highway": "residential"}, "geometry": {"type": "LineString", "coordinates": [[103.1310243375356, 13.044643458951379], [103.1309459, 13.0450477]]}}, {"type": "Feature", "properties": {"highway": "residential"}, "geometry": {"type": "LineString", "coordinates": [[103.171307, 13.0742572], [103.1715412, 13.0742922], [103.1721917, 13.074283]]}}, {"type": "Feature", "properties": {"highway": "residential"}, "geometry": {"type": "LineString", "coordinates": [[103.1717168, 13.07323], [103.171307, 13.0742572], [103.1711858, 13.0746292]]}}, {"type": "Feature", "properties": {"highway": "residential"}, "geometry": {"type": "LineString", "coordinates": [[103.1565727, 13.0833812], [103.1572233, 13.0811885]]}}, {"type": "Feature", "properties": {"highway": "residential"}, "geometry": {"type": "LineString", "coordinates": [[103.1583276, 13.0796242], [103.1563268, 13.0794272], [103.1550022, 13.0792968]]}}, {"type": "Feature", "properties": {"highway": "service"}, "geometry": {"type": "LineString", "coordinates": [[103.1797743, 13.0841044], [103.180297, 13.0841418], [103.1807651, 13.0841824]]}}, {"type": "Feature", "properties": {"highway": "service"}, "geometry": {"type": "LineString", "coordinates": [[103.1803161, 13.0836083], [103.180297, 13.0841418], [103.180283, 13.084603]]}}, {"type": "Feature", "properties": {"highway": "residential"}, "geometry": {"type": "LineString", "coordinates": [[103.1753464, 13.0762717], [103.1758646, 13.0763658], [103.1763684, 13.0764573]]}}, {"type": "Feature", "properties": {"highway": "residential"}, "geometry": {"type": "LineString", "coordinates": [[103.1754871, 13.07558], [103.1759793, 13.0756728], [103.1764859, 13.0757683], [103.1763684, 13.0764573], [103.1761962, 13.0774666]]}}, {"type": "Feature", "properties": {"highway": "residential"}, "geometry": {"type": "LineString", "coordinates": [[103.1761285, 13.0748045], [103.1759793, 13.0756728], [103.1758646, 13.0763658], [103.175692, 13.0774091]]}}, {"type": "Feature", "properties": {"highway": "residential"}, "geometry": {"type": "LineString", "coordinates": [[103.1877865, 13.0805016], [103.1876584, 13.0809525], [103.1876949, 13.0817775]]}}, {"type": "Feature", "properties": {"highway": "residential"}, "geometry": {"type": "LineString", "coordinates": [[103.1870497, 13.0807818], [103.1873473, 13.0808652], [103.1876584, 13.0809525], [103.1879721, 13.0810363], [103.1884103, 13.0811535]]}}, {"type": "Feature", "properties": {"highway": "residential"}, "geometry": {"type": "LineString", "coordinates": [[103.1871958, 13.0803272], [103.1877865, 13.0805016], [103.1879814, 13.0805421], [103.1887486, 13.0806387], [103.1889112, 13.0806422], [103.1891802, 13.0806293], [103.1892814, 13.0806135], [103.1893089, 13.0805926], [103.1893243, 13.0805677], [103.1893229, 13.0804894]]}}, {"type": "Feature", "properties": {"highway": "service"}, "geometry": {"type": "LineString", "coordinates": [[103.2199475, 13.1071391], [103.2200932, 13.1074736], [103.2199913, 13.1077453], [103.2200503, 13.1080849]]}}, {"type": "Feature", "properties": {"highway": "residential"}, "geometry": {"type": "LineString", "coordinates": [[103.22053153484889, 13.109995634518272], [103.220511, 13.1098921], [103.2203507, 13.1092447], [103.2201653, 13.1085287], [103.2200503, 13.1080849]]}}, {"type": "Feature", "properties": {"highway": "residential"}, "geometry": {"type": "LineString", "coordinates": [[103.2101155, 13.1006796], [103.210735, 13.1006004], [103.2108638, 13.1005691], [103.2109389, 13.1005325], [103.2109952, 13.1004594], [103.2110247, 13.1003915], [103.2110891, 13.1003261]]}}, {"type": "Feature", "properties": {"highway": "residential"}, "geometry": {"type": "LineString", "coordinates": [[103.2094929, 13.1008546], [103.2099518, 13.1007285], [103.2101155, 13.1006796]]}}, {"type": "Feature", "properties": {"highway": "residential"}, "geometry": {"type": "LineString", "coordinates": [[103.2132982, 13.0971701], [103.213385, 13.0978312], [103.2135111, 13.0984557], [103.2135794, 13.0987136]]}}, {"type": "Feature", "properties": {"highway": "residential"}, "geometry": {"type": "LineString", "coordinates": [[103.2154473, 13.0992135], [103.2169813, 13.0987944], [103.2177088, 13.0985967], [103.2186516, 13.0983351], [103.2187446, 13.0983102], [103.2204158, 13.0978698], [103.2229009, 13.0972372], [103.2229748, 13.0972197]]}}, {"type": "Feature", "properties": {"highway": "residential"}, "geometry": {"type": "LineString", "coordinates": [[103.2153289, 13.0987779], [103.2168619, 13.0983358], [103.2176846, 13.0981108], [103.2185295, 13.0978912], [103.2186209, 13.0978669], [103.2203017, 13.0974357], [103.2222085, 13.0969071], [103.2223259, 13.0968745]]}}, {"type": "Feature", "properties": {"highway": "residential"}, "geometry": {"type": "LineString", "coordinates": [[103.2176042, 13.0976288], [103.2174861, 13.0977072], [103.2167383, 13.0978902], [103.2152021, 13.0983113]]}}, {"type": "Feature", "properties": {"highway": "residential"}, "geometry": {"type": "LineString", "coordinates": [[103.2140971, 13.0980491], [103.2150594, 13.0977969], [103.216611, 13.0973957], [103.2173648, 13.0971869], [103.2182651, 13.096952], [103.2183711, 13.0969198], [103.2200408, 13.0964883]]}}, {"type": "Feature", "properties": {"highway": "residential"}, "geometry": {"type": "LineString", "coordinates": [[103.2140701, 13.0976134], [103.214939, 13.0973755], [103.2164673, 13.0969588], [103.2172379, 13.0967487], [103.2181483, 13.0965239], [103.2182512, 13.0964945], [103.2199157, 13.0960425], [103.2200246, 13.0960129]]}}, {"type": "Feature", "properties": {"highway": "residential"}, "geometry": {"type": "LineString", "coordinates": [[103.2139194, 13.096537], [103.2146711, 13.0963394], [103.2161931, 13.0959392], [103.2169798, 13.0957324], [103.217874, 13.095519], [103.2179697, 13.0955021], [103.2184115, 13.095403]]}}, {"type": "Feature", "properties": {"highway": "residential"}, "geometry": {"type": "LineString", "coordinates": [[103.2139798, 13.0960467], [103.2145531, 13.0958972], [103.2160715, 13.0955014], [103.2168658, 13.0952943], [103.2176082, 13.0950765]]}}, {"type": "Feature", "properties": {"highway": "residential"}, "geometry": {"type": "LineString", "coordinates": [[103.2139456, 13.0955349], [103.2144204, 13.0954252], [103.2159412, 13.095036], [103.2167619, 13.0948087], [103.2168491, 13.0947982], [103.216943, 13.0948087], [103.2170355, 13.094844], [103.2176082, 13.0950765], [103.2177748, 13.0951453], [103.2178888, 13.0951867], [103.2184115, 13.095403], [103.2191877, 13.0957089]]}}, {"type": "Feature", "properties": {"highway": "residential"}, "geometry": {"type": "LineString", "coordinates": [[103.2149436, 13.0943614], [103.2152875, 13.0942598]]}}, {"type": "Feature", "properties": {"highway": "residential"}, "geometry": {"type": "LineString", "coordinates": [[103.2150677, 13.094772], [103.2149436, 13.0943614], [103.2148867, 13.0941268]]}}, {"type": "Feature", "properties": {"highway": "residential"}, "geometry": {"type": "LineString", "coordinates": [[103.2139617, 13.0950908], [103.2142916, 13.0949942], [103.2150677, 13.094772], [103.2158172, 13.0945809], [103.2159412, 13.095036], [103.2160715, 13.0955014], [103.2161931, 13.0959392], [103.2163161, 13.0963985], [103.2163464, 13.0965002], [103.2164673, 13.0969588], [103.216611, 13.0973957], [103.2167207, 13.0978218], [103.2167383, 13.0978902], [103.2168619, 13.0983358], [103.2169813, 13.0987944], [103.2170787, 13.0990771]]}}, {"type": "Feature", "properties": {"highway": "residential"}, "geometry": {"type": "LineString", "coordinates": [[103.2110442, 13.0905097], [103.2114817, 13.0903676], [103.2115307, 13.0903584], [103.2115549, 13.0904039], [103.211822, 13.091119]]}}, {"type": "Feature", "properties": {"highway": "residential"}, "geometry": {"type": "LineString", "coordinates": [[103.2114468, 13.0918601], [103.211512, 13.0918374], [103.2124303, 13.0915402]]}}, {"type": "Feature", "properties": {"highway": "residential"}, "geometry": {"type": "LineString", "coordinates": [[103.2115596, 13.0921602], [103.2116247, 13.0921377], [103.2125376, 13.0918373]]}}, {"type": "Feature", "properties": {"highway": "residential"}, "geometry": {"type": "LineString", "coordinates": [[103.2127186, 13.0923535], [103.2125376, 13.0918373], [103.212485, 13.0916865], [103.2124303, 13.0915402], [103.2122456, 13.0909871]]}}, {"type": "Feature", "properties": {"highway": "residential"}, "geometry": {"type": "LineString", "coordinates": [[103.2117453, 13.0926615], [103.2116989, 13.0925534], [103.2115596, 13.0921602], [103.2114468, 13.0918601], [103.2112563, 13.0913257], [103.2109787, 13.0905312], [103.2108366, 13.0900805]]}}, {"type": "Feature", "properties": {"highway": "residential"}, "geometry": {"type": "LineString", "coordinates": [[103.212696, 13.0908253], [103.2122456, 13.0909871], [103.211822, 13.091119], [103.2113217, 13.0913038]]}}, {"type": "Feature", "properties": {"highway": "residential"}, "geometry": {"type": "LineString", "coordinates": [[103.2130654, 13.0915075], [103.2129749, 13.0915354]]}}, {"type": "Feature", "properties": {"highway": "residential"}, "geometry": {"type": "LineString", "coordinates": [[103.1650904, 13.1062195], [103.165055, 13.1057939], [103.1650114, 13.1053315], [103.1649685, 13.1041298], [103.1650382, 13.1025571]]}}, {"type": "Feature", "properties": {"highway": "residential"}, "geometry": {"type": "LineString", "coordinates": [[103.1704611, 13.0983933], [103.1709392, 13.0983724]]}}, {"type": "Feature", "properties": {"highway": "residential"}, "geometry": {"type": "LineString", "coordinates": [[103.1683305, 13.0992168], [103.1699877, 13.0991882], [103.17067, 13.0991542]]}}, {"type": "Feature", "properties": {"highway": "residential"}, "geometry": {"type": "LineString", "coordinates": [[103.1706731, 13.0986682], [103.1706333, 13.0986385], [103.1704655, 13.0986433], [103.1699757, 13.0986585], [103.1695367, 13.0986722]]}}, {"type": "Feature", "properties": {"highway": "residential"}, "geometry": {"type": "LineString", "coordinates": [[103.1699951, 13.0995277], [103.1699877, 13.0991882], [103.1699757, 13.0986585], [103.1699574, 13.0977973]]}}, {"type": "Feature", "properties": {"highway": "residential"}, "geometry": {"type": "LineString", "coordinates": [[103.1704487, 13.0974684], [103.1709116, 13.0974587], [103.1719369, 13.0974368]]}}, {"type": "Feature", "properties": {"highway": "residential"}, "geometry": {"type": "LineString", "coordinates": [[103.1704272, 13.0967266], [103.1704487, 13.0974684], [103.1704611, 13.0983933], [103.1704655, 13.0986433]]}}, {"type": "Feature", "properties": {"highway": "residential"}, "geometry": {"type": "LineString", "coordinates": [[103.1729291, 13.0966544], [103.170889, 13.0967133], [103.1704272, 13.0967266], [103.1682669, 13.096789]]}}, {"type": "Feature", "properties": {"highway": "residential"}, "geometry": {"type": "LineString", "coordinates": [[103.1709733, 13.099497], [103.1709392, 13.0983724], [103.1709116, 13.0974587], [103.170889, 13.0967133]]}}, {"type": "Feature", "properties": {"highway": "residential"}, "geometry": {"type": "LineString", "coordinates": [[103.1753887, 13.1012256], [103.1756627, 13.1012149]]}}, {"type": "Feature", "properties": {"highway": "residential"}, "geometry": {"type": "LineString", "coordinates": [[103.1753862, 13.1011615], [103.174762, 13.1011951], [103.1742597, 13.1012117], [103.1742113, 13.1011957], [103.1741801, 13.101163], [103.1741092, 13.0993607]]}}, {"type": "Feature", "properties": {"highway": "residential"}, "geometry": {"type": "LineString", "coordinates": [[103.1747229, 13.0993374], [103.174762, 13.1011951], [103.174807, 13.1021831]]}}, {"type": "Feature", "properties": {"highway": "residential"}, "geometry": {"type": "LineString", "coordinates": [[103.1768784, 13.1002369], [103.1761586, 13.1002688], [103.1756415, 13.1002942], [103.1753949, 13.1003079], [103.1753805, 13.1003169], [103.1753714, 13.1003366], [103.1753862, 13.1011615], [103.1753887, 13.1012256], [103.1754047, 13.1021678]]}}, {"type": "Feature", "properties": {"highway": "residential"}, "geometry": {"type": "LineString", "coordinates": [[103.1768795, 13.0996456], [103.1768784, 13.1002369], [103.1768802, 13.1007363], [103.1768914, 13.1007587], [103.176915, 13.100765], [103.1780342, 13.1007098]]}}, {"type": "Feature", "properties": {"highway": "residential"}, "geometry": {"type": "LineString", "coordinates": [[103.1764482, 13.102141], [103.1764846, 13.1029279], [103.1765416, 13.1033688], [103.1765341, 13.1034721], [103.1765084, 13.1035748]]}}, {"type": "Feature", "properties": {"highway": "residential"}, "geometry": {"type": "LineString", "coordinates": [[103.175812, 13.1042842], [103.1757555, 13.1043763], [103.1757339, 13.1044223], [103.1757077, 13.1045669], [103.1756911, 13.105147], [103.1757001, 13.1052863], [103.1757041, 13.105349]]}}, {"type": "Feature", "properties": {"highway": "residential"}, "geometry": {"type": "LineString", "coordinates": [[103.1900793, 13.1140761], [103.1899546, 13.1140696], [103.1898111, 13.1140383], [103.1891271, 13.1139547], [103.1887352, 13.1138218]]}}, {"type": "Feature", "properties": {"highway": "residential"}, "geometry": {"type": "LineString", "coordinates": [[103.2015898, 13.1133503], [103.2007129, 13.1134488]]}}, {"type": "Feature", "properties": {"highway": "residential"}, "geometry": {"type": "LineString", "coordinates": [[103.2016773, 13.1144983], [103.2016933, 13.114067], [103.2017167, 13.1137137], [103.2017078, 13.1136684], [103.2015898, 13.1133503], [103.2015538, 13.1132546], [103.2014036, 13.1128523], [103.2012973, 13.112433]]}}, {"type": "Feature", "properties": {"highway": "residential"}, "geometry": {"type": "LineString", "coordinates": [[103.2114422, 13.1138882], [103.2111561, 13.1140827], [103.2110462, 13.1142055], [103.2105848, 13.1144797]]}}, {"type": "Feature", "properties": {"highway": "residential"}, "geometry": {"type": "LineString", "coordinates": [[103.2089471, 13.1132361], [103.2092544, 13.1142238], [103.2094918, 13.1147841]]}}, {"type": "Feature", "properties": {"highway": "residential"}, "geometry": {"type": "LineString", "coordinates": [[103.2085481, 13.1153877], [103.2083344, 13.1143961], [103.20838, 13.114323], [103.2085007, 13.1142812], [103.208302, 13.1133604]]}}, {"type": "Feature", "properties": {"highway": "residential"}, "geometry": {"type": "LineString", "coordinates": [[103.209988, 13.1177581], [103.2088615, 13.1176784], [103.208836, 13.1171677], [103.2088528, 13.1171396], [103.2088789, 13.1171214], [103.2089273, 13.1171018], [103.208948, 13.1170789], [103.2089654, 13.1170443], [103.2089568, 13.116947], [103.2089084, 13.1168621], [103.2088467, 13.1166792], [103.2088112, 13.1160321], [103.2088243, 13.1160099], [103.2088327, 13.1159857], [103.208832, 13.1159374], [103.2087708, 13.1153473]]}}, {"type": "Feature", "properties": {"highway": "residential"}, "geometry": {"type": "LineString", "coordinates": [[103.2064582, 13.1208914], [103.2062752, 13.12006], [103.2058685, 13.1186734], [103.2058331, 13.1185612], [103.2058884, 13.1185342], [103.2062805, 13.1183321], [103.2065622, 13.1182107], [103.2068222, 13.1181333]]}}, {"type": "Feature", "properties": {"highway": "residential"}, "geometry": {"type": "LineString", "coordinates": [[103.2045517, 13.1179436], [103.2049749, 13.1177135], [103.2054001, 13.1174995], [103.2057595, 13.1173663], [103.2064251, 13.1170265]]}}, {"type": "Feature", "properties": {"highway": "residential"}, "geometry": {"type": "LineString", "coordinates": [[103.2044055, 13.1212776], [103.2042078, 13.1204081], [103.2039355, 13.1194523], [103.2038887, 13.1192536], [103.203701, 13.1188017], [103.2036257, 13.118686], [103.2034958, 13.1183822], [103.2033201, 13.1176653]]}}, {"type": "Feature", "properties": {"highway": "residential"}, "geometry": {"type": "LineString", "coordinates": [[103.2032342, 13.1252842], [103.2031563, 13.1244818]]}}, {"type": "Feature", "properties": {"highway": "residential"}, "geometry": {"type": "LineString", "coordinates": [[103.2019819, 13.1253819], [103.2032342, 13.1252842], [103.2039088, 13.1252315], [103.2038283, 13.1244322], [103.2031563, 13.1244818], [103.201828, 13.1245797]]}}, {"type": "Feature", "properties": {"highway": "residential"}, "geometry": {"type": "LineString", "coordinates": [[103.198227, 13.1253603], [103.1982064, 13.1249649], [103.1981854, 13.1245608], [103.1981632, 13.1241678], [103.1981555, 13.1239862], [103.1981216, 13.1235488]]}}, {"type": "Feature", "properties": {"highway": "residential"}, "geometry": {"type": "LineString", "coordinates": [[103.1966639, 13.1254573], [103.197792, 13.1253873], [103.198227, 13.1253603], [103.1983975, 13.1253517]]}}, {"type": "Feature", "properties": {"highway": "residential"}, "geometry": {"type": "LineString", "coordinates": [[103.1950048, 13.1400181], [103.1949466, 13.1399828], [103.1947142, 13.1399924], [103.1942388, 13.1400122], [103.1937773, 13.1400314], [103.1933314, 13.1400499], [103.1907227, 13.1401584], [103.1882501, 13.1402613]]}}, {"type": "Feature", "properties": {"highway": "residential"}, "geometry": {"type": "LineString", "coordinates": [[103.1978247, 13.1398334], [103.196766, 13.1398844], [103.196087, 13.139915], [103.1952923, 13.1399422], [103.1952182, 13.1399712]]}}, {"type": "Feature", "properties": {"highway": "residential"}, "geometry": {"type": "LineString", "coordinates": [[103.1967517, 13.1393285], [103.1960698, 13.1393516], [103.1953835, 13.139375]]}}, {"type": "Feature", "properties": {"highway": "residential"}, "geometry": {"type": "LineString", "coordinates": [[103.1977689, 13.1387178], [103.1967368, 13.1387491], [103.1960521, 13.1387698], [103.1955259, 13.1387857]]}}, {"type": "Feature", "properties": {"highway": "residential"}, "geometry": {"type": "LineString", "coordinates": [[103.1968043, 13.1373475], [103.1976965, 13.1373394]]}}, {"type": "Feature", "properties": {"highway": "residential"}, "geometry": {"type": "LineString", "coordinates": [[103.196767, 13.1378299], [103.1977207, 13.1378006]]}}, {"type": "Feature", "properties": {"highway": "residential"}, "geometry": {"type": "LineString", "coordinates": [[103.1960375, 13.1382906], [103.1960521, 13.1387698], [103.1960698, 13.1393516], [103.196087, 13.139915], [103.1960899, 13.140011], [103.1961211, 13.1410086]]}}, {"type": "Feature", "properties": {"highway": "residential"}, "geometry": {"type": "LineString", "coordinates": [[103.1977444, 13.1382515], [103.1967246, 13.1382748], [103.1960375, 13.1382906], [103.1956544, 13.1382994]]}}, {"type": "Feature", "properties": {"highway": "residential"}, "geometry": {"type": "LineString", "coordinates": [[103.1976713, 13.1368592], [103.196868, 13.1368814], [103.1968439, 13.1369075], [103.1968358, 13.1369467], [103.1968043, 13.1373475], [103.196767, 13.1378299], [103.1967246, 13.1382748], [103.1967368, 13.1387491], [103.1967462, 13.1391149], [103.1967517, 13.1393285], [103.1967577, 13.1395638], [103.196766, 13.1398844]]}}, {"type": "Feature", "properties": {"highway": "residential"}, "geometry": {"type": "LineString", "coordinates": [[103.1976244, 13.1346925], [103.1969061, 13.1347016], [103.1966389, 13.1346411]]}}, {"type": "Feature", "properties": {"highway": "residential"}, "geometry": {"type": "LineString", "coordinates": [[103.1964912, 13.1352054], [103.196289, 13.1352434]]}}, {"type": "Feature", "properties": {"highway": "residential"}, "geometry": {"type": "LineString", "coordinates": [[103.1976485, 13.1351692], [103.1966839, 13.1351994], [103.1964912, 13.1352054]]}}, {"type": "Feature", "properties": {"highway": "residential"}, "geometry": {"type": "LineString", "coordinates": [[103.2061708, 13.1332904], [103.2060733, 13.1325219], [103.2059982, 13.1321432], [103.2058695, 13.1319525], [103.2058051, 13.1316913], [103.2057547, 13.1313345], [103.205722, 13.1311036], [103.2056778, 13.1309814], [103.2056066, 13.1307849], [103.2055369, 13.1305916], [103.2054312, 13.1301333]]}}, {"type": "Feature", "properties": {"highway": "residential"}, "geometry": {"type": "LineString", "coordinates": [[103.2049366, 13.1334781], [103.2054028, 13.1333839], [103.2057193, 13.1333238], [103.2061708, 13.1332904], [103.2064172, 13.1332619], [103.2068236, 13.1332212]]}}, {"type": "Feature", "properties": {"highway": "residential"}, "geometry": {"type": "LineString", "coordinates": [[103.2048794, 13.133333], [103.204586, 13.1334005]]}}, {"type": "Feature", "properties": {"highway": "residential"}, "geometry": {"type": "LineString", "coordinates": [[103.1991705, 13.1362564], [103.1993195, 13.1356224], [103.1992471, 13.1351235], [103.1990781, 13.1346194], [103.199024, 13.1344414], [103.1989092, 13.1337365], [103.1989467, 13.1333708], [103.1989065, 13.1330548], [103.1988053, 13.1327709], [103.1986008, 13.1318741]]}}, {"type": "Feature", "properties": {"highway": "tertiary_link"}, "geometry": {"type": "LineString", "coordinates": [[103.1939543, 13.1446998], [103.19375, 13.1447149]]}}, {"type": "Feature", "properties": {"highway": "tertiary_link"}, "geometry": {"type": "LineString", "coordinates": [[103.1926514, 13.149553], [103.1924755, 13.1495317]]}}, {"type": "Feature", "properties": {"highway": "tertiary"}, "geometry": {"type": "LineString", "coordinates": [[103.1978418, 13.1299724], [103.197827, 13.1300169], [103.1974201, 13.1316317], [103.1966389, 13.1346411], [103.1964912, 13.1352054], [103.1962082, 13.1362388], [103.1956544, 13.1382994], [103.1955259, 13.1387857], [103.1953835, 13.139375], [103.1952182, 13.1399712], [103.1949408, 13.1410089], [103.1946456, 13.1421133], [103.1945276, 13.142555], [103.1939543, 13.1446998], [103.1932786, 13.1472279], [103.1926514, 13.149553], [103.1919301, 13.1522761], [103.19165577137962, 13.15331039012499]]}}, {"type": "Feature", "properties": {"highway": "residential"}, "geometry": {"type": "LineString", "coordinates": [[103.194609, 13.1198032], [103.1945926, 13.1198334], [103.1945869, 13.1201544], [103.1945569, 13.1204771], [103.1945242, 13.1210258], [103.1945221, 13.121491], [103.1950119, 13.1214792]]}}, {"type": "Feature", "properties": {"highway": "residential"}, "geometry": {"type": "LineString", "coordinates": [[103.1931451, 13.1201071], [103.193906, 13.1204967], [103.1940216, 13.120541], [103.1940946, 13.1205394], [103.1941668, 13.120525], [103.1945569, 13.1204771]]}}, {"type": "Feature", "properties": {"highway": "residential"}, "geometry": {"type": "LineString", "coordinates": [[103.2011586, 13.1167302], [103.2011166, 13.1165643], [103.2011139, 13.1164703], [103.2011542, 13.1163031], [103.2011649, 13.1161464], [103.2011595, 13.1159975], [103.2011193, 13.1156918], [103.2009212, 13.1146383]]}}, {"type": "Feature", "properties": {"highway": "residential"}, "geometry": {"type": "LineString", "coordinates": [[103.2015564, 13.1166579], [103.2017122, 13.1171364], [103.2017395, 13.1173488], [103.2017602, 13.1176861], [103.201865, 13.1185082], [103.201957, 13.1189227], [103.202101, 13.1193059], [103.2021654, 13.1194534], [103.2021841, 13.1194952], [103.2022351, 13.1195057], [103.2023102, 13.1194926], [103.202785, 13.1192877]]}}, {"type": "Feature", "properties": {"highway": "residential"}, "geometry": {"type": "LineString", "coordinates": [[103.190208, 13.1085356], [103.1901261, 13.1086056], [103.1900416, 13.108627], [103.1899504, 13.108632], [103.1898101, 13.1086155], [103.1895432, 13.1085579], [103.1895145, 13.1085563], [103.1894823, 13.1085678], [103.1894452, 13.1085875], [103.1893911, 13.1085925], [103.1893624, 13.1085941]]}}, {"type": "Feature", "properties": {"highway": "residential"}, "geometry": {"type": "LineString", "coordinates": [[103.1894339, 13.1073133], [103.1893176, 13.1079856], [103.1893015, 13.1080587], [103.1892666, 13.108124], [103.1892264, 13.1081606], [103.1891793, 13.108217], [103.1891641, 13.1082648], [103.1891455, 13.1083372], [103.1891472, 13.1083865], [103.1891675, 13.1084244], [103.1891743, 13.1084606], [103.1891591, 13.1086844], [103.1891472, 13.1087091], [103.1891253, 13.1087206], [103.1890881, 13.1087338]]}}, {"type": "Feature", "properties": {"highway": "residential"}, "geometry": {"type": "LineString", "coordinates": [[103.1895125, 13.1091567], [103.1894615, 13.1094529]]}}, {"type": "Feature", "properties": {"highway": "residential"}, "geometry": {"type": "LineString", "coordinates": [[103.1898847, 13.1094085], [103.1898027, 13.1092164], [103.1897757, 13.1091967], [103.1897334, 13.1091835], [103.1895125, 13.1091567], [103.1890982, 13.1091238]]}}, {"type": "Feature", "properties": {"highway": "residential"}, "geometry": {"type": "LineString", "coordinates": [[103.1935135, 13.1109484], [103.1933484, 13.1109303], [103.1932722, 13.1109049], [103.193189, 13.1108719]]}}, {"type": "Feature", "properties": {"highway": "residential"}, "geometry": {"type": "LineString", "coordinates": [[103.1933762, 13.1102843], [103.1932712, 13.1103034], [103.1932504, 13.1103151], [103.1932354, 13.1103391], [103.1932294, 13.1104315], [103.1932317, 13.1105089]]}}, {"type": "Feature", "properties": {"highway": "residential"}, "geometry": {"type": "LineString", "coordinates": [[103.1950388, 13.110136], [103.194985, 13.110051], [103.1949552, 13.1100013], [103.1949467, 13.1099474], [103.1949552, 13.1098769], [103.1949892, 13.109745], [103.1950615, 13.1095753], [103.1950936, 13.1095011], [103.1951037, 13.109443], [103.1950957, 13.1093875], [103.1950851, 13.109315], [103.1950808, 13.1092258], [103.195083, 13.1091761], [103.1951037, 13.1090203]]}}, {"type": "Feature", "properties": {"highway": "service"}, "geometry": {"type": "LineString", "coordinates": [[103.2139256, 13.0929254], [103.2139282, 13.0928023], [103.2139336, 13.092767], [103.213947, 13.09272], [103.2140449, 13.0924483]]}}, {"type": "Feature", "properties": {"highway": "service"}, "geometry": {"type": "LineString", "coordinates": [[103.2141549, 13.092853], [103.2141598, 13.0925075]]}}, {"type": "Feature", "properties": {"highway": "residential"}, "geometry": {"type": "LineString", "coordinates": [[103.2171349, 13.0907136], [103.2173361, 13.0906382], [103.2174968, 13.0905915], [103.2175234, 13.0905739], [103.217533, 13.090547], [103.2175362, 13.09052], [103.2174478, 13.0902805]]}}, {"type": "Feature", "properties": {"highway": "residential"}, "geometry": {"type": "LineString", "coordinates": [[103.217234, 13.0908978], [103.2173008, 13.0909765], [103.2173802, 13.0910275], [103.2177029, 13.0912941], [103.2178702, 13.091411], [103.2179919, 13.0914982], [103.218176, 13.0916315], [103.218247, 13.0916628], [103.218323, 13.0916628], [103.2183872, 13.0916513], [103.2184413, 13.0916513], [103.2184954, 13.0916595], [103.2185714, 13.0916562], [103.2187049, 13.0916529], [103.2189499, 13.0916546]]}}, {"type": "Feature", "properties": {"highway": "residential"}, "geometry": {"type": "LineString", "coordinates": [[103.2162315, 13.091072], [103.2164454, 13.0910206], [103.21655, 13.0910049], [103.2166868, 13.0909814], [103.216778, 13.0909814], [103.2169014, 13.0909683], [103.2170168, 13.0909553], [103.2171509, 13.0909265], [103.217234, 13.0908978]]}}, {"type": "Feature", "properties": {"highway": "residential"}, "geometry": {"type": "LineString", "coordinates": [[103.2144402, 13.0906425], [103.2148119, 13.0905157], [103.2148676, 13.0905058], [103.2148964, 13.0905091], [103.2149166, 13.0905404], [103.2149386, 13.090593]]}}, {"type": "Feature", "properties": {"highway": "service"}, "geometry": {"type": "LineString", "coordinates": [[103.2137845, 13.0896319], [103.2139349, 13.090073]]}}, {"type": "Feature", "properties": {"highway": "service"}, "geometry": {"type": "LineString", "coordinates": [[103.2142025, 13.0899708], [103.2139349, 13.090073], [103.2139581, 13.0901691], [103.2139918, 13.0902824], [103.2140056, 13.0903966], [103.2140121, 13.0906044], [103.2140088, 13.0907697]]}}, {"type": "Feature", "properties": {"highway": "unclassified"}, "geometry": {"type": "LineString", "coordinates": [[103.1737096, 13.106836], [103.1733879, 13.1067787], [103.173168, 13.1067656], [103.1730956, 13.1067709], [103.1730553, 13.1068179], [103.1730239, 13.1073651], [103.1730035, 13.107902], [103.1729752, 13.1083582], [103.1729464, 13.1088224], [103.1728826, 13.1098562]]}}, {"type": "Feature", "properties": {"highway": "residential"}, "geometry": {"type": "LineString", "coordinates": [[103.1752914, 13.1058116], [103.1752453, 13.1069102]]}}, {"type": "Feature", "properties": {"highway": "residential"}, "geometry": {"type": "LineString", "coordinates": [[103.1812602, 13.1092623], [103.1812401, 13.1099879], [103.1812602, 13.1100767], [103.1812508, 13.1104203], [103.1812455, 13.110752], [103.1812669, 13.1109179], [103.1812547, 13.1119072]]}}, {"type": "Feature", "properties": {"highway": "residential"}, "geometry": {"type": "LineString", "coordinates": [[103.180351, 13.1092736], [103.1803188, 13.1107847], [103.1803536, 13.1111935]]}}, {"type": "Feature", "properties": {"highway": "residential"}, "geometry": {"type": "LineString", "coordinates": [[103.1782344, 13.1097464], [103.1794629, 13.1097907]]}}, {"type": "Feature", "properties": {"highway": "residential"}, "geometry": {"type": "LineString", "coordinates": [[103.1777824, 13.1084947], [103.1779772, 13.1085603], [103.1780818, 13.1086204], [103.1781274, 13.1086596], [103.1781864, 13.108717], [103.178224, 13.1088842], [103.1782344, 13.1097464], [103.1782374, 13.1099945]]}}, {"type": "Feature", "properties": {"highway": "residential"}, "geometry": {"type": "LineString", "coordinates": [[103.1794715, 13.109324], [103.1794149, 13.1093009], [103.179325, 13.1092682], [103.1792459, 13.1092225], [103.1791426, 13.1091624], [103.1789468, 13.1091572], [103.1788784, 13.1091363], [103.1788476, 13.1091102], [103.1788382, 13.1090775], [103.1788261, 13.1084362], [103.1788154, 13.1083996]]}}, {"type": "Feature", "properties": {"highway": "residential"}, "geometry": {"type": "LineString", "coordinates": [[103.1788154, 13.1083996], [103.1787953, 13.1083801], [103.178747, 13.1083644], [103.178291, 13.1083121], [103.1782481, 13.1083095]]}}, {"type": "Feature", "properties": {"highway": "residential"}, "geometry": {"type": "LineString", "coordinates": [[103.1781864, 13.108717], [103.1782186, 13.1083435], [103.1782481, 13.1083095]]}}, {"type": "Feature", "properties": {"highway": "unclassified"}, "geometry": {"type": "LineString", "coordinates": [[103.1646332, 13.1108147], [103.1647915, 13.1091873], [103.164829, 13.1090619], [103.1648678, 13.1090266], [103.1649095, 13.1089887], [103.167888, 13.1090911], [103.1683537, 13.1091071], [103.17129, 13.109208]]}}, {"type": "Feature", "properties": {"highway": "service"}, "geometry": {"type": "LineString", "coordinates": [[103.1495501, 13.1041916], [103.1486296, 13.1043175], [103.1469397, 13.1045487]]}}, {"type": "Feature", "properties": {"highway": "service"}, "geometry": {"type": "LineString", "coordinates": [[103.1494145, 13.1026842], [103.1498167, 13.1026355], [103.1498837, 13.1026094], [103.1499106, 13.1025441], [103.1497979, 13.1017159]]}}, {"type": "Feature", "properties": {"highway": "service"}, "geometry": {"type": "LineString", "coordinates": [[103.14994717977245, 13.108032805280462], [103.1499404, 13.107971], [103.1495501, 13.1041916], [103.1494145, 13.1026842], [103.1491834, 13.1017682]]}}, {"type": "Feature", "properties": {"highway": "residential"}, "geometry": {"type": "LineString", "coordinates": [[103.22004208957243, 13.140795758961861], [103.220046, 13.1407603], [103.2201013, 13.1402614], [103.2203159, 13.1399609], [103.2202622, 13.1397415], [103.2202247, 13.1396527], [103.2201254, 13.1395744], [103.2198974, 13.1395404], [103.2193932, 13.1395247], [103.218905, 13.1396332], [103.2181597, 13.1397783]]}}, {"type": "Feature", "properties": {"highway": "unclassified"}, "geometry": {"type": "LineString", "coordinates": [[103.15614925272811, 13.127764632511276], [103.1668877, 13.1272933], [103.167369, 13.1272721], [103.1686613, 13.1272154], [103.1733395, 13.1270026], [103.1781596, 13.1268301], [103.1876707, 13.1263652]]}}, {"type": "Feature", "properties": {"highway": "residential"}, "geometry": {"type": "LineString", "coordinates": [[103.1785767, 13.1361031], [103.1785305, 13.1350524], [103.1784889, 13.1341068], [103.1783658, 13.131307], [103.1781596, 13.1268301], [103.1779354, 13.1220559]]}}, {"type": "Feature", "properties": {"highway": "residential"}, "geometry": {"type": "LineString", "coordinates": [[103.1898768, 13.0947799], [103.1900291, 13.0947656], [103.1900493, 13.094776], [103.190056, 13.0947943], [103.1901105, 13.0952366], [103.1901465, 13.0954881]]}}, {"type": "Feature", "properties": {"highway": "residential"}, "geometry": {"type": "LineString", "coordinates": [[103.1895388, 13.0940602], [103.1895201, 13.0943123], [103.1895362, 13.094375], [103.1896153, 13.0945226], [103.189693, 13.0946252]]}}, {"type": "Feature", "properties": {"highway": "residential"}, "geometry": {"type": "LineString", "coordinates": [[103.1895695, 13.0937638], [103.1895497, 13.0938354], [103.1895388, 13.0940602]]}}, {"type": "Feature", "properties": {"highway": "residential"}, "geometry": {"type": "LineString", "coordinates": [[103.2087985, 13.081072], [103.2082728, 13.0810511], [103.2080716, 13.0810223], [103.2079509, 13.0809936], [103.2078141, 13.0809988], [103.207747, 13.081004], [103.2076934, 13.0810014], [103.2076612, 13.0809831], [103.2076344, 13.0809309], [103.2076049, 13.080876], [103.2075646, 13.0808551], [103.207393, 13.0808577]]}}, {"type": "Feature", "properties": {"highway": "residential"}, "geometry": {"type": "LineString", "coordinates": [[103.2055696, 13.0819775], [103.2064497, 13.0817176], [103.2066406, 13.0816731], [103.2067385, 13.0816585], [103.2068641, 13.0816191], [103.2069429, 13.0815756], [103.2069983, 13.0815051]]}}, {"type": "Feature", "properties": {"highway": "residential"}, "geometry": {"type": "LineString", "coordinates": [[103.2067117, 13.0802564], [103.2065897, 13.0802417], [103.20654, 13.0802216], [103.2064743, 13.0801589], [103.2064247, 13.0801171]]}}, {"type": "Feature", "properties": {"highway": "residential"}, "geometry": {"type": "LineString", "coordinates": [[103.2067335, 13.0795115], [103.2067588, 13.0797356], [103.2067117, 13.0802564], [103.2066912, 13.0805256], [103.2066135, 13.0812695]]}}, {"type": "Feature", "properties": {"highway": "residential"}, "geometry": {"type": "LineString", "coordinates": [[103.2069353, 13.0834845], [103.2068754, 13.0833202], [103.2068551, 13.0831952], [103.2068492, 13.0831801]]}}, {"type": "Feature", "properties": {"highway": "residential"}, "geometry": {"type": "LineString", "coordinates": [[103.2068492, 13.0831801], [103.2068365, 13.0831705], [103.2067166, 13.0831145], [103.2067081, 13.0830981], [103.2067077, 13.083079], [103.2067385, 13.0828232]]}}, {"type": "Feature", "properties": {"highway": "residential"}, "geometry": {"type": "LineString", "coordinates": [[103.2065348, 13.0836325], [103.2065746, 13.0832182]]}}, {"type": "Feature", "properties": {"highway": "residential"}, "geometry": {"type": "LineString", "coordinates": [[103.2068619, 13.0824593], [103.2069048, 13.0823391], [103.2069303, 13.082296], [103.2069638, 13.0822685], [103.2070121, 13.0822555], [103.2070684, 13.0822646], [103.2072964, 13.082326], [103.2073367, 13.0823626], [103.2073495, 13.0824424], [103.2073751, 13.0826083], [103.2076579, 13.0832226]]}}, {"type": "Feature", "properties": {"highway": "residential"}, "geometry": {"type": "LineString", "coordinates": [[103.2026562, 13.0827922], [103.2029254, 13.0828788], [103.2032363, 13.0829808], [103.2035235, 13.0830862]]}}, {"type": "Feature", "properties": {"highway": "track"}, "geometry": {"type": "LineString", "coordinates": [[103.2037626, 13.0825794], [103.2040563, 13.0824841], [103.2041086, 13.082471], [103.2041308, 13.0824847], [103.2041529, 13.0825115], [103.2048005, 13.0842685]]}}, {"type": "Feature", "properties": {"highway": "residential"}, "geometry": {"type": "LineString", "coordinates": [[103.2024455, 13.0842494], [103.2024996, 13.0842099], [103.2025672, 13.0841704], [103.2026381, 13.0841474], [103.2031504, 13.0840319], [103.2033816, 13.083996], [103.2035911, 13.0839795], [103.2037432, 13.0839927]]}}, {"type": "Feature", "properties": {"highway": "residential"}, "geometry": {"type": "LineString", "coordinates": [[103.1770509, 13.0985295], [103.176848, 13.0988432]]}}, {"type": "Feature", "properties": {"highway": "residential"}, "geometry": {"type": "LineString", "coordinates": [[103.1759964, 13.0963631], [103.1759803, 13.0963148], [103.1760044, 13.0961306], [103.1760353, 13.0960927], [103.1760795, 13.0960809], [103.176105, 13.0960809]]}}, {"type": "Feature", "properties": {"highway": "residential"}, "geometry": {"type": "LineString", "coordinates": [[103.1766402, 13.0964886], [103.1765033, 13.0964676], [103.1764403, 13.0964598], [103.1763974, 13.0964611], [103.1763451, 13.0964663], [103.1763062, 13.0964584], [103.1762713, 13.0964297], [103.1762378, 13.0964036], [103.1761613, 13.0963814], [103.1760648, 13.0963984], [103.1760246, 13.0963879], [103.1759964, 13.0963631]]}}, {"type": "Feature", "properties": {"highway": "residential"}, "geometry": {"type": "LineString", "coordinates": [[103.1840831, 13.0965991], [103.1841542, 13.0959599], [103.1842133, 13.0950882]]}}, {"type": "Feature", "properties": {"highway": "tertiary"}, "geometry": {"type": "LineString", "coordinates": [[103.1934368, 13.1077157], [103.193544, 13.108282], [103.1937615, 13.1093169], [103.1937974, 13.109488], [103.1939323, 13.11013], [103.1944406, 13.1125496], [103.1944524, 13.1126501], [103.1948797, 13.1146391], [103.1948869, 13.1146851], [103.195024, 13.1153757], [103.1951457, 13.1159051], [103.1952199, 13.1162582], [103.1953353, 13.1168077], [103.1953962, 13.1170974], [103.1954888, 13.1175385], [103.1955337, 13.1177521]]}}, {"type": "Feature", "properties": {"highway": "tertiary"}, "geometry": {"type": "LineString", "coordinates": [[103.1998727, 13.0970231], [103.1999483, 13.09701], [103.2001797, 13.096924], [103.201115, 13.0967976], [103.2013803, 13.0967577], [103.2014899, 13.0967429]]}}, {"type": "Feature", "properties": {"highway": "residential"}, "geometry": {"type": "LineString", "coordinates": [[103.1946558, 13.1190067], [103.1948315, 13.1190492], [103.1948463, 13.1190635], [103.194851, 13.1190838], [103.1948577, 13.1191354], [103.1948691, 13.1191426], [103.1948892, 13.1191484], [103.1953137, 13.1191537], [103.1954753, 13.1191497], [103.1955651, 13.1191524], [103.1957401, 13.1191922], [103.1959936, 13.119234]]}}, {"type": "Feature", "properties": {"highway": "residential"}, "geometry": {"type": "LineString", "coordinates": [[103.1938143, 13.1193816], [103.1939243, 13.1193959], [103.1946029, 13.1194665], [103.1946431, 13.1194782], [103.1946686, 13.119507], [103.1946833, 13.1195435], [103.194609, 13.1198032]]}}, {"type": "Feature", "properties": {"highway": "residential"}, "geometry": {"type": "LineString", "coordinates": [[103.1941402, 13.1210926], [103.1945242, 13.1210258]]}}, {"type": "Feature", "properties": {"highway": "residential"}, "geometry": {"type": "LineString", "coordinates": [[103.196058, 13.1204173], [103.1958145, 13.1205061], [103.1955671, 13.1206034], [103.1954323, 13.12064], [103.1951587, 13.120666], [103.1951061, 13.1206661], [103.1950481, 13.1206657], [103.194992, 13.1206699], [103.194967, 13.1206759], [103.1949459, 13.1206859], [103.1949338, 13.120704], [103.1949287, 13.1207298], [103.1949254, 13.12078], [103.1949583, 13.1208633], [103.1949673, 13.1209701], [103.1949633, 13.1209935], [103.1949465, 13.1210057], [103.1945242, 13.1210258]]}}, {"type": "Feature", "properties": {"highway": "residential"}, "geometry": {"type": "LineString", "coordinates": [[103.19733, 13.1203808], [103.1968278, 13.1203912], [103.1967312, 13.1204173], [103.1966662, 13.1204735], [103.1966025, 13.1204957], [103.1964415, 13.1205172], [103.1963282, 13.1205512], [103.1961921, 13.1206185]]}}, {"type": "Feature", "properties": {"highway": "residential"}, "geometry": {"type": "LineString", "coordinates": [[103.1973474, 13.1208601], [103.1973669, 13.1208686], [103.1973796, 13.120879], [103.1973977, 13.1209032], [103.1974212, 13.1209084], [103.197728, 13.1209009]]}}, {"type": "Feature", "properties": {"highway": "residential"}, "geometry": {"type": "LineString", "coordinates": [[103.1962699, 13.1208013], [103.1962947, 13.1207935], [103.1963175, 13.1207974], [103.1963409, 13.1208202], [103.1963617, 13.1208555], [103.1963886, 13.1208607], [103.1968734, 13.120862], [103.1973474, 13.1208601]]}}, {"type": "Feature", "properties": {"highway": "residential"}, "geometry": {"type": "LineString", "coordinates": [[103.1960928, 13.1199523], [103.1963249, 13.1200033], [103.1966548, 13.1200464], [103.1969874, 13.1200516]]}}, {"type": "Feature", "properties": {"highway": "residential"}, "geometry": {"type": "LineString", "coordinates": [[103.1968232, 13.1181765], [103.1969223, 13.1182211], [103.1969384, 13.11824], [103.1969478, 13.1182753], [103.1969458, 13.1183138], [103.1968197, 13.1186358], [103.196815, 13.1186639], [103.1968194, 13.118689], [103.1968388, 13.1187057], [103.197495, 13.1189016], [103.1975312, 13.1189173], [103.1975412, 13.1189323], [103.1975406, 13.1189558], [103.1975231, 13.119075], [103.1975258, 13.1190972], [103.1975308, 13.1191119], [103.1975382, 13.1191223], [103.1975734, 13.1191393], [103.1978919, 13.1192085], [103.1981682, 13.119266]]}}, {"type": "Feature", "properties": {"highway": "residential"}, "geometry": {"type": "LineString", "coordinates": [[103.1991807, 13.1186177], [103.1991965, 13.1181465], [103.1992056, 13.1180844], [103.1992421, 13.1180401], [103.1994972, 13.1180223], [103.1998023, 13.1179932], [103.2003328, 13.1178917]]}}, {"type": "Feature", "properties": {"highway": "residential"}, "geometry": {"type": "LineString", "coordinates": [[103.198197, 13.1184673], [103.1983345, 13.1184751], [103.1985732, 13.1185013], [103.1988247, 13.1185363], [103.1989005, 13.1185464], [103.1989746, 13.1185576], [103.1990309, 13.1185737]]}}, {"type": "Feature", "properties": {"highway": "service"}, "geometry": {"type": "LineString", "coordinates": [[103.1978001, 13.1184177], [103.1980153, 13.1184366], [103.198197, 13.1184673]]}}, {"type": "Feature", "properties": {"highway": "service"}, "geometry": {"type": "LineString", "coordinates": [[103.1974183, 13.1174097], [103.1974809, 13.1175726], [103.1975245, 13.1176725], [103.1975479, 13.1177065]]}}, {"type": "Feature", "properties": {"highway": "service"}, "geometry": {"type": "LineString", "coordinates": [[103.1975479, 13.1177065], [103.1975781, 13.1176974], [103.1978175, 13.1176882]]}}, {"type": "Feature", "properties": {"highway": "service"}, "geometry": {"type": "LineString", "coordinates": [[103.1978691, 13.1181663], [103.1978638, 13.1177444], [103.1978544, 13.1177215], [103.1978383, 13.1177052], [103.1978175, 13.1176882]]}}, {"type": "Feature", "properties": {"highway": "service"}, "geometry": {"type": "LineString", "coordinates": [[103.1974447, 13.1180611], [103.1975258, 13.1177241], [103.1975479, 13.1177065]]}}, {"type": "Feature", "properties": {"highway": "service"}, "geometry": {"type": "LineString", "coordinates": [[103.1969384, 13.11824], [103.1972276, 13.1183126], [103.1972758, 13.1183144], [103.1973014, 13.1182892], [103.1973763, 13.118082], [103.1974125, 13.1180624], [103.1974447, 13.1180611], [103.1978363, 13.1181473]]}}, {"type": "Feature", "properties": {"highway": "service"}, "geometry": {"type": "LineString", "coordinates": [[103.198024, 13.1190485], [103.1980777, 13.1186528], [103.198079, 13.1185796], [103.1980763, 13.11853], [103.1980629, 13.1184921], [103.1980153, 13.1184366], [103.1978939, 13.1182074], [103.1978691, 13.1181663], [103.1978363, 13.1181473]]}}, {"type": "Feature", "properties": {"highway": "residential"}, "geometry": {"type": "LineString", "coordinates": [[103.1977786, 13.1217789], [103.1977129, 13.1215118], [103.1976908, 13.1213335], [103.1976981, 13.1211096], [103.1977237, 13.1209296], [103.197728, 13.1209009], [103.1977383, 13.1208392], [103.1977725, 13.1204833], [103.1978222, 13.1202554], [103.1979247, 13.1200418], [103.1980941, 13.1197166], [103.1981267, 13.1196206], [103.1981601, 13.1194449], [103.1981682, 13.119266], [103.1981608, 13.119234], [103.1981555, 13.119091], [103.1981776, 13.11866], [103.198193, 13.118513], [103.198197, 13.1184673]]}}, {"type": "Feature", "properties": {"highway": "residential"}, "geometry": {"type": "LineString", "coordinates": [[103.1997742, 13.1212232], [103.199966, 13.1211905], [103.2009924, 13.1209791]]}}, {"type": "Feature", "properties": {"highway": "residential"}, "geometry": {"type": "LineString", "coordinates": [[103.1990232, 13.119204], [103.1990889, 13.1196807], [103.199172, 13.1199027], [103.1994081, 13.1202606], [103.199795, 13.1209502], [103.199966, 13.1211905]]}}, {"type": "Feature", "properties": {"highway": "service"}, "geometry": {"type": "LineString", "coordinates": [[103.2027522, 13.119121], [103.2030562, 13.1190315], [103.2031657, 13.1189808]]}}, {"type": "Feature", "properties": {"highway": "residential"}, "geometry": {"type": "LineString", "coordinates": [[103.201957, 13.1189227], [103.2015357, 13.119025]]}}, {"type": "Feature", "properties": {"highway": "service"}, "geometry": {"type": "LineString", "coordinates": [[103.2045548, 13.1118255], [103.204622, 13.1121481], [103.2046728, 13.1123333], [103.204698, 13.1124447], [103.2047316, 13.1125762], [103.2048449, 13.1127375], [103.2050031, 13.1134792], [103.2050791, 13.1137893]]}}, {"type": "Feature", "properties": {"highway": "residential"}, "geometry": {"type": "LineString", "coordinates": [[103.1895632, 13.1188368], [103.1894846, 13.1197087], [103.1894752, 13.1198068], [103.189441, 13.1198864], [103.1893887, 13.1199811], [103.1893719, 13.1200653], [103.1893659, 13.1201535], [103.1894017, 13.1202917], [103.1894302, 13.1204356], [103.1894517, 13.1205505], [103.1894624, 13.1206524]]}}, {"type": "Feature", "properties": {"highway": "residential"}, "geometry": {"type": "LineString", "coordinates": [[103.1885827, 13.1170345], [103.1887534, 13.1170285]]}}, {"type": "Feature", "properties": {"highway": "residential"}, "geometry": {"type": "LineString", "coordinates": [[103.1944524, 13.1126501], [103.1938137, 13.1127393], [103.1937754, 13.1127217], [103.1937347, 13.1126097]]}}, {"type": "Feature", "properties": {"highway": "residential"}, "geometry": {"type": "LineString", "coordinates": [[103.1924773, 13.1125565], [103.1924786, 13.1129334], [103.1924705, 13.1129738], [103.1924437, 13.1130025], [103.1923954, 13.1130273], [103.1923511, 13.1130404], [103.1923203, 13.113077], [103.1922962, 13.1131175], [103.1922828, 13.1131645], [103.1922854, 13.1132233], [103.1923337, 13.1133774], [103.1923684, 13.1134157], [103.1924195, 13.1134518]]}}, {"type": "Feature", "properties": {"highway": "residential"}, "geometry": {"type": "LineString", "coordinates": [[103.1899487, 13.1169371], [103.1900096, 13.1169692], [103.1903194, 13.1169757], [103.1907705, 13.1169554], [103.1908116, 13.1169535], [103.1910181, 13.1169483], [103.1910785, 13.1169313], [103.1911334, 13.1168869], [103.1911482, 13.1168412], [103.1911308, 13.1166244], [103.1911334, 13.1165852], [103.1911536, 13.1165395], [103.1911884, 13.1165068], [103.1916579, 13.1163904], [103.1916908, 13.1163183], [103.1916768, 13.1161941], [103.1916647, 13.1159728]]}}, {"type": "Feature", "properties": {"highway": "residential"}, "geometry": {"type": "LineString", "coordinates": [[103.1977237, 13.1209296], [103.1984498, 13.1209352], [103.1984686, 13.120926], [103.1984773, 13.1208993], [103.1984773, 13.1207073], [103.1984914, 13.1206498]]}}, {"type": "Feature", "properties": {"highway": "residential"}, "geometry": {"type": "LineString", "coordinates": [[103.1954907, 13.1226416], [103.1958508, 13.1226324]]}}, {"type": "Feature", "properties": {"highway": "residential"}, "geometry": {"type": "LineString", "coordinates": [[103.1941107, 13.1227513], [103.1942508, 13.1227363], [103.1945117, 13.1227454], [103.1945854, 13.1227429], [103.1946464, 13.1227526], [103.1946929, 13.1228098], [103.1947565, 13.1228506], [103.1948356, 13.1228564], [103.1950501, 13.1228428], [103.1952721, 13.1228237], [103.1953935, 13.1228237], [103.1954994, 13.1228218], [103.1958159, 13.1227591], [103.1958555, 13.1227408], [103.1958682, 13.1227134], [103.1958649, 13.1226644], [103.1958508, 13.1226324], [103.1959118, 13.1226057], [103.1960999, 13.1225097], [103.1961076, 13.1224989], [103.1961113, 13.1224882], [103.1961109, 13.1224708], [103.1961066, 13.1224512], [103.1961059, 13.1224362], [103.1961123, 13.1224215], [103.1961324, 13.1224045], [103.1961867, 13.122364], [103.1962343, 13.1223229], [103.1963986, 13.1222119]]}}, {"type": "Feature", "properties": {"highway": "residential"}, "geometry": {"type": "LineString", "coordinates": [[103.1944259, 13.1222132], [103.1950549, 13.1220891], [103.195311, 13.1219977], [103.1956221, 13.1219533], [103.1962538, 13.1218619]]}}, {"type": "Feature", "properties": {"highway": "residential"}, "geometry": {"type": "LineString", "coordinates": [[103.1947129, 13.1233161], [103.1947417, 13.1236897], [103.1947638, 13.1238275], [103.1948068, 13.123992], [103.1948591, 13.1242154], [103.1948752, 13.1242467], [103.1949221, 13.124263], [103.1949563, 13.1242865], [103.1949704, 13.1243199], [103.195016, 13.1245713], [103.1950227, 13.1246242], [103.1950361, 13.124649], [103.1950589, 13.1246594], [103.1950958, 13.1246738], [103.195187, 13.1246836], [103.1952402, 13.1246987]]}}, {"type": "Feature", "properties": {"highway": "residential"}, "geometry": {"type": "LineString", "coordinates": [[103.1914177, 13.1201012], [103.1914338, 13.1202919], [103.1914365, 13.1203546], [103.1913936, 13.1206446], [103.1913842, 13.1206811], [103.1913681, 13.1206955], [103.1913239, 13.1208823], [103.1913292, 13.1211304], [103.1913852, 13.1213818], [103.1913836, 13.1214178], [103.1913533, 13.1214576], [103.1913158, 13.1214687], [103.1912724, 13.1214757]]}}, {"type": "Feature", "properties": {"highway": "residential"}, "geometry": {"type": "LineString", "coordinates": [[103.1817725, 13.1150589], [103.1817541, 13.115987], [103.181729, 13.1159871], [103.1816629, 13.1159867], [103.181634, 13.1159864], [103.1816331, 13.1159478], [103.1816464, 13.1150604]]}}, {"type": "Feature", "properties": {"highway": "residential"}, "geometry": {"type": "LineString", "coordinates": [[103.1815191, 13.1140944], [103.1821051, 13.1140879]]}}, {"type": "Feature", "properties": {"highway": "service"}, "geometry": {"type": "LineString", "coordinates": [[103.1824335, 13.1120085], [103.182431, 13.1123003], [103.182423, 13.1132245], [103.1824096, 13.113252], [103.1823881, 13.1132624], [103.1821132, 13.1132624]]}}, {"type": "Feature", "properties": {"highway": "residential"}, "geometry": {"type": "LineString", "coordinates": [[103.1802983, 13.1131082], [103.1808981, 13.1131227], [103.1815284, 13.1131266], [103.1821105, 13.113137]]}}, {"type": "Feature", "properties": {"highway": "residential"}, "geometry": {"type": "LineString", "coordinates": [[103.1809307, 13.1118752], [103.1808981, 13.1131227]]}}, {"type": "Feature", "properties": {"highway": "residential"}, "geometry": {"type": "LineString", "coordinates": [[103.181546, 13.1119422], [103.1815284, 13.1131266], [103.1815191, 13.1140944], [103.1815177, 13.114835], [103.1815191, 13.1150636]]}}, {"type": "Feature", "properties": {"highway": "residential"}, "geometry": {"type": "LineString", "coordinates": [[103.1815191, 13.1150636], [103.1815982, 13.115061], [103.1816464, 13.1150604], [103.1817725, 13.1150589], [103.1820327, 13.1150557], [103.1820944, 13.1150557]]}}, {"type": "Feature", "properties": {"highway": "residential"}, "geometry": {"type": "LineString", "coordinates": [[103.1821357, 13.1119872], [103.1821105, 13.113137], [103.1821132, 13.1132624], [103.182109, 13.1136934], [103.1821051, 13.1140879], [103.1820944, 13.1150557]]}}, {"type": "Feature", "properties": {"highway": "residential"}, "geometry": {"type": "LineString", "coordinates": [[103.177481, 13.1131396], [103.1767112, 13.1130952], [103.1766576, 13.1131096]]}}, {"type": "Feature", "properties": {"highway": "residential"}, "geometry": {"type": "LineString", "coordinates": [[103.1766576, 13.1131096], [103.1766348, 13.1131462], [103.1766227, 13.1135733], [103.1766334, 13.1136151]]}}, {"type": "Feature", "properties": {"highway": "residential"}, "geometry": {"type": "LineString", "coordinates": [[103.1766334, 13.1136151], [103.1766736, 13.1136412], [103.1774573, 13.1136833]]}}, {"type": "Feature", "properties": {"highway": "residential"}, "geometry": {"type": "LineString", "coordinates": [[103.1775619, 13.1115776], [103.1775361, 13.1120764], [103.1775098, 13.1125829], [103.177481, 13.1131396], [103.1774573, 13.1136833], [103.1774291, 13.1143281], [103.1774193, 13.1145529], [103.1773956, 13.1150336], [103.1773576, 13.1158068], [103.1773201, 13.1173073]]}}, {"type": "Feature", "properties": {"highway": "residential"}, "geometry": {"type": "LineString", "coordinates": [[103.1739551, 13.1121201], [103.1745359, 13.1121612]]}}, {"type": "Feature", "properties": {"highway": "residential"}, "geometry": {"type": "LineString", "coordinates": [[103.1739142, 13.1130003], [103.1744931, 13.113021]]}}, {"type": "Feature", "properties": {"highway": "residential"}, "geometry": {"type": "LineString", "coordinates": [[103.1745763, 13.1113505], [103.1745359, 13.1121612], [103.1744931, 13.113021], [103.1744497, 13.1138917], [103.1743938, 13.1149157]]}}, {"type": "Feature", "properties": {"highway": "residential"}, "geometry": {"type": "LineString", "coordinates": [[103.1739976, 13.1113201], [103.1739551, 13.1121201], [103.1739142, 13.1130003], [103.1738655, 13.1138807], [103.1738078, 13.1149204], [103.1737661, 13.1156735], [103.1737571, 13.1158641], [103.1737349, 13.1163347], [103.1736806, 13.1174852]]}}, {"type": "Feature", "properties": {"highway": "residential"}, "geometry": {"type": "LineString", "coordinates": [[103.171084, 13.1123862], [103.1723687, 13.1124448], [103.1735769, 13.1124757]]}}, {"type": "Feature", "properties": {"highway": "residential"}, "geometry": {"type": "LineString", "coordinates": [[103.1723472, 13.1129934], [103.1735589, 13.1130328]]}}, {"type": "Feature", "properties": {"highway": "residential"}, "geometry": {"type": "LineString", "coordinates": [[103.1723312, 13.1135419], [103.1728984, 13.1135628], [103.1735407, 13.113592]]}}, {"type": "Feature", "properties": {"highway": "residential"}, "geometry": {"type": "LineString", "coordinates": [[103.1728984, 13.1135628], [103.1728488, 13.1145646], [103.1728387, 13.1145862]]}}, {"type": "Feature", "properties": {"highway": "residential"}, "geometry": {"type": "LineString", "coordinates": [[103.1728387, 13.1145862], [103.1728139, 13.114596], [103.1726436, 13.1145959], [103.1723342, 13.1145956], [103.1723043, 13.1145816]]}}, {"type": "Feature", "properties": {"highway": "residential"}, "geometry": {"type": "LineString", "coordinates": [[103.1724284, 13.1112377], [103.1723902, 13.1118962], [103.1723687, 13.1124448], [103.1723472, 13.1129934], [103.1723312, 13.1135419], [103.1722896, 13.1145516], [103.1723043, 13.1145816]]}}, {"type": "Feature", "properties": {"highway": "residential"}, "geometry": {"type": "LineString", "coordinates": [[103.1736335, 13.1113009], [103.1735945, 13.1119354], [103.1735769, 13.1124757], [103.1735589, 13.1130328], [103.1735407, 13.113592], [103.1735355, 13.1137535]]}}, {"type": "Feature", "properties": {"highway": "residential"}, "geometry": {"type": "LineString", "coordinates": [[103.1711185, 13.111825], [103.1723902, 13.1118962], [103.1735945, 13.1119354]]}}, {"type": "Feature", "properties": {"highway": "residential"}, "geometry": {"type": "LineString", "coordinates": [[103.1585501, 13.1181171], [103.1587739, 13.1227957], [103.15879, 13.1228291], [103.1588249, 13.1228414], [103.1600332, 13.1228023], [103.1606756, 13.1227722], [103.1616962, 13.1227238], [103.1636516, 13.1226613], [103.1636971, 13.1226598], [103.1639573, 13.1226429], [103.1643931, 13.1226233], [103.1655344, 13.1225802], [103.166488, 13.1225293], [103.1674147, 13.1224993], [103.1684862, 13.1224574], [103.1727388, 13.1222589], [103.1731103, 13.1222511], [103.1762136, 13.1221022], [103.1766978, 13.1220871], [103.1779022, 13.1220566], [103.1779354, 13.1220559], [103.1826027, 13.1218815], [103.1831002, 13.1218253], [103.1855357, 13.121713], [103.1875542, 13.1216161]]}}, {"type": "Feature", "properties": {"highway": "residential"}, "geometry": {"type": "LineString", "coordinates": [[103.1657973, 13.1124317], [103.1663624, 13.1124872], [103.1669414, 13.1125298]]}}, {"type": "Feature", "properties": {"highway": "residential"}, "geometry": {"type": "LineString", "coordinates": [[103.166511, 13.1109172], [103.1663624, 13.1124872], [103.1662582, 13.1135882]]}}, {"type": "Feature", "properties": {"highway": "residential"}, "geometry": {"type": "LineString", "coordinates": [[103.1670804, 13.1109483], [103.1669414, 13.1125298], [103.1668206, 13.1136294]]}}, {"type": "Feature", "properties": {"highway": "residential"}, "geometry": {"type": "LineString", "coordinates": [[103.1668206, 13.1136294], [103.1662582, 13.1135882], [103.1657463, 13.1135432], [103.1657007, 13.1135067]]}}, {"type": "Feature", "properties": {"highway": "residential"}, "geometry": {"type": "LineString", "coordinates": [[103.165932, 13.1108856], [103.1657973, 13.1124317], [103.1656887, 13.1134518], [103.1657007, 13.1135067]]}}, {"type": "Feature", "properties": {"highway": "residential"}, "geometry": {"type": "LineString", "coordinates": [[103.2043252, 13.1399551], [103.2045901, 13.1400498], [103.2047738, 13.140072], [103.2050896, 13.1400922], [103.2053652, 13.1402156], [103.2054993, 13.1402404], [103.2055758, 13.1402313], [103.2058789, 13.1401686], [103.2061028, 13.1401229], [103.2062463, 13.1400713], [103.2067439, 13.1399531], [103.2068658, 13.1399307], [103.2068688810891, 13.13993013277021]]}}, {"type": "Feature", "properties": {"highway": "residential"}, "geometry": {"type": "LineString", "coordinates": [[103.2077318, 13.1309187], [103.2076934, 13.1308411], [103.207692, 13.1308149], [103.2076934, 13.1306869], [103.2076572, 13.1305367], [103.2075888, 13.1303526], [103.2075486, 13.1301462], [103.2074624, 13.1298458]]}}, {"type": "Feature", "properties": {"highway": "residential"}, "geometry": {"type": "LineString", "coordinates": [[103.2100189, 13.129181], [103.2099357, 13.1291928], [103.2098915, 13.1292137], [103.2098392, 13.1292607], [103.2094516, 13.1295546], [103.2092853, 13.1296839], [103.2092611, 13.12971], [103.2090224, 13.1301684], [103.2089366, 13.1303787], [103.2088454, 13.1304831], [103.2087824, 13.130538], [103.2087314, 13.1305615], [103.2086496, 13.1305576], [103.208596, 13.1305628], [103.2085249, 13.1305863], [103.2084578, 13.1306099], [103.2083787, 13.1306399], [103.2083197, 13.1306595], [103.2081131, 13.1307575], [103.207865, 13.1308711], [103.2077318, 13.1309187], [103.2076384, 13.1309521]]}}, {"type": "Feature", "properties": {"highway": "residential"}, "geometry": {"type": "LineString", "coordinates": [[103.2096545, 13.1279967], [103.2099304, 13.1288937], [103.2100189, 13.129181], [103.2100376, 13.1292189], [103.2100752, 13.1292359]]}}, {"type": "Feature", "properties": {"highway": "residential"}, "geometry": {"type": "LineString", "coordinates": [[103.2112968, 13.128643], [103.2110837, 13.1287566], [103.2101664, 13.1292229], [103.2100752, 13.1292359]]}}, {"type": "Feature", "properties": {"highway": "residential"}, "geometry": {"type": "LineString", "coordinates": [[103.2042983, 13.1374244], [103.2039584, 13.1374926], [103.2037666, 13.1375344], [103.2035306, 13.1375814], [103.2033536, 13.1376807], [103.203088, 13.1377486], [103.202685, 13.1377969]]}}, {"type": "Feature", "properties": {"highway": "residential"}, "geometry": {"type": "LineString", "coordinates": [[103.2012353, 13.1384408], [103.2018945, 13.1384525], [103.2025127, 13.1384865], [103.2028029, 13.1384882], [103.2031937, 13.1384556], [103.2035132, 13.1384794], [103.2042974, 13.1385705]]}}, {"type": "Feature", "properties": {"highway": "residential"}, "geometry": {"type": "LineString", "coordinates": [[103.1977627, 13.1386013], [103.1997259, 13.138621], [103.2003348, 13.1386288], [103.2010147, 13.1386314], [103.2011314, 13.1386308], [103.2011703, 13.1386086], [103.2012105, 13.1385622], [103.2012353, 13.1384408], [103.2012507, 13.1382396], [103.2012662, 13.1381626], [103.2012863, 13.1381254], [103.2013506, 13.1380725], [103.2016625, 13.1379895], [103.201987, 13.1379373], [103.202284, 13.1378825], [103.202685, 13.1377969]]}}, {"type": "Feature", "properties": {"highway": "residential"}, "geometry": {"type": "LineString", "coordinates": [[103.1979106, 13.1411419], [103.1981179, 13.1411285], [103.198183, 13.1411337], [103.198244, 13.1411638], [103.1984331, 13.1413231], [103.1986027, 13.1414432], [103.1986906, 13.141502], [103.1987321, 13.1415222]]}}, {"type": "Feature", "properties": {"highway": "service"}, "geometry": {"type": "LineString", "coordinates": [[103.2065105, 13.1272063], [103.2070859, 13.1271475], [103.2070953, 13.1271319], [103.2070953, 13.1271044], [103.2070604, 13.1264893]]}}, {"type": "Feature", "properties": {"highway": "residential"}, "geometry": {"type": "LineString", "coordinates": [[103.2065228, 13.1279813], [103.2065105, 13.1272063], [103.2064636, 13.1266356], [103.2064395, 13.1262477], [103.206418, 13.1262124], [103.2063845, 13.1262046], [103.2063228, 13.1262033], [103.2050823, 13.1262777]]}}, {"type": "Feature", "properties": {"highway": "residential"}, "geometry": {"type": "LineString", "coordinates": [[103.2070225, 13.129949], [103.2071033, 13.1303839], [103.2070926, 13.1304323], [103.2070953, 13.1306308], [103.2071435, 13.1309494], [103.2072146, 13.1312159], [103.2071972, 13.1312472], [103.207165, 13.1312629], [103.2069853, 13.1313073], [103.2064918, 13.1313622], [103.2062772, 13.1313987], [103.2062075, 13.1314013], [103.2061726, 13.1313752], [103.206127, 13.1313177], [103.2061028, 13.1312864], [103.2060733, 13.1312838], [103.2060143, 13.1312916], [103.2057547, 13.1313345]]}}, {"type": "Feature", "properties": {"highway": "residential"}, "geometry": {"type": "LineString", "coordinates": [[103.1938411, 13.1275759], [103.1941187, 13.127602], [103.1943896, 13.1275903], [103.1948295, 13.1275315], [103.1953606, 13.1274675], [103.1953982, 13.1274532], [103.195429, 13.1274257], [103.1954384, 13.1272507]]}}, {"type": "Feature", "properties": {"highway": "residential"}, "geometry": {"type": "LineString", "coordinates": [[103.196717, 13.1266102], [103.1957603, 13.1266708], [103.1957174, 13.1266878], [103.1957026, 13.1267152], [103.1956999, 13.1267505], [103.1957375, 13.1268523], [103.1958273, 13.1271318], [103.19583, 13.1271828], [103.1958206, 13.1272141], [103.1957844, 13.1272363], [103.1957522, 13.1272533], [103.1957469, 13.1272716], [103.1957992, 13.1274988]]}}, {"type": "Feature", "properties": {"highway": "residential"}, "geometry": {"type": "LineString", "coordinates": [[103.1969601, 13.1273976], [103.1971067, 13.1273918], [103.1980924, 13.1274401], [103.1982265, 13.1274166], [103.1983204, 13.1273957], [103.1984183, 13.1273996], [103.198936, 13.1274714]]}}, {"type": "Feature", "properties": {"highway": "residential"}, "geometry": {"type": "LineString", "coordinates": [[103.1935823, 13.1259525], [103.1935752, 13.1266176]]}}, {"type": "Feature", "properties": {"highway": "residential"}, "geometry": {"type": "LineString", "coordinates": [[103.1937767, 13.1257918], [103.1939336, 13.1257892], [103.1939873, 13.1258245], [103.1940181, 13.1260557], [103.1940616, 13.1266214]]}}, {"type": "Feature", "properties": {"highway": "residential"}, "geometry": {"type": "LineString", "coordinates": [[103.1906277, 13.1247213], [103.1910224, 13.1249393], [103.1913512, 13.1251218]]}}, {"type": "Feature", "properties": {"highway": "residential"}, "geometry": {"type": "LineString", "coordinates": [[103.191254, 13.1235887], [103.1914527, 13.123642], [103.1916366, 13.1236998], [103.1919783, 13.1237008], [103.1920588, 13.1237178], [103.1921111, 13.1237452], [103.1921688, 13.1237988], [103.1922117, 13.1238249], [103.1922828, 13.1238288], [103.1925161, 13.1238171], [103.1929184, 13.1238079], [103.1932376, 13.1237348]]}}, {"type": "Feature", "properties": {"highway": "residential"}, "geometry": {"type": "LineString", "coordinates": [[103.1897588, 13.1233887], [103.1898822, 13.1234056], [103.190129, 13.1234631], [103.1905648, 13.1235872], [103.190778, 13.123629], [103.1910006, 13.1236708], [103.1911858, 13.1237039]]}}, {"type": "Feature", "properties": {"highway": "residential"}, "geometry": {"type": "LineString", "coordinates": [[103.189917, 13.1228284], [103.1899204, 13.122923], [103.1898822, 13.1234056]]}}, {"type": "Feature", "properties": {"highway": "service"}, "geometry": {"type": "LineString", "coordinates": [[103.2088615, 13.1176784], [103.2086176, 13.1176879], [103.2084996, 13.1176921], [103.2084192, 13.1176919], [103.2083408, 13.1176937], [103.2082309, 13.117704], [103.2080161, 13.1177265], [103.2075901, 13.1178448], [103.2075326, 13.1178717], [103.2075092, 13.1179173], [103.2075028, 13.1179588], [103.207473, 13.1179982], [103.207407, 13.1180231], [103.2073495, 13.1180272], [103.2072942, 13.1180355], [103.2072409, 13.1180459], [103.207192, 13.1180417], [103.2071221, 13.1180441], [103.206933, 13.1181016], [103.2068222, 13.1181333]]}}, {"type": "Feature", "properties": {"highway": "residential"}, "geometry": {"type": "LineString", "coordinates": [[103.2036257, 13.118686], [103.2037225, 13.1186355], [103.2037613, 13.1186124], [103.2042148, 13.1184158]]}}, {"type": "Feature", "properties": {"highway": "residential"}, "geometry": {"type": "LineString", "coordinates": [[103.2028853, 13.1169822], [103.2030279, 13.1169657]]}}, {"type": "Feature", "properties": {"highway": "residential"}, "geometry": {"type": "LineString", "coordinates": [[103.2029044, 13.1173658], [103.202913, 13.1173098], [103.2029193, 13.1172621], [103.2029215, 13.1171606], [103.2029002, 13.1170444], [103.2028853, 13.1169822], [103.2028448, 13.1168578]]}}, {"type": "Feature", "properties": {"highway": "residential"}, "geometry": {"type": "LineString", "coordinates": [[103.2044448, 13.1167957], [103.2041477, 13.1167874], [103.2040966, 13.1167894], [103.2040817, 13.1168143], [103.2040689, 13.116862], [103.2040476, 13.1168972], [103.2039816, 13.1169325], [103.2038773, 13.1169491], [103.2037304, 13.1169657], [103.2036112, 13.1169947], [103.2034665, 13.117061], [103.2033302, 13.1171315], [103.2032004, 13.1172124], [103.2030726, 13.1172559], [103.2029193, 13.1172621]]}}, {"type": "Feature", "properties": {"highway": "residential"}, "geometry": {"type": "LineString", "coordinates": [[103.2057232, 13.1159009], [103.2057506, 13.1160232]]}}, {"type": "Feature", "properties": {"highway": "residential"}, "geometry": {"type": "LineString", "coordinates": [[103.2071082, 13.1157362], [103.2071314, 13.1158512], [103.2071449, 13.1159183], [103.2071725, 13.1159701], [103.2071811, 13.1160054], [103.2072394, 13.1162877]]}}, {"type": "Feature", "properties": {"highway": "residential"}, "geometry": {"type": "LineString", "coordinates": [[103.2048885, 13.1171295], [103.2050972, 13.1171212]]}}, {"type": "Feature", "properties": {"highway": "residential"}, "geometry": {"type": "LineString", "coordinates": [[103.2048613, 13.1160575], [103.2048587, 13.1162815], [103.2048375, 13.1163146], [103.2048162, 13.1163457], [103.2048076, 13.1163996], [103.2048885, 13.1171295], [103.2049513, 13.1176334], [103.2049749, 13.1177135]]}}, {"type": "Feature", "properties": {"highway": "residential"}, "geometry": {"type": "LineString", "coordinates": [[103.2047908, 13.1187296], [103.2052212, 13.1185219]]}}, {"type": "Feature", "properties": {"highway": "residential"}, "geometry": {"type": "LineString", "coordinates": [[103.2047269, 13.1185085], [103.2053462, 13.1181795]]}}, {"type": "Feature", "properties": {"highway": "residential"}, "geometry": {"type": "LineString", "coordinates": [[103.2045024, 13.117773], [103.2041499, 13.1179032], [103.2040149, 13.1179685], [103.2039826, 13.1179962], [103.2039627, 13.1180276], [103.2038982, 13.1181874], [103.2038764, 13.118216], [103.2038243, 13.118253]]}}, {"type": "Feature", "properties": {"highway": "residential"}, "geometry": {"type": "LineString", "coordinates": [[103.2046989, 13.1184115], [103.2042851, 13.118591]]}}, {"type": "Feature", "properties": {"highway": "residential"}, "geometry": {"type": "LineString", "coordinates": [[103.2046416, 13.1193914], [103.2049574, 13.1193066], [103.2053581, 13.1191751]]}}, {"type": "Feature", "properties": {"highway": "residential"}, "geometry": {"type": "LineString", "coordinates": [[103.2250264, 13.0822512], [103.2253236, 13.0824258], [103.2258201, 13.0828134]]}}, {"type": "Feature", "properties": {"highway": "residential"}, "geometry": {"type": "LineString", "coordinates": [[103.224795, 13.0823255], [103.2250264, 13.0822512], [103.2251043, 13.0822309], [103.2251788, 13.0821894], [103.2252278, 13.0821292], [103.2253129, 13.0820256]]}}, {"type": "Feature", "properties": {"highway": "residential"}, "geometry": {"type": "LineString", "coordinates": [[103.2250885, 13.0817106], [103.2253023, 13.0817643]]}}, {"type": "Feature", "properties": {"highway": "residential"}, "geometry": {"type": "LineString", "coordinates": [[103.2247309, 13.0818422], [103.2250885, 13.0817106], [103.22511453781767, 13.081692300844063]]}}, {"type": "Feature", "properties": {"highway": "residential"}, "geometry": {"type": "LineString", "coordinates": [[103.2197912, 13.0875386], [103.2200166, 13.0875324]]}}, {"type": "Feature", "properties": {"highway": "residential"}, "geometry": {"type": "LineString", "coordinates": [[103.2229408, 13.0863257], [103.2229578, 13.0863272], [103.2229967, 13.0863288], [103.2230271, 13.0863469]]}}, {"type": "Feature", "properties": {"highway": "residential"}, "geometry": {"type": "LineString", "coordinates": [[103.2230271, 13.0863469], [103.2230414, 13.086376], [103.2230575, 13.0864243], [103.2231752, 13.0867012], [103.2232113, 13.086783], [103.2232316, 13.0867995], [103.2232704, 13.0868225], [103.2235714, 13.0869069]]}}, {"type": "Feature", "properties": {"highway": "residential"}, "geometry": {"type": "LineString", "coordinates": [[103.2228337, 13.0859077], [103.2228598, 13.086184], [103.2229274, 13.0863156], [103.2229408, 13.0863257]]}}, {"type": "Feature", "properties": {"highway": "residential"}, "geometry": {"type": "LineString", "coordinates": [[103.2238759, 13.0869711], [103.2238525, 13.0869794], [103.2238185, 13.0869752], [103.2235714, 13.0869069]]}}, {"type": "Feature", "properties": {"highway": "residential"}, "geometry": {"type": "LineString", "coordinates": [[103.2240256, 13.0863397], [103.223976, 13.0867306], [103.223927, 13.0868985], [103.2238759, 13.0869711]]}}, {"type": "Feature", "properties": {"highway": "residential"}, "geometry": {"type": "LineString", "coordinates": [[103.223646, 13.0862488], [103.2240256, 13.0863397], [103.2241719, 13.0863656]]}}, {"type": "Feature", "properties": {"highway": "residential"}, "geometry": {"type": "LineString", "coordinates": [[103.2236521, 13.0856378], [103.223646, 13.0862488], [103.2236524, 13.0865004]]}}, {"type": "Feature", "properties": {"highway": "residential"}, "geometry": {"type": "LineString", "coordinates": [[103.22482806221565, 13.087454783879904], [103.2243957, 13.0874331], [103.2241408, 13.0873946], [103.2237394, 13.0873107], [103.2232914, 13.0871965]]}}, {"type": "Feature", "properties": {"highway": "residential"}, "geometry": {"type": "LineString", "coordinates": [[103.2110898, 13.0824951], [103.2112344, 13.0813545], [103.2113912, 13.0800593]]}}, {"type": "Feature", "properties": {"highway": "residential"}, "geometry": {"type": "LineString", "coordinates": [[103.1970072, 13.1275424], [103.1967286, 13.1275705], [103.196224, 13.1275809]]}}, {"type": "Feature", "properties": {"highway": "residential"}, "geometry": {"type": "LineString", "coordinates": [[103.1966697, 13.1252724], [103.1961202, 13.1253099], [103.1960418, 13.1253288], [103.1960124, 13.1253451], [103.1959848, 13.1253778], [103.1959714, 13.1254281]]}}, {"type": "Feature", "properties": {"highway": "residential"}, "geometry": {"type": "LineString", "coordinates": [[103.1949475, 13.1258141], [103.1951004, 13.1257931], [103.1955001, 13.1258114]]}}, {"type": "Feature", "properties": {"highway": "residential"}, "geometry": {"type": "LineString", "coordinates": [[103.1972891, 13.0819302], [103.1972704, 13.0826035]]}}, {"type": "Feature", "properties": {"highway": "residential"}, "geometry": {"type": "LineString", "coordinates": [[103.1961307, 13.0822121], [103.1964281, 13.0821836], [103.1964616, 13.082168], [103.196471, 13.0821353], [103.1964751, 13.0820661], [103.1964844, 13.0820413], [103.1965086, 13.0820164], [103.1965743, 13.0820047], [103.1967245, 13.0819968], [103.1967902, 13.0819642], [103.1972891, 13.0819302], [103.1974688, 13.0818949], [103.1975573, 13.0818571]]}}, {"type": "Feature", "properties": {"highway": "residential"}, "geometry": {"type": "LineString", "coordinates": [[103.1948456, 13.0828198], [103.1960302, 13.082812]]}}, {"type": "Feature", "properties": {"highway": "residential"}, "geometry": {"type": "LineString", "coordinates": [[103.1910852, 13.0820569], [103.1911549, 13.0819903], [103.1912085, 13.081959], [103.1913694, 13.0819341]]}}, {"type": "Feature", "properties": {"highway": "residential"}, "geometry": {"type": "LineString", "coordinates": [[103.1900861, 13.0823417], [103.1900566, 13.0827205], [103.1899224, 13.0837133], [103.1899077, 13.0837538], [103.1898835, 13.083793], [103.189808, 13.0839939]]}}, {"type": "Feature", "properties": {"highway": "residential"}, "geometry": {"type": "LineString", "coordinates": [[103.1910422, 13.0835487], [103.1908921, 13.0840981], [103.1908134, 13.0842065]]}}, {"type": "Feature", "properties": {"highway": "residential"}, "geometry": {"type": "LineString", "coordinates": [[103.1891379, 13.0854454], [103.1891405, 13.085211], [103.1891438, 13.0849164], [103.1891635, 13.0840464]]}}, {"type": "Feature", "properties": {"highway": "track"}, "geometry": {"type": "LineString", "coordinates": [[103.1998942, 13.1267599], [103.1998985, 13.1271911], [103.1998346, 13.1278172], [103.1997665, 13.1283728], [103.1997707, 13.1285428], [103.1999112, 13.129679], [103.1999435, 13.1301615]]}}, {"type": "Feature", "properties": {"highway": "residential"}, "geometry": {"type": "LineString", "coordinates": [[103.1979771, 13.1228684], [103.1979701, 13.1228558], [103.1979603, 13.1228453], [103.1979399, 13.1228385], [103.1979174, 13.1228349], [103.1978926, 13.1228401], [103.1975806, 13.1229168]]}}, {"type": "Feature", "properties": {"highway": "residential"}, "geometry": {"type": "LineString", "coordinates": [[103.1981216, 13.1235488], [103.1979771, 13.1228684]]}}, {"type": "Feature", "properties": {"highway": "residential"}, "geometry": {"type": "LineString", "coordinates": [[103.2068236, 13.1332212], [103.2070337, 13.1332325], [103.2071536, 13.1332667], [103.2072993, 13.1333964], [103.207449, 13.1335056], [103.2078578, 13.1336579], [103.2082613, 13.1338222], [103.2086699, 13.1339689], [103.2087853, 13.133992], [103.2088109, 13.1339951], [103.2088374, 13.1339925], [103.2088608, 13.1339794], [103.2088814, 13.1339575], [103.2089003, 13.1338622], [103.208912, 13.1336741], [103.2088652, 13.1327082], [103.2089033, 13.1326883], [103.2090057, 13.1326968], [103.2091081, 13.1327196], [103.2092485, 13.1327681], [103.2093805, 13.1327596], [103.2102469, 13.1328928], [103.2104534, 13.1329111], [103.2105714, 13.1328719], [103.2107189, 13.1328589], [103.2110274, 13.1329059], [103.2117811, 13.1329869], [103.2124295, 13.1331345], [103.21266, 13.1331869], [103.2132295, 13.1333195], [103.2133402, 13.1333195], [103.2137659, 13.1331827], [103.213892, 13.1331671], [103.2143109, 13.1330459], [103.2149121, 13.1327486]]}}, {"type": "Feature", "properties": {"highway": "residential"}, "geometry": {"type": "LineString", "coordinates": [[103.2120386, 13.1300062], [103.2113717, 13.13062], [103.2112196, 13.1307418], [103.2110202, 13.1307846], [103.2108918, 13.130801], [103.2107972, 13.1307911], [103.2107668, 13.1307319], [103.210662, 13.1305147], [103.2106214, 13.1304522], [103.2105775, 13.1304357], [103.2104896, 13.1304752], [103.2099489, 13.130903], [103.2098915, 13.1309524], [103.2098949, 13.1310281], [103.2099422, 13.1311301], [103.2102463, 13.1316501], [103.2102656, 13.1317749], [103.2102469, 13.1328928]]}}, {"type": "Feature", "properties": {"highway": "residential"}, "geometry": {"type": "LineString", "coordinates": [[103.2086691, 13.1279984], [103.2084147, 13.1277041], [103.2082982, 13.1275351], [103.2082679, 13.1275224], [103.2082197, 13.1275338], [103.2079517, 13.127632]]}}, {"type": "Feature", "properties": {"highway": "residential"}, "geometry": {"type": "LineString", "coordinates": [[103.1384571, 13.0893557], [103.1393364, 13.0894407], [103.1401986, 13.0895485], [103.1402667, 13.0895921], [103.1403029, 13.0896502], [103.1403007, 13.0897144], [103.140262, 13.0899498]]}}, {"type": "Feature", "properties": {"highway": "residential"}, "geometry": {"type": "LineString", "coordinates": [[103.1375795, 13.0897143], [103.1375877, 13.0889617]]}}, {"type": "Feature", "properties": {"highway": "residential"}, "geometry": {"type": "LineString", "coordinates": [[103.1703507, 13.1047698], [103.1711858, 13.1047437], [103.171774, 13.1047182], [103.1717759, 13.1052008]]}}, {"type": "Feature", "properties": {"highway": "residential"}, "geometry": {"type": "LineString", "coordinates": [[103.1711926, 13.0994924], [103.1712245, 13.1012945]]}}, {"type": "Feature", "properties": {"highway": "path"}, "geometry": {"type": "LineString", "coordinates": [[103.1719798, 13.0895863], [103.1716184, 13.0897504], [103.1716063, 13.089764], [103.1716015, 13.08978], [103.1715723, 13.0898831], [103.1715601, 13.0898972], [103.1715419, 13.0899028], [103.1712878, 13.0899573], [103.1712274, 13.0899743], [103.1711698, 13.0900095], [103.1711349, 13.0900618], [103.1711924, 13.0903356]]}}, {"type": "Feature", "properties": {"highway": "residential"}, "geometry": {"type": "LineString", "coordinates": [[103.1691212, 13.0884338], [103.1691555, 13.0885802], [103.1692087, 13.0887088], [103.1692257, 13.0888145], [103.1692236, 13.0888581], [103.1691959, 13.0889265], [103.1691895, 13.0889825]]}}, {"type": "Feature", "properties": {"highway": "residential"}, "geometry": {"type": "LineString", "coordinates": [[103.1680785, 13.0897784], [103.168973, 13.0898136], [103.1691313, 13.0898397], [103.1691822, 13.0898815], [103.1692412, 13.0899573]]}}, {"type": "Feature", "properties": {"highway": "residential"}, "geometry": {"type": "LineString", "coordinates": [[103.1699507, 13.0910193], [103.1699203, 13.0913485]]}}, {"type": "Feature", "properties": {"highway": "residential"}, "geometry": {"type": "LineString", "coordinates": [[103.1680906, 13.0908273], [103.1691152, 13.09089], [103.1699507, 13.0910193], [103.1703934, 13.0910456]]}}, {"type": "Feature", "properties": {"highway": "residential"}, "geometry": {"type": "LineString", "coordinates": [[103.1718855, 13.0936772], [103.1719367, 13.0936583], [103.1719851, 13.0934155], [103.1720028, 13.0933526]]}}, {"type": "Feature", "properties": {"highway": "residential"}, "geometry": {"type": "LineString", "coordinates": [[103.1720028, 13.0933526], [103.1720468, 13.0933244], [103.1728774, 13.093415]]}}, {"type": "Feature", "properties": {"highway": "residential"}, "geometry": {"type": "LineString", "coordinates": [[103.1645393, 13.0938421], [103.1653011, 13.0937219], [103.166315, 13.0935808], [103.1672376, 13.0935025], [103.168169, 13.0933778], [103.1689422, 13.0933914], [103.1692426, 13.0934632], [103.1699467, 13.0935338], [103.1704831, 13.0935704], [103.1715895, 13.0936566], [103.1717762, 13.0936814], [103.1718855, 13.0936772]]}}, {"type": "Feature", "properties": {"highway": "residential"}, "geometry": {"type": "LineString", "coordinates": [[103.1463343, 13.0887817], [103.146244, 13.0879953], [103.1462467, 13.0878882], [103.1462789, 13.0878255]]}}, {"type": "Feature", "properties": {"highway": "residential"}, "geometry": {"type": "LineString", "coordinates": [[103.1460538, 13.0888322], [103.1459329, 13.0877262]]}}, {"type": "Feature", "properties": {"highway": "residential"}, "geometry": {"type": "LineString", "coordinates": [[103.1512435, 13.0852932], [103.1511846, 13.0859758]]}}, {"type": "Feature", "properties": {"highway": "residential"}, "geometry": {"type": "LineString", "coordinates": [[103.1501316, 13.0849843], [103.149919, 13.0855777], [103.1499083, 13.0856357], [103.1499168, 13.0857933], [103.1499168, 13.0858576], [103.1498934, 13.085897], [103.149804, 13.0859198], [103.1495145, 13.0859074]]}}, {"type": "Feature", "properties": {"highway": "residential"}, "geometry": {"type": "LineString", "coordinates": [[103.1519785, 13.086237], [103.1520322, 13.0862945], [103.152692, 13.0864565], [103.1528476, 13.0864722]]}}, {"type": "Feature", "properties": {"highway": "residential"}, "geometry": {"type": "LineString", "coordinates": [[103.1519652, 13.0853608], [103.1519648, 13.08615], [103.1519785, 13.086237]]}}, {"type": "Feature", "properties": {"highway": "residential"}, "geometry": {"type": "LineString", "coordinates": [[103.1528476, 13.0864722], [103.15292, 13.0864487], [103.1530085, 13.0863598], [103.1531024, 13.0863076], [103.153207, 13.0862762], [103.1533304, 13.0862658], [103.1534484, 13.0862658], [103.1535369, 13.0862971], [103.1535919, 13.0863294]]}}, {"type": "Feature", "properties": {"highway": "residential"}, "geometry": {"type": "LineString", "coordinates": [[103.1571196, 13.0890186], [103.1571633, 13.0917678]]}}, {"type": "Feature", "properties": {"highway": "residential"}, "geometry": {"type": "LineString", "coordinates": [[103.1540793, 13.089149], [103.154379, 13.0932789], [103.1546855, 13.0977742], [103.1547826, 13.0998442]]}}, {"type": "Feature", "properties": {"highway": "residential"}, "geometry": {"type": "LineString", "coordinates": [[103.2132617, 13.1143818], [103.2133973, 13.1145438], [103.2134461, 13.1146165], [103.2134765, 13.1148036], [103.2134902, 13.1153052], [103.2134958, 13.1158738], [103.2135019, 13.1163149], [103.21349490174778, 13.116486400378452]]}}, {"type": "Feature", "properties": {"highway": "residential"}, "geometry": {"type": "LineString", "coordinates": [[103.1774702, 13.0734348], [103.1775876, 13.0734266], [103.1778114, 13.0734873], [103.1779562, 13.0735438], [103.1780833, 13.0736273], [103.1780984, 13.0737418], [103.1781463, 13.074303], [103.1781824, 13.0743379], [103.1782226, 13.0743379], [103.1782669, 13.0743039]]}}, {"type": "Feature", "properties": {"highway": "residential"}, "geometry": {"type": "LineString", "coordinates": [[103.1785828, 13.0729694], [103.1785592, 13.0730498], [103.1785459, 13.0732628], [103.1784671, 13.0733349], [103.1780833, 13.0736273]]}}, {"type": "Feature", "properties": {"highway": "residential"}, "geometry": {"type": "LineString", "coordinates": [[103.1815059, 13.0736992], [103.1812656, 13.073652], [103.1804119, 13.0735815], [103.1803564, 13.0735763]]}}, {"type": "Feature", "properties": {"highway": "residential"}, "geometry": {"type": "LineString", "coordinates": [[103.1795145, 13.0727408], [103.1794712, 13.0727402], [103.1792904, 13.0728135], [103.1792874, 13.0728147], [103.1791118, 13.0728238], [103.1789938, 13.0727794], [103.1789133, 13.0728278], [103.1786951, 13.0729481], [103.1785828, 13.0729694], [103.1784177, 13.0729859], [103.1783434, 13.072981]]}}, {"type": "Feature", "properties": {"highway": "residential"}, "geometry": {"type": "LineString", "coordinates": [[103.1783434, 13.072981], [103.1783028, 13.0729447], [103.1782335, 13.0726929], [103.1781153, 13.072321]]}}, {"type": "Feature", "properties": {"highway": "residential"}, "geometry": {"type": "LineString", "coordinates": [[103.1803564, 13.0735763], [103.1803094, 13.0735188], [103.1800291, 13.0731008], [103.1797582, 13.0730172], [103.1797045, 13.072978], [103.1795409, 13.0727611], [103.1795145, 13.0727408]]}}, {"type": "Feature", "properties": {"highway": "residential"}, "geometry": {"type": "LineString", "coordinates": [[103.1862221, 13.0931193], [103.187335, 13.0931662]]}}, {"type": "Feature", "properties": {"highway": "residential"}, "geometry": {"type": "LineString", "coordinates": [[103.1874084, 13.0926514], [103.1867816, 13.0925828], [103.1863135, 13.0925581], [103.1862505, 13.0925573], [103.1857476, 13.0924757], [103.18525, 13.0924409]]}}, {"type": "Feature", "properties": {"highway": "residential"}, "geometry": {"type": "LineString", "coordinates": [[103.186874, 13.0903842], [103.1866493, 13.0910413], [103.1866139, 13.0910702], [103.1865348, 13.0910702], [103.1865147, 13.0910807], [103.1864972, 13.0911146], [103.1864195, 13.0912779], [103.1863511, 13.0913289]]}}, {"type": "Feature", "properties": {"highway": "residential"}, "geometry": {"type": "LineString", "coordinates": [[103.182842, 13.0821127], [103.1825099, 13.0820712], [103.1823261, 13.0820544], [103.1820166, 13.0820386]]}}, {"type": "Feature", "properties": {"highway": "residential"}, "geometry": {"type": "LineString", "coordinates": [[103.1835811, 13.0804364], [103.1834982, 13.0805364], [103.183409, 13.0806905], [103.1833525, 13.0809291], [103.1833118, 13.0811071], [103.1832379, 13.0814304], [103.1831287, 13.0817021], [103.1830111, 13.0818756], [103.1829366, 13.0819576], [103.182876, 13.0820442], [103.182842, 13.0821127], [103.1828079, 13.0822143], [103.1827355, 13.0825792]]}}, {"type": "Feature", "properties": {"highway": "residential"}, "geometry": {"type": "LineString", "coordinates": [[103.1839846, 13.0830057], [103.185014, 13.0831699]]}}, {"type": "Feature", "properties": {"highway": "residential"}, "geometry": {"type": "LineString", "coordinates": [[103.1845715, 13.0813251], [103.1843435, 13.0817106], [103.1842563, 13.0818917], [103.1841643, 13.0820826], [103.1840972, 13.0823264], [103.1840222, 13.0827015], [103.1839846, 13.0830057], [103.1839475, 13.0834911]]}}, {"type": "Feature", "properties": {"highway": "residential"}, "geometry": {"type": "LineString", "coordinates": [[103.1853457, 13.084754], [103.1853205, 13.0847744], [103.1852895, 13.0847861], [103.1849545, 13.0848187], [103.1849254, 13.0848279]]}}, {"type": "Feature", "properties": {"highway": "residential"}, "geometry": {"type": "LineString", "coordinates": [[103.1849254, 13.0848279], [103.1849091, 13.0848581], [103.184898, 13.08532], [103.1848942, 13.0854781], [103.1848559, 13.0863843], [103.1846992, 13.088008]]}}, {"type": "Feature", "properties": {"highway": "residential"}, "geometry": {"type": "LineString", "coordinates": [[103.1866223, 13.0826625], [103.1865452, 13.0827679], [103.1864319, 13.0829384], [103.1861496, 13.0834743], [103.1859826, 13.0835427], [103.1858135, 13.0836033], [103.1856249, 13.0836914], [103.185546, 13.0837561], [103.1854797, 13.0838463], [103.1854485, 13.0839358], [103.1854316, 13.0841168], [103.1854722, 13.0842748], [103.1854755, 13.0843999], [103.1854384, 13.0846073], [103.1853457, 13.084754]]}}, {"type": "Feature", "properties": {"highway": "residential"}, "geometry": {"type": "LineString", "coordinates": [[103.1893213, 13.0816074], [103.1893517, 13.0815609], [103.1894108, 13.0815214], [103.1894249, 13.0815078], [103.1894311, 13.0814873], [103.1894351, 13.0814072], [103.1894196, 13.0812456], [103.1893672, 13.0811922], [103.1892908, 13.0811412], [103.1892425, 13.0810458], [103.1892022, 13.0809217], [103.1891802, 13.0806293], [103.1891781, 13.0803692]]}}, {"type": "Feature", "properties": {"highway": "residential"}, "geometry": {"type": "LineString", "coordinates": [[103.1893213, 13.0816074], [103.1891593, 13.0816041], [103.1889662, 13.0816076]]}}, {"type": "Feature", "properties": {"highway": "residential"}, "geometry": {"type": "LineString", "coordinates": [[103.1906761, 13.0825638], [103.1906976, 13.0824749], [103.1907821, 13.0821849]]}}, {"type": "Feature", "properties": {"highway": "residential"}, "geometry": {"type": "LineString", "coordinates": [[103.1887543, 13.0815449], [103.1889018, 13.0815553], [103.1889662, 13.0816076], [103.189091, 13.0818074], [103.1891768, 13.0818975], [103.1893158, 13.0820042], [103.1896368, 13.0822163], [103.1899881, 13.0823129], [103.1900861, 13.0823417], [103.1906976, 13.0824749]]}}, {"type": "Feature", "properties": {"highway": "track"}, "geometry": {"type": "LineString", "coordinates": [[103.1872249, 13.0846855], [103.1871879, 13.0856231], [103.1871182, 13.0857642], [103.1869572, 13.0858426], [103.1861924, 13.0859063], [103.1861141, 13.0859284], [103.1860777, 13.0859949], [103.1860914, 13.0861854], [103.1860959, 13.0863893], [103.186055, 13.0867572]]}}, {"type": "Feature", "properties": {"highway": "residential"}, "geometry": {"type": "LineString", "coordinates": [[103.1935501, 13.0558952], [103.1936507, 13.0563385]]}}, {"type": "Feature", "properties": {"highway": "residential"}, "geometry": {"type": "LineString", "coordinates": [[103.2129819, 13.1099993], [103.2130825, 13.1099262], [103.213763, 13.1093583], [103.2145928, 13.1086657]]}}, {"type": "Feature", "properties": {"highway": "residential"}, "geometry": {"type": "LineString", "coordinates": [[103.2108743, 13.1090198], [103.2118245, 13.1089921], [103.2120608, 13.1090102], [103.2122911, 13.1090278]]}}, {"type": "Feature", "properties": {"highway": "residential"}, "geometry": {"type": "LineString", "coordinates": [[103.2131567, 13.1086764], [103.2132122, 13.108869], [103.2132643, 13.1089064], [103.2133502, 13.1089299], [103.2134293, 13.1089417], [103.2134816, 13.1089757], [103.2135527, 13.1090632], [103.213763, 13.1093583]]}}, {"type": "Feature", "properties": {"highway": "residential"}, "geometry": {"type": "LineString", "coordinates": [[103.2119985, 13.10981], [103.2120222, 13.1095829], [103.2120608, 13.1090102]]}}, {"type": "Feature", "properties": {"highway": "service"}, "geometry": {"type": "LineString", "coordinates": [[103.2129819, 13.1099993], [103.2128755, 13.1096932], [103.2128451, 13.1096685], [103.2128135, 13.109657], [103.2120222, 13.1095829]]}}, {"type": "Feature", "properties": {"highway": "residential"}, "geometry": {"type": "LineString", "coordinates": [[103.2093, 13.1222694], [103.2092759, 13.1222837], [103.2088977, 13.122332], [103.2088736, 13.1223255]]}}, {"type": "Feature", "properties": {"highway": "residential"}, "geometry": {"type": "LineString", "coordinates": [[103.2088736, 13.1223255], [103.2088535, 13.1223072], [103.2087642, 13.1215785], [103.2085297, 13.1196431]]}}, {"type": "Feature", "properties": {"highway": "residential"}, "geometry": {"type": "LineString", "coordinates": [[103.2087642, 13.1215785], [103.2092215, 13.1215167]]}}, {"type": "Feature", "properties": {"highway": "residential"}, "geometry": {"type": "LineString", "coordinates": [[103.2089888, 13.1195309], [103.2092215, 13.1215167], [103.2093081, 13.1222485], [103.2093, 13.1222694]]}}, {"type": "Feature", "properties": {"highway": "residential"}, "geometry": {"type": "LineString", "coordinates": [[103.2124094, 13.1204519], [103.2119219, 13.1206786]]}}, {"type": "Feature", "properties": {"highway": "residential"}, "geometry": {"type": "LineString", "coordinates": [[103.2124249, 13.122319], [103.2124114, 13.1234501], [103.2124704, 13.1240587], [103.2124892, 13.1243956], [103.2124822, 13.1244482], [103.2124546, 13.1244834], [103.2123758, 13.1245166], [103.2119968, 13.124529], [103.2109409, 13.1243881], [103.2102614, 13.1243391], [103.2102022, 13.1243404], [103.2101277, 13.1243798], [103.2100723, 13.1244979], [103.2098339, 13.1251759], [103.209802, 13.1252837], [103.2097551, 13.1256818], [103.2097296, 13.1258704], [103.2096977, 13.1259119], [103.2096189, 13.1259534], [103.2094571, 13.125972], [103.2088887, 13.1259575], [103.2081457, 13.1260135], [103.2080166, 13.1259997]]}}, {"type": "Feature", "properties": {"highway": "residential"}, "geometry": {"type": "LineString", "coordinates": [[103.2137794, 13.1224216], [103.2125291, 13.1223166], [103.2124249, 13.122319], [103.2121624, 13.1223249], [103.2118963, 13.1223257], [103.2118406, 13.1223388]]}}, {"type": "Feature", "properties": {"highway": "residential"}, "geometry": {"type": "LineString", "coordinates": [[103.2118406, 13.1223388], [103.2118101, 13.122366], [103.2118008, 13.1224014], [103.2117949, 13.1227313], [103.2117628, 13.1227766], [103.211713, 13.122798]]}}, {"type": "Feature", "properties": {"highway": "residential"}, "geometry": {"type": "LineString", "coordinates": [[103.2086462, 13.1229173], [103.2086259, 13.1228959], [103.2086225, 13.1228646], [103.2086073, 13.1227412], [103.2085854, 13.1227132]]}}, {"type": "Feature", "properties": {"highway": "residential"}, "geometry": {"type": "LineString", "coordinates": [[103.2085854, 13.1227132], [103.2085465, 13.1226984], [103.2084772, 13.1226967], [103.2081348, 13.1227325], [103.2063229, 13.1229189]]}}, {"type": "Feature", "properties": {"highway": "residential"}, "geometry": {"type": "LineString", "coordinates": [[103.211713, 13.122798], [103.2116293, 13.1228012], [103.2114469, 13.1227848], [103.2113936, 13.1227848], [103.211359, 13.122793], [103.2113024, 13.1228226], [103.2112601, 13.1228366], [103.2112213, 13.1228391], [103.2109856, 13.1228506], [103.2101047, 13.1228597], [103.2087019, 13.122925], [103.2086462, 13.1229173]]}}, {"type": "Feature", "properties": {"highway": "residential"}, "geometry": {"type": "LineString", "coordinates": [[103.1947094, 13.0960239], [103.1949724, 13.0959767], [103.1955592, 13.0958714], [103.1956424, 13.0958565], [103.1964082, 13.0957189], [103.196773, 13.0956536], [103.1969932, 13.0956141], [103.1972272, 13.0955724], [103.1975303, 13.0955178], [103.1984222, 13.0953577], [103.1986678, 13.095373]]}}, {"type": "Feature", "properties": {"highway": "residential"}, "geometry": {"type": "LineString", "coordinates": [[103.1932345, 13.0910365], [103.1933472, 13.0923347], [103.1935338, 13.0934067], [103.1936541, 13.0941994], [103.1937476, 13.0946745]]}}, {"type": "Feature", "properties": {"highway": "residential"}, "geometry": {"type": "LineString", "coordinates": [[103.1959436, 13.0881313], [103.1957188, 13.0888357], [103.1953464, 13.0900043], [103.1952023, 13.0904564], [103.195024, 13.0909667], [103.1947432, 13.0918308], [103.1946203, 13.0921712], [103.1943375, 13.0928915], [103.1942796, 13.0931676], [103.1942894, 13.0935657], [103.1944088, 13.0943544], [103.1944425, 13.0945618]]}}, {"type": "Feature", "properties": {"highway": "residential"}, "geometry": {"type": "LineString", "coordinates": [[103.1852219, 13.0813298], [103.185123, 13.0815566], [103.185042, 13.0816596]]}}, {"type": "Feature", "properties": {"highway": "residential"}, "geometry": {"type": "LineString", "coordinates": [[103.1849304, 13.0815792], [103.1850136, 13.0814765], [103.1852219, 13.0813298]]}}, {"type": "Feature", "properties": {"highway": "service"}, "geometry": {"type": "LineString", "coordinates": [[103.1882399, 13.0776273], [103.1882618, 13.0776437], [103.188272, 13.0776766], [103.1884156, 13.0783712], [103.1884004, 13.0784058]]}}, {"type": "Feature", "properties": {"highway": "service"}, "geometry": {"type": "LineString", "coordinates": [[103.1873611, 13.0785199], [103.1874175, 13.0783457], [103.1876324, 13.0777046], [103.1876552, 13.077675]]}}, {"type": "Feature", "properties": {"highway": "service"}, "geometry": {"type": "LineString", "coordinates": [[103.1884004, 13.0784058], [103.188375, 13.0784222], [103.1874175, 13.0783457]]}}, {"type": "Feature", "properties": {"highway": "service"}, "geometry": {"type": "LineString", "coordinates": [[103.1876552, 13.077675], [103.1876941, 13.0776684], [103.1882399, 13.0776273]]}}, {"type": "Feature", "properties": {"highway": "service"}, "geometry": {"type": "LineString", "coordinates": [[103.189419, 13.0788825], [103.1894492, 13.0787956]]}}, {"type": "Feature", "properties": {"highway": "residential"}, "geometry": {"type": "LineString", "coordinates": [[103.1873473, 13.0808652], [103.1873665, 13.0817219]]}}, {"type": "Feature", "properties": {"highway": "residential"}, "geometry": {"type": "LineString", "coordinates": [[103.18553, 13.079082], [103.1860314, 13.0792655]]}}, {"type": "Feature", "properties": {"highway": "residential"}, "geometry": {"type": "LineString", "coordinates": [[103.1851308, 13.0800977], [103.18553, 13.079082], [103.1857932, 13.0784124]]}}, {"type": "Feature", "properties": {"highway": "service"}, "geometry": {"type": "LineString", "coordinates": [[103.1923016, 13.0934815], [103.1918865, 13.0934789], [103.1917544, 13.0934781], [103.1914334, 13.0934386], [103.1910955, 13.0933958], [103.1909721, 13.0933452]]}}, {"type": "Feature", "properties": {"highway": "service"}, "geometry": {"type": "LineString", "coordinates": [[103.1991911, 13.1302365], [103.1991827, 13.1309207], [103.1991613, 13.1309703], [103.1990942, 13.1310174], [103.1985927, 13.1311532], [103.1984425, 13.1311924], [103.1983754, 13.1312733], [103.1983727, 13.1313439]]}}, {"type": "Feature", "properties": {"highway": "residential"}, "geometry": {"type": "LineString", "coordinates": [[103.2017508, 13.1317614], [103.2026857, 13.1315372], [103.2028702, 13.1314935]]}}, {"type": "Feature", "properties": {"highway": "residential"}, "geometry": {"type": "LineString", "coordinates": [[103.2015686, 13.1330639], [103.2016101, 13.1330587], [103.2016303, 13.1330286], [103.2016504, 13.1329725], [103.2016799, 13.1329555], [103.201759, 13.1329464], [103.2019234, 13.1329377], [103.2021682, 13.1329498]]}}, {"type": "Feature", "properties": {"highway": "residential"}, "geometry": {"type": "LineString", "coordinates": [[103.2013084, 13.1303295], [103.2015512, 13.1309557], [103.2016804, 13.1314771], [103.2017508, 13.1317614], [103.2017607, 13.1318015], [103.2018283, 13.132203], [103.2018301, 13.1327257], [103.2018435, 13.1327583], [103.2018656, 13.1327784], [103.2019017, 13.1327888], [103.2019315, 13.1328095], [103.2019347, 13.1328432], [103.2019234, 13.1329377]]}}, {"type": "Feature", "properties": {"highway": "residential"}, "geometry": {"type": "LineString", "coordinates": [[103.21563, 13.1116421], [103.21563247770179, 13.112130555678306]]}}, {"type": "Feature", "properties": {"highway": "residential"}, "geometry": {"type": "LineString", "coordinates": [[103.2149265, 13.1136788], [103.21540148714172, 13.113683482444221]]}}, {"type": "Feature", "properties": {"highway": "residential"}, "geometry": {"type": "LineString", "coordinates": [[103.2183824, 13.1073926], [103.2181437, 13.1065029]]}}, {"type": "Feature", "properties": {"highway": "residential"}, "geometry": {"type": "LineString", "coordinates": [[103.2202459, 13.1042814], [103.2223046, 13.1039356], [103.2227715, 13.1038572], [103.2230136, 13.1038165], [103.2267309, 13.103178]]}}, {"type": "Feature", "properties": {"highway": "residential"}, "geometry": {"type": "LineString", "coordinates": [[103.22650553999586, 13.098643072718922], [103.2265062, 13.098491], [103.2265163, 13.0982803], [103.2266346, 13.0978294], [103.2266736, 13.0976202]]}}, {"type": "Feature", "properties": {"highway": "residential"}, "geometry": {"type": "LineString", "coordinates": [[103.2194703, 13.1013054], [103.220171, 13.1011569], [103.2203159, 13.1011804], [103.2204875, 13.1011935], [103.2213405, 13.1010472], [103.2220942, 13.1009348]]}}, {"type": "Feature", "properties": {"highway": "residential"}, "geometry": {"type": "LineString", "coordinates": [[103.2184735, 13.1008659], [103.2192393, 13.1007185], [103.2193031, 13.1007393], [103.2193335, 13.1008016], [103.2194703, 13.1013054], [103.2195024, 13.1014237], [103.2197861, 13.1025066]]}}, {"type": "Feature", "properties": {"highway": "service"}, "geometry": {"type": "LineString", "coordinates": [[103.1980356, 13.0876876], [103.197649, 13.0875791], [103.1971329, 13.0874343], [103.1972502, 13.0870254], [103.1977672, 13.0871812], [103.1981616, 13.0872889]]}}, {"type": "Feature", "properties": {"highway": "residential"}, "geometry": {"type": "LineString", "coordinates": [[103.1917312, 13.0883337], [103.1924423, 13.0884551]]}}, {"type": "Feature", "properties": {"highway": "service"}, "geometry": {"type": "LineString", "coordinates": [[103.2029003, 13.0955389], [103.2028641, 13.095194], [103.2028577, 13.0949863]]}}, {"type": "Feature", "properties": {"highway": "service"}, "geometry": {"type": "LineString", "coordinates": [[103.2088568, 13.1005567], [103.2090452, 13.1005018], [103.209252, 13.1004421]]}}, {"type": "Feature", "properties": {"highway": "residential"}, "geometry": {"type": "LineString", "coordinates": [[103.1914445, 13.0910652], [103.1915076, 13.0910728], [103.1915861, 13.0910846], [103.1916578, 13.0911114], [103.1917027, 13.0911545], [103.1917557, 13.0912244]]}}, {"type": "Feature", "properties": {"highway": "residential"}, "geometry": {"type": "LineString", "coordinates": [[103.2102522, 13.0982205], [103.2106063, 13.0981683]]}}, {"type": "Feature", "properties": {"highway": "residential"}, "geometry": {"type": "LineString", "coordinates": [[103.2096496, 13.0979191], [103.209671, 13.0981344], [103.2097576, 13.0986712]]}}, {"type": "Feature", "properties": {"highway": "residential"}, "geometry": {"type": "LineString", "coordinates": [[103.2090312, 13.0989651], [103.209178, 13.0989109], [103.2094678, 13.0987925], [103.2095602, 13.0987548], [103.2097576, 13.0986712], [103.2098754, 13.0986281], [103.2102469, 13.0985471], [103.2105647, 13.0985001], [103.2106076, 13.0984916], [103.2106237, 13.0984811], [103.2106479, 13.0984498], [103.2106505, 13.0983988], [103.2106264, 13.0982937], [103.2106063, 13.0981683], [103.2105787, 13.0979744], [103.2100685, 13.0980599], [103.209671, 13.0981344]]}}, {"type": "Feature", "properties": {"highway": "residential"}, "geometry": {"type": "LineString", "coordinates": [[103.2113822, 13.0963889], [103.2130868, 13.0961465], [103.2139798, 13.0960467]]}}, {"type": "Feature", "properties": {"highway": "residential"}, "geometry": {"type": "LineString", "coordinates": [[103.2114979, 13.0968804], [103.2131741, 13.0966338], [103.2139194, 13.096537]]}}, {"type": "Feature", "properties": {"highway": "residential"}, "geometry": {"type": "LineString", "coordinates": [[103.2122873, 13.0999437], [103.2127313, 13.0998516], [103.2130652, 13.0997913], [103.2130853, 13.0997952], [103.213098, 13.0998063], [103.2131094, 13.0998272], [103.2131229, 13.0998644]]}}, {"type": "Feature", "properties": {"highway": "residential"}, "geometry": {"type": "LineString", "coordinates": [[103.2135794, 13.0987136], [103.2136224, 13.0989011], [103.2136311, 13.0989501], [103.2136264, 13.0989683], [103.2136043, 13.098986], [103.2134615, 13.0990239], [103.2128862, 13.0991218], [103.2125831, 13.0991904], [103.2125797, 13.0992002], [103.2125784, 13.0992172], [103.2125837, 13.099259], [103.2126327, 13.0994562], [103.2127313, 13.0998516]]}}, {"type": "Feature", "properties": {"highway": "residential"}, "geometry": {"type": "LineString", "coordinates": [[103.2143016, 13.0989803], [103.2149025, 13.0988331]]}}, {"type": "Feature", "properties": {"highway": "residential"}, "geometry": {"type": "LineString", "coordinates": [[103.214412, 13.0994044], [103.2149997, 13.099259]]}}, {"type": "Feature", "properties": {"highway": "residential"}, "geometry": {"type": "LineString", "coordinates": [[103.2114566, 13.1023466], [103.2115866, 13.1018296], [103.2116174, 13.1015161], [103.2116309, 13.1014168], [103.2116383, 13.1013136], [103.2116369, 13.1012489], [103.211628, 13.1011786]]}}, {"type": "Feature", "properties": {"highway": "service"}, "geometry": {"type": "LineString", "coordinates": [[103.216029, 13.1021856], [103.2159801, 13.101746], [103.2159848, 13.101618], [103.2160029, 13.1015344], [103.216029, 13.1015017], [103.21608, 13.1014802], [103.2169028, 13.1013698], [103.2172917, 13.1012927], [103.2174338, 13.101247], [103.2176001, 13.1011726], [103.2177544, 13.101102], [103.2180923, 13.1010498], [103.2182345, 13.1010472], [103.2182962, 13.1010694], [103.2183444, 13.1011229], [103.218386, 13.1012418], [103.2184491, 13.1015474], [103.2184672, 13.1016846], [103.2184618, 13.1017342], [103.218447, 13.101761], [103.2184323, 13.1017832], [103.2184001, 13.1018035], [103.2183558, 13.1018198], [103.2180863, 13.1018629], [103.2180393, 13.1018603], [103.2179857, 13.1018413], [103.2179361, 13.1018217], [103.2178932, 13.1018172], [103.2178207, 13.10184], [103.2177785, 13.101872], [103.2177175, 13.1019151], [103.2176565, 13.1019373], [103.2167782, 13.1020836], [103.216029, 13.1021856]]}}, {"type": "Feature", "properties": {"highway": "track"}, "geometry": {"type": "LineString", "coordinates": [[103.2122746, 13.1055444], [103.2124295, 13.1055352], [103.2125267, 13.1055026], [103.2125971, 13.1054745], [103.2126696, 13.1054098], [103.2127125, 13.1053517], [103.2127279, 13.1053288], [103.212742, 13.1053119], [103.2127675, 13.105291], [103.2128104, 13.1052844], [103.2130907, 13.1052838], [103.2135011, 13.1052923], [103.2136793, 13.1052863]]}}, {"type": "Feature", "properties": {"highway": "residential"}, "geometry": {"type": "LineString", "coordinates": [[103.2135111, 13.1114364], [103.2137424, 13.1114541], [103.2139557, 13.1114704], [103.2141475, 13.1114782], [103.2142675, 13.1114671], [103.2144278, 13.1114358], [103.2146806, 13.1113927], [103.2148913, 13.1113678]]}}, {"type": "Feature", "properties": {"highway": "residential"}, "geometry": {"type": "LineString", "coordinates": [[103.2136922, 13.1153287], [103.2137257, 13.1149891], [103.2137417, 13.1148546]]}}, {"type": "Feature", "properties": {"highway": "residential"}, "geometry": {"type": "LineString", "coordinates": [[103.2134902, 13.1153052], [103.2136922, 13.1153287], [103.2141602, 13.1153731], [103.21447, 13.1153757], [103.2148683, 13.1153862]]}}, {"type": "Feature", "properties": {"highway": "residential"}, "geometry": {"type": "LineString", "coordinates": [[103.2144928, 13.1149023], [103.2145075, 13.1149996], [103.2144901, 13.1151746], [103.21447, 13.1153757]]}}, {"type": "Feature", "properties": {"highway": "residential"}, "geometry": {"type": "LineString", "coordinates": [[103.2134765, 13.1148036], [103.2137417, 13.1148546], [103.2137941, 13.1148624], [103.2144096, 13.1149029], [103.2144928, 13.1149023], [103.2145907, 13.1148977], [103.2146504, 13.1148814], [103.2147078, 13.114846]]}}, {"type": "Feature", "properties": {"highway": "residential"}, "geometry": {"type": "LineString", "coordinates": [[103.2094678, 13.0987925], [103.2094087, 13.0985079], [103.2093671, 13.0982898], [103.2093658, 13.098248], [103.2093681, 13.0982316], [103.2093765, 13.0982228], [103.2093932, 13.0982107], [103.2094677, 13.0981846], [103.209671, 13.0981344]]}}, {"type": "Feature", "properties": {"highway": "residential"}, "geometry": {"type": "LineString", "coordinates": [[103.2087793, 13.0986766], [103.2088938, 13.098645]]}}, {"type": "Feature", "properties": {"highway": "residential"}, "geometry": {"type": "LineString", "coordinates": [[103.2040494, 13.1085395], [103.2039993, 13.1082951], [103.2039799, 13.108197], [103.2039681, 13.1081809], [103.2039479, 13.1081649], [103.2039309, 13.1081531], [103.2039135, 13.1081489], [103.2038843, 13.1081515], [103.2038451, 13.108158], [103.2029316, 13.108309]]}}, {"type": "Feature", "properties": {"highway": "residential"}, "geometry": {"type": "LineString", "coordinates": [[103.2055991, 13.1085936], [103.2055486, 13.1082868]]}}, {"type": "Feature", "properties": {"highway": "residential"}, "geometry": {"type": "LineString", "coordinates": [[103.2051794, 13.1086518], [103.2055991, 13.1085936]]}}, {"type": "Feature", "properties": {"highway": "service"}, "geometry": {"type": "LineString", "coordinates": [[103.1965306, 13.0964048], [103.196677, 13.0963693], [103.1967272, 13.0963566], [103.1967889, 13.0963618], [103.1968479, 13.0963801], [103.1969082, 13.0963827], [103.1969652, 13.0963833], [103.1970001, 13.0963925], [103.1970209, 13.0964088], [103.197037, 13.0964402], [103.1970316, 13.0964898]]}}, {"type": "Feature", "properties": {"highway": "residential"}, "geometry": {"type": "LineString", "coordinates": [[103.196058, 13.0965068], [103.1961076, 13.0967053], [103.1961257, 13.096721], [103.1961525, 13.0967328], [103.1962062, 13.0967321], [103.1964954, 13.096674]]}}, {"type": "Feature", "properties": {"highway": "service"}, "geometry": {"type": "LineString", "coordinates": [[103.1960942, 13.095317], [103.1960493, 13.095085]]}}, {"type": "Feature", "properties": {"highway": "service"}, "geometry": {"type": "LineString", "coordinates": [[103.1955712, 13.0951183], [103.1956245, 13.0953436], [103.1956325, 13.0953697], [103.1956469, 13.0953824], [103.1956627, 13.0953864], [103.1957227, 13.0953815], [103.1958273, 13.0953638], [103.1960942, 13.095317], [103.1962488, 13.0952898]]}}, {"type": "Feature", "properties": {"highway": "service"}, "geometry": {"type": "LineString", "coordinates": [[103.1957737, 13.0951052], [103.1958273, 13.0953638]]}}, {"type": "Feature", "properties": {"highway": "service"}, "geometry": {"type": "LineString", "coordinates": [[103.1951545, 13.0929186], [103.1963023, 13.0932822]]}}, {"type": "Feature", "properties": {"highway": "residential"}, "geometry": {"type": "LineString", "coordinates": [[103.1970765, 13.0941303], [103.1972516, 13.0936017], [103.1974269, 13.0930381]]}}, {"type": "Feature", "properties": {"highway": "residential"}, "geometry": {"type": "LineString", "coordinates": [[103.1972571, 13.092337], [103.1980602, 13.0926011], [103.198083, 13.092622], [103.1980877, 13.0926527], [103.1980703, 13.092739], [103.1979878, 13.092948]]}}, {"type": "Feature", "properties": {"highway": "residential"}, "geometry": {"type": "LineString", "coordinates": [[103.197366, 13.091974], [103.1973539, 13.0920152], [103.1973428, 13.0920564], [103.1972745, 13.0922827], [103.1972571, 13.092337], [103.1971972, 13.0925515], [103.1971952, 13.0925904], [103.197212, 13.0926247], [103.1972489, 13.092654], [103.1973401, 13.0926939], [103.1979878, 13.092948], [103.1984748, 13.0931391]]}}, {"type": "Feature", "properties": {"highway": "service"}, "geometry": {"type": "LineString", "coordinates": [[103.2161793, 13.0879572], [103.216109, 13.0877294], [103.2160899, 13.0876556], [103.2160852, 13.0876353], [103.2160926, 13.0876151], [103.2162515, 13.0875602], [103.2162703, 13.0875602], [103.2162817, 13.0875664], [103.2162958, 13.087589], [103.2163197, 13.0876638], [103.2163862, 13.0878869]]}}, {"type": "Feature", "properties": {"highway": "service"}, "geometry": {"type": "LineString", "coordinates": [[103.2263451, 13.0844371], [103.2266104, 13.0843588]]}}, {"type": "Feature", "properties": {"highway": "service"}, "geometry": {"type": "LineString", "coordinates": [[103.2263909, 13.084674], [103.2263451, 13.0844371], [103.2263052, 13.0841947], [103.2263011, 13.0841642], [103.2263153, 13.0841418], [103.2264959, 13.0840923], [103.2265226, 13.0841037], [103.2265386, 13.08413], [103.2266104, 13.0843588], [103.2266815, 13.0845804]]}}, {"type": "Feature", "properties": {"highway": "residential"}, "geometry": {"type": "LineString", "coordinates": [[103.2130705, 13.0784838], [103.2132187, 13.0773268]]}}, {"type": "Feature", "properties": {"highway": "service"}, "geometry": {"type": "LineString", "coordinates": [[103.183649, 13.0803319], [103.1839853, 13.079814], [103.1842616, 13.0792431]]}}, {"type": "Feature", "properties": {"highway": "service"}, "geometry": {"type": "LineString", "coordinates": [[103.1934853, 13.0768258], [103.1938988, 13.0768669], [103.194171, 13.0769009], [103.19434, 13.0769152], [103.1944607, 13.0769205], [103.194608, 13.0768934]]}}, {"type": "Feature", "properties": {"highway": "service"}, "geometry": {"type": "LineString", "coordinates": [[103.1928647, 13.081188], [103.193758, 13.0812326], [103.193935, 13.0812588], [103.1939752, 13.0812836], [103.1940222, 13.0813345], [103.1940383, 13.0814573], [103.1940396, 13.0815527], [103.1940061, 13.0816481], [103.1939819, 13.0816964], [103.1939377, 13.0818035], [103.1938934, 13.0818989]]}}, {"type": "Feature", "properties": {"highway": "service"}, "geometry": {"type": "LineString", "coordinates": [[103.1927461, 13.0820086], [103.1934965, 13.082134]]}}, {"type": "Feature", "properties": {"highway": "service"}, "geometry": {"type": "LineString", "coordinates": [[103.1920627, 13.0817262], [103.192473, 13.0817702], [103.1927773, 13.0818028]]}}, {"type": "Feature", "properties": {"highway": "residential"}, "geometry": {"type": "LineString", "coordinates": [[103.1936767, 13.1039255], [103.1935469, 13.1039164], [103.1926972, 13.1043638]]}}, {"type": "Feature", "properties": {"highway": "service"}, "geometry": {"type": "LineString", "coordinates": [[103.1731787, 13.1079079], [103.1732319, 13.1073745], [103.1732512, 13.1070582], [103.1732612, 13.1070184], [103.1732894, 13.1069857], [103.1733209, 13.1069648], [103.1733906, 13.106957], [103.1734899, 13.1069622], [103.1735214, 13.10697], [103.1735328, 13.1069831], [103.1735435, 13.1070223], [103.1735153, 13.1073886], [103.1734775, 13.1079181]]}}, {"type": "Feature", "properties": {"highway": "residential"}, "geometry": {"type": "LineString", "coordinates": [[103.1713312, 13.1082982], [103.1729752, 13.1083582]]}}, {"type": "Feature", "properties": {"highway": "service"}, "geometry": {"type": "LineString", "coordinates": [[103.1640619, 13.1073763], [103.1641732, 13.1073528], [103.1642121, 13.1073247], [103.1642396, 13.1072901], [103.1642503, 13.1072398], [103.1642349, 13.1071359], [103.1642054, 13.1069426], [103.1641154, 13.1063634]]}}, {"type": "Feature", "properties": {"highway": "residential"}, "geometry": {"type": "LineString", "coordinates": [[103.156942, 13.1035342], [103.1584306, 13.1035002], [103.158794, 13.1034976], [103.1588558, 13.1034993], [103.1593533, 13.1035133], [103.1598052, 13.103508]]}}, {"type": "Feature", "properties": {"highway": "residential"}, "geometry": {"type": "LineString", "coordinates": [[103.1590622, 13.1070967], [103.159045, 13.1066666], [103.1590328, 13.1063934], [103.15901, 13.1058252], [103.1589603, 13.1051995], [103.1589282, 13.1045164], [103.1588718, 13.1036256], [103.1588558, 13.1034993]]}}, {"type": "Feature", "properties": {"highway": "service"}, "geometry": {"type": "LineString", "coordinates": [[103.1580859, 13.1078053], [103.1580698, 13.107235]]}}, {"type": "Feature", "properties": {"highway": "service"}, "geometry": {"type": "LineString", "coordinates": [[103.1809343, 13.1006696], [103.1811891, 13.1006684], [103.1812615, 13.1006789], [103.181334, 13.1007141], [103.1814748, 13.1008245], [103.1814922, 13.1008565], [103.1814956, 13.1009126], [103.1814741, 13.1011255], [103.1814614, 13.1013894], [103.1814547, 13.1015148], [103.1814882, 13.1016141], [103.1815043, 13.1016663], [103.1815056, 13.1017421], [103.181507, 13.1018779]]}}, {"type": "Feature", "properties": {"highway": "service"}, "geometry": {"type": "LineString", "coordinates": [[103.1869519, 13.1014782], [103.1877378, 13.1014978], [103.1880745, 13.1014719]]}}, {"type": "Feature", "properties": {"highway": "residential"}, "geometry": {"type": "LineString", "coordinates": [[103.1847557, 13.1064911], [103.184731, 13.1066716], [103.1846881, 13.1068453], [103.1846867, 13.1070047], [103.1846874, 13.1070393], [103.1846834, 13.1070595], [103.184666, 13.1070667], [103.1846244, 13.1070739], [103.184497, 13.1070837], [103.1844635, 13.1070954], [103.1844373, 13.1071105], [103.1843937, 13.1071137], [103.1842817, 13.1071229], [103.1840644, 13.1071667], [103.1836635, 13.107198]]}}, {"type": "Feature", "properties": {"highway": "residential"}, "geometry": {"type": "LineString", "coordinates": [[103.1878221, 13.1106659], [103.1875218, 13.110671], [103.187153, 13.1106528], [103.1865965, 13.1106266], [103.1861928, 13.1105783], [103.1859219, 13.1105626]]}}, {"type": "Feature", "properties": {"highway": "service"}, "geometry": {"type": "LineString", "coordinates": [[103.1879223, 13.1106508], [103.1881602, 13.1106149], [103.188466, 13.1106188], [103.1885169, 13.1106018], [103.1885599, 13.1105496], [103.1886001, 13.110385], [103.1886215, 13.1101525], [103.1886215, 13.1101042], [103.1886081, 13.1100794], [103.1885813, 13.1100637], [103.1885424, 13.1100532], [103.1883319, 13.1100363], [103.1879633, 13.1100183]]}}, {"type": "Feature", "properties": {"highway": "service"}, "geometry": {"type": "LineString", "coordinates": [[103.1876195, 13.1151799], [103.1874499, 13.1151803], [103.1873582, 13.1151805], [103.1870846, 13.1151439], [103.1869418, 13.1151302], [103.1865723, 13.1151367], [103.1862746, 13.1151837], [103.1861298, 13.1151903], [103.1860735, 13.1152066], [103.1860191, 13.1152464], [103.1860051, 13.1152758], [103.1860004, 13.1153163], [103.1860044, 13.1155344], [103.1859662, 13.1158923], [103.1859313, 13.116324], [103.1859078, 13.1164082], [103.1858421, 13.1165042], [103.1857643, 13.116659], [103.1857523, 13.1167387], [103.1857643, 13.1169486], [103.1857654, 13.1169683], [103.1857665, 13.1169881]]}}, {"type": "Feature", "properties": {"highway": "residential"}, "geometry": {"type": "LineString", "coordinates": [[103.1855357, 13.121713], [103.1854827, 13.1199707], [103.1854265, 13.1181042], [103.1853933, 13.1170028]]}}, {"type": "Feature", "properties": {"highway": "residential"}, "geometry": {"type": "LineString", "coordinates": [[103.19686, 13.1168177], [103.1968653, 13.1167511], [103.1968828, 13.1165565], [103.1968747, 13.1163397], [103.1968737, 13.1162087], [103.196876, 13.1161718], [103.1968864, 13.1161509], [103.1969096, 13.1161255], [103.1971852, 13.1160648]]}}, {"type": "Feature", "properties": {"highway": "service"}, "geometry": {"type": "LineString", "coordinates": [[103.1987496, 13.1177542], [103.1987214, 13.1174505], [103.1987033, 13.1173833], [103.1986751, 13.1173049], [103.1986228, 13.1171909]]}}, {"type": "Feature", "properties": {"highway": "service"}, "geometry": {"type": "LineString", "coordinates": [[103.2019842, 13.1160252], [103.2020862, 13.1160236], [103.2021305, 13.1160484], [103.2021546, 13.1160941], [103.2021935, 13.1162051], [103.2022391, 13.1162574], [103.2022887, 13.1162874], [103.2023625, 13.1163057], [103.2025006, 13.1162992], [103.202628, 13.1162704], [103.202675, 13.1162273], [103.2026897, 13.1161934], [103.2027031, 13.1161255], [103.2026522, 13.1158172]]}}, {"type": "Feature", "properties": {"highway": "service"}, "geometry": {"type": "LineString", "coordinates": [[103.2094047, 13.1117957], [103.2093286, 13.1115712]]}}, {"type": "Feature", "properties": {"highway": "service"}, "geometry": {"type": "LineString", "coordinates": [[103.2090599, 13.1118937], [103.2094047, 13.1117957], [103.2094633, 13.1119587], [103.2099225, 13.1118128], [103.2097854, 13.1114329]]}}, {"type": "Feature", "properties": {"highway": "residential"}, "geometry": {"type": "LineString", "coordinates": [[103.2077216, 13.1116755], [103.2077873, 13.1118596], [103.2078543, 13.1120503], [103.2079013, 13.1122254], [103.2079938, 13.1125166], [103.2080354, 13.1126485], [103.2081735, 13.1129999], [103.2081956, 13.1131122], [103.2082008, 13.1133786]]}}, {"type": "Feature", "properties": {"highway": "service"}, "geometry": {"type": "LineString", "coordinates": [[103.2101229, 13.1113199], [103.2097854, 13.1114329], [103.2093286, 13.1115712], [103.2090173, 13.1116585], [103.2084459, 13.1118358], [103.2078543, 13.1120503]]}}, {"type": "Feature", "properties": {"highway": "service"}, "geometry": {"type": "LineString", "coordinates": [[103.1881589, 13.0790263], [103.1882018, 13.0788682]]}}, {"type": "Feature", "properties": {"highway": "service"}, "geometry": {"type": "LineString", "coordinates": [[103.1881823, 13.0795952], [103.1879094, 13.0795312], [103.1878598, 13.0795122], [103.187829, 13.0794855], [103.1878102, 13.07946], [103.1878109, 13.0794306], [103.1878404, 13.079345], [103.1879047, 13.0791491], [103.1879248, 13.0791092], [103.1879691, 13.0790674], [103.1880174, 13.0790381], [103.1880978, 13.079023], [103.1881589, 13.0790263], [103.1882152, 13.0790446], [103.1882729, 13.0790799], [103.188289, 13.079106], [103.1882923, 13.0791713], [103.1882782, 13.0792784], [103.1881823, 13.0795952]]}}, {"type": "Feature", "properties": {"highway": "service"}, "geometry": {"type": "LineString", "coordinates": [[103.1880838, 13.0800283], [103.1881079, 13.0799329], [103.1881622, 13.0797264], [103.1881823, 13.0795952]]}}, {"type": "Feature", "properties": {"highway": "service"}, "geometry": {"type": "LineString", "coordinates": [[103.1889806, 13.0794124], [103.1889987, 13.0793967], [103.1890121, 13.0793641], [103.1890616, 13.079014]]}}, {"type": "Feature", "properties": {"highway": "service"}, "geometry": {"type": "LineString", "coordinates": [[103.1888539, 13.0794138], [103.1889235, 13.0789918]]}}, {"type": "Feature", "properties": {"highway": "service"}, "geometry": {"type": "LineString", "coordinates": [[103.1892605, 13.079046], [103.1890616, 13.079014], [103.1889235, 13.0789918], [103.1888013, 13.0789721], [103.1887644, 13.0789747], [103.1887496, 13.078991], [103.1887362, 13.0790243], [103.1886942, 13.079338], [103.1886949, 13.0793706], [103.188707, 13.0793889], [103.1887378, 13.0794052], [103.1888539, 13.0794138], [103.1889511, 13.0794209], [103.1889806, 13.0794124]]}}, {"type": "Feature", "properties": {"highway": "service"}, "geometry": {"type": "LineString", "coordinates": [[103.1892724, 13.0788681], [103.1892605, 13.079046], [103.1892331, 13.0794535], [103.1892063, 13.0797356], [103.1891929, 13.0797657], [103.1891674, 13.0797918], [103.1891164, 13.0797957], [103.1888268, 13.0797416], [103.1885504, 13.07969], [103.1885062, 13.0797147], [103.1884854, 13.0797924]]}}, {"type": "Feature", "properties": {"highway": "service"}, "geometry": {"type": "LineString", "coordinates": [[103.1873655, 13.0798479], [103.1879395, 13.0799968], [103.1880838, 13.0800283], [103.1884084, 13.0801288]]}}, {"type": "Feature", "properties": {"highway": "residential"}, "geometry": {"type": "LineString", "coordinates": [[103.1942318, 13.0856275], [103.1950051, 13.0857145]]}}, {"type": "Feature", "properties": {"highway": "residential"}, "geometry": {"type": "LineString", "coordinates": [[103.1950643, 13.0851835], [103.1950051, 13.0857145], [103.194941, 13.0862956]]}}, {"type": "Feature", "properties": {"highway": "residential"}, "geometry": {"type": "LineString", "coordinates": [[103.1964834, 13.084746], [103.1964205, 13.0852735], [103.1964039, 13.0853301], [103.1961923, 13.0859545], [103.1960074, 13.0865001], [103.1958372, 13.0869738], [103.1957684, 13.0872279]]}}, {"type": "Feature", "properties": {"highway": "residential"}, "geometry": {"type": "LineString", "coordinates": [[103.1941654, 13.0861472], [103.194941, 13.0862956], [103.1950477, 13.0863161], [103.1953533, 13.0863747], [103.1955079, 13.0864043], [103.1960074, 13.0865001]]}}, {"type": "Feature", "properties": {"highway": "residential"}, "geometry": {"type": "LineString", "coordinates": [[103.194104, 13.086628], [103.1952411, 13.0868533], [103.1958372, 13.0869738]]}}, {"type": "Feature", "properties": {"highway": "residential"}, "geometry": {"type": "LineString", "coordinates": [[103.1943732, 13.0845209], [103.1942992, 13.0850998], [103.1942318, 13.0856275], [103.1941654, 13.0861472], [103.194104, 13.086628], [103.1940714, 13.0868832]]}}, {"type": "Feature", "properties": {"highway": "residential"}, "geometry": {"type": "LineString", "coordinates": [[103.1785413, 13.1116611], [103.1785177, 13.1124095], [103.1784228, 13.1153893], [103.1784077, 13.1158626], [103.1783849, 13.1165774], [103.1783597, 13.1172611]]}}, {"type": "Feature", "properties": {"highway": "residential"}, "geometry": {"type": "LineString", "coordinates": [[103.1967577, 13.1395638], [103.1978114, 13.1395284]]}}, {"type": "Feature", "properties": {"highway": "residential"}, "geometry": {"type": "LineString", "coordinates": [[103.1967462, 13.1391149], [103.1977885, 13.1390922]]}}, {"type": "Feature", "properties": {"highway": "service"}, "geometry": {"type": "LineString", "coordinates": [[103.1993477, 13.1393288], [103.19905, 13.1393275], [103.1990218, 13.1393027], [103.1990111, 13.1392596], [103.1990084, 13.1390938], [103.1990138, 13.1388926]]}}, {"type": "Feature", "properties": {"highway": "service"}, "geometry": {"type": "LineString", "coordinates": [[103.1977885, 13.1390922], [103.1990084, 13.1390938]]}}, {"type": "Feature", "properties": {"highway": "residential"}, "geometry": {"type": "LineString", "coordinates": [[103.2015082, 13.1352541], [103.2019335, 13.1352018]]}}, {"type": "Feature", "properties": {"highway": "residential"}, "geometry": {"type": "LineString", "coordinates": [[103.203477, 13.1365445], [103.2031497, 13.1366254], [103.2030156, 13.1366777], [103.2029378, 13.1366515], [103.202911, 13.1365758], [103.2027796, 13.136056], [103.2027085, 13.1356603], [103.2027018, 13.1355949], [103.2026897, 13.1354892], [103.202685, 13.1354631], [103.202675, 13.1354474], [103.2026508, 13.135437], [103.2026099, 13.1354324], [103.2024349, 13.1354402], [103.2019201, 13.1354646]]}}, {"type": "Feature", "properties": {"highway": "service"}, "geometry": {"type": "LineString", "coordinates": [[103.1753335, 13.0881657], [103.1753486, 13.0883754], [103.1753667, 13.0884329], [103.175407, 13.0884995], [103.1754613, 13.0885609], [103.1755069, 13.088638], [103.175531, 13.0887503], [103.1755418, 13.0889423]]}}, {"type": "Feature", "properties": {"highway": "service"}, "geometry": {"type": "LineString", "coordinates": [[103.1722993, 13.0860175], [103.1729721, 13.0860302]]}}, {"type": "Feature", "properties": {"highway": "service"}, "geometry": {"type": "LineString", "coordinates": [[103.2012212, 13.0815357], [103.2014892, 13.0812812]]}}, {"type": "Feature", "properties": {"highway": "service"}, "geometry": {"type": "LineString", "coordinates": [[103.2013768, 13.0816889], [103.2012212, 13.0815357], [103.2009745, 13.0812927], [103.2009289, 13.0812392], [103.2009094, 13.0812144], [103.2009, 13.0811908], [103.2009014, 13.081168], [103.2009208, 13.0811314], [103.2010476, 13.0809969], [103.2011019, 13.0809466], [103.2011166, 13.0809361], [103.2011327, 13.0809361], [103.2011508, 13.0809384], [103.2011706, 13.0809492], [103.2012568, 13.0810393], [103.2014465, 13.0812326], [103.2014892, 13.0812812], [103.201644, 13.0814574]]}}, {"type": "Feature", "properties": {"highway": "service"}, "geometry": {"type": "LineString", "coordinates": [[103.2072065, 13.09082], [103.2072448, 13.0909252]]}}, {"type": "Feature", "properties": {"highway": "service"}, "geometry": {"type": "LineString", "coordinates": [[103.2071368, 13.0906401], [103.2071859, 13.0906274], [103.207227, 13.0906267], [103.2072667, 13.0906499], [103.2072861, 13.0906753], [103.2072961, 13.0907054], [103.2072958, 13.090737], [103.2072852, 13.0907669], [103.2072653, 13.0907919], [103.2072384, 13.0908095], [103.2072065, 13.09082]]}}, {"type": "Feature", "properties": {"highway": "service"}, "geometry": {"type": "LineString", "coordinates": [[103.2072065, 13.09082], [103.2071752, 13.0908302], [103.2071422, 13.0908349], [103.2071094, 13.0908285], [103.2070807, 13.0908118], [103.2070594, 13.0907867], [103.207048, 13.0907561], [103.2070477, 13.0907235], [103.2070641, 13.0906842], [103.2070964, 13.0906556], [103.2071368, 13.0906401]]}}, {"type": "Feature", "properties": {"highway": "residential"}, "geometry": {"type": "LineString", "coordinates": [[103.1706484, 13.0782257], [103.1703807, 13.0799516]]}}, {"type": "Feature", "properties": {"highway": "residential"}, "geometry": {"type": "LineString", "coordinates": [[103.1707245, 13.0800217], [103.1705314, 13.081038], [103.1703073, 13.0825485]]}}, {"type": "Feature", "properties": {"highway": "residential"}, "geometry": {"type": "LineString", "coordinates": [[103.1711799, 13.080087], [103.1710008, 13.0811112], [103.1707841, 13.082603]]}}, {"type": "Feature", "properties": {"highway": "residential"}, "geometry": {"type": "LineString", "coordinates": [[103.169437, 13.0798414], [103.1698769, 13.079878], [103.1703807, 13.0799516], [103.1705421, 13.0800061], [103.1707245, 13.0800217], [103.1711799, 13.080087], [103.171387, 13.0801184], [103.1715801, 13.0801602], [103.1716284, 13.0802046], [103.1716526, 13.0803718], [103.1715109, 13.0811865], [103.1712554, 13.0826569]]}}, {"type": "Feature", "properties": {"highway": "residential"}, "geometry": {"type": "LineString", "coordinates": [[103.1705314, 13.081038], [103.1710008, 13.0811112], [103.1715109, 13.0811865]]}}, {"type": "Feature", "properties": {"highway": "residential"}, "geometry": {"type": "LineString", "coordinates": [[103.1478935, 13.058792], [103.1479338, 13.0585385], [103.1479914, 13.0583047], [103.1480733, 13.0580917], [103.1481175, 13.0580081], [103.1481738, 13.0579572], [103.1482476, 13.057918], [103.1483929, 13.0578514]]}}, {"type": "Feature", "properties": {"highway": "residential"}, "geometry": {"type": "LineString", "coordinates": [[103.2069438, 13.1079582], [103.2070443, 13.1080222], [103.2072025, 13.1080992], [103.2071771, 13.1081802], [103.2071435, 13.1082377], [103.2070711, 13.1083709], [103.2070095, 13.1084858], [103.2069638, 13.1085551]]}}, {"type": "Feature", "properties": {"highway": "residential"}, "geometry": {"type": "LineString", "coordinates": [[103.1728744, 13.082039], [103.1732833, 13.0793842], [103.1734429, 13.0784441]]}}, {"type": "Feature", "properties": {"highway": "service"}, "geometry": {"type": "LineString", "coordinates": [[103.2040217, 13.1033957], [103.2040519, 13.1036532], [103.2040519, 13.1037038], [103.204042, 13.1037411], [103.2040048, 13.1037629]]}}, {"type": "Feature", "properties": {"highway": "service"}, "geometry": {"type": "LineString", "coordinates": [[103.2036969, 13.1034214], [103.2040217, 13.1033957], [103.2043714, 13.103368], [103.204586, 13.103351]]}}, {"type": "Feature", "properties": {"highway": "service"}, "geometry": {"type": "LineString", "coordinates": [[103.20285, 13.1016974], [103.2028247, 13.1015751], [103.2028173, 13.1015317], [103.2028334, 13.1015149], [103.2029038, 13.1015028], [103.2029795, 13.1014873], [103.2032092, 13.1014402], [103.2036407, 13.10138], [103.2037063, 13.1013707], [103.203705, 13.1013484], [103.2037076, 13.1011684]]}}, {"type": "Feature", "properties": {"highway": "service"}, "geometry": {"type": "LineString", "coordinates": [[103.2032092, 13.1014402], [103.2031568, 13.1011117]]}}, {"type": "Feature", "properties": {"highway": "service"}, "geometry": {"type": "LineString", "coordinates": [[103.2016881, 13.092382], [103.201712, 13.0922978], [103.2017308, 13.0922405]]}}, {"type": "Feature", "properties": {"highway": "service"}, "geometry": {"type": "LineString", "coordinates": [[103.2007859, 13.09277], [103.2008652, 13.0927935]]}}, {"type": "Feature", "properties": {"highway": "service"}, "geometry": {"type": "LineString", "coordinates": [[103.1995109, 13.090382], [103.1994756, 13.0903708], [103.1993264, 13.0903234]]}}, {"type": "Feature", "properties": {"highway": "service"}, "geometry": {"type": "LineString", "coordinates": [[103.1988153, 13.0911773], [103.1988385, 13.0910661], [103.1990179, 13.0905509], [103.1990361, 13.0904899], [103.199108, 13.090263]]}}, {"type": "Feature", "properties": {"highway": "service"}, "geometry": {"type": "LineString", "coordinates": [[103.1992086, 13.0912922], [103.199168, 13.0912802], [103.1991519, 13.0912752]]}}, {"type": "Feature", "properties": {"highway": "residential"}, "geometry": {"type": "LineString", "coordinates": [[103.2006802, 13.0669896], [103.200598, 13.0670771], [103.2005677, 13.0671177], [103.2005323, 13.0671842], [103.2004906, 13.067407], [103.2004767, 13.0675646], [103.2004868, 13.0676286], [103.2005032, 13.0676742], [103.2005879, 13.0677825], [103.2007067, 13.067902], [103.20078, 13.0680312], [103.2008306, 13.0681568], [103.2008698, 13.0683723], [103.2008811, 13.0686308], [103.2008837, 13.0688697]]}}, {"type": "Feature", "properties": {"highway": "residential"}, "geometry": {"type": "LineString", "coordinates": [[103.1968375, 13.0644937], [103.196856, 13.0644762], [103.1969111, 13.0641474], [103.1969277, 13.0640011], [103.1969889, 13.063756], [103.1970885, 13.0635477], [103.1971725, 13.0633285]]}}, {"type": "Feature", "properties": {"highway": "residential"}, "geometry": {"type": "LineString", "coordinates": [[103.1856982, 13.0715738], [103.1857191, 13.0711127], [103.1857328, 13.0708117], [103.1857489, 13.070772], [103.1857835, 13.0707587], [103.1858812, 13.0707611], [103.1864462, 13.0707611], [103.1868789, 13.0707732], [103.1869067, 13.0707834], [103.1869179, 13.0708021], [103.186924, 13.0708219], [103.1869135, 13.0713103]]}}, {"type": "Feature", "properties": {"highway": "residential"}, "geometry": {"type": "LineString", "coordinates": [[103.1828513, 13.0714918], [103.1840688, 13.0715559], [103.1852902, 13.0715752], [103.1856982, 13.0715738], [103.18599, 13.0715728], [103.1862744, 13.07158], [103.1867602, 13.0715993], [103.1870335, 13.0716101]]}}, {"type": "Feature", "properties": {"highway": "service"}, "geometry": {"type": "LineString", "coordinates": [[103.1807999, 13.0848037], [103.1811462, 13.0847717], [103.1811879, 13.0847643], [103.1812195, 13.0847335], [103.1812309, 13.0846966], [103.1812448, 13.084603], [103.1812562, 13.0845525], [103.1812751, 13.0844048], [103.1812777, 13.0842546], [103.1812903, 13.0841364], [103.1813257, 13.0840822], [103.1813586, 13.0840527], [103.1814685, 13.0840502], [103.1817226, 13.0840761], [103.1819741, 13.0840785], [103.1820209, 13.0840933], [103.1820739, 13.0841241], [103.1822319, 13.0844109], [103.1823482, 13.0846301], [103.1823659, 13.0847249], [103.1823937, 13.0852136], [103.1824076, 13.0856691], [103.1823836, 13.0856876], [103.182352, 13.085695], [103.1820727, 13.0857098], [103.1815949, 13.0857147]]}}, {"type": "Feature", "properties": {"highway": "unclassified"}, "geometry": {"type": "LineString", "coordinates": [[103.17553, 13.0863539], [103.1766768, 13.0863386], [103.1781357, 13.0863192]]}}, {"type": "Feature", "properties": {"highway": "service"}, "geometry": {"type": "LineString", "coordinates": [[103.1781352, 13.085759], [103.1794819, 13.0857617], [103.179689, 13.0857643], [103.1807923, 13.0857787]]}}, {"type": "Feature", "properties": {"highway": "service"}, "geometry": {"type": "LineString", "coordinates": [[103.179467, 13.0875634], [103.1807618, 13.0875393], [103.1817089, 13.087509], [103.181712, 13.0877668]]}}, {"type": "Feature", "properties": {"highway": "service"}, "geometry": {"type": "LineString", "coordinates": [[103.167415, 13.0726673], [103.1679439, 13.0727488]]}}, {"type": "Feature", "properties": {"highway": "service"}, "geometry": {"type": "LineString", "coordinates": [[103.1669681, 13.0718329], [103.1668785, 13.0722922], [103.166881, 13.0723378], [103.1668987, 13.0723686], [103.1669392, 13.0723834], [103.1674366, 13.0724279]]}}, {"type": "Feature", "properties": {"highway": "service"}, "geometry": {"type": "LineString", "coordinates": [[103.1667368, 13.0718189], [103.1669681, 13.0718329], [103.1671691, 13.071857], [103.1674953, 13.0718908], [103.1680395, 13.0719834]]}}, {"type": "Feature", "properties": {"highway": "service"}, "geometry": {"type": "LineString", "coordinates": [[103.1670434, 13.0728691], [103.1673973, 13.0728862], [103.1679225, 13.0729019]]}}, {"type": "Feature", "properties": {"highway": "service"}, "geometry": {"type": "LineString", "coordinates": [[103.1678619, 13.0716225], [103.1678, 13.0717464], [103.1679454, 13.0718136], [103.1680235, 13.0718692], [103.1680371, 13.0718891], [103.1680421, 13.071909], [103.1680395, 13.0719834], [103.1679871, 13.0724117], [103.1679439, 13.0727488], [103.1679389, 13.0727826], [103.1679225, 13.0729019], [103.1678726, 13.0732547]]}}, {"type": "Feature", "properties": {"highway": "service"}, "geometry": {"type": "LineString", "coordinates": [[103.1918845, 13.0852652], [103.1918348, 13.0855134]]}}, {"type": "Feature", "properties": {"highway": "service"}, "geometry": {"type": "LineString", "coordinates": [[103.1921168, 13.0852835], [103.1919046, 13.0852743], [103.1918845, 13.0852652], [103.1918576, 13.0852286], [103.1918442, 13.0851698], [103.1918417, 13.0851567], [103.1918275, 13.0851409], [103.1918147, 13.0851339], [103.1917973, 13.0851306], [103.1915794, 13.0851052], [103.1915344, 13.0850739], [103.1915585, 13.0845421]]}}, {"type": "Feature", "properties": {"highway": "residential"}, "geometry": {"type": "LineString", "coordinates": [[103.215463, 13.1094478], [103.2155771, 13.110043]]}}, {"type": "Feature", "properties": {"highway": "residential"}, "geometry": {"type": "LineString", "coordinates": [[103.2149576, 13.1101517], [103.2152948, 13.1100944], [103.2155771, 13.110043], [103.215786, 13.1100072], [103.2160329, 13.1099649], [103.2162416, 13.1099292], [103.2164604, 13.1098853], [103.2167078, 13.1098357], [103.2168926, 13.1097987], [103.2172531, 13.1097266]]}}, {"type": "Feature", "properties": {"highway": "service"}, "geometry": {"type": "LineString", "coordinates": [[103.1931838, 13.1437916], [103.1931756, 13.143535], [103.1931661, 13.1430419], [103.1931637, 13.1429409], [103.1931591, 13.1427452]]}}, {"type": "Feature", "properties": {"highway": "service"}, "geometry": {"type": "LineString", "coordinates": [[103.1921346, 13.1430732], [103.1931661, 13.1430419], [103.1942077, 13.143006]]}}, {"type": "Feature", "properties": {"highway": "service"}, "geometry": {"type": "LineString", "coordinates": [[103.1942337, 13.1429088], [103.1931637, 13.1429409], [103.1921325, 13.1429676]]}}, {"type": "Feature", "properties": {"highway": "residential"}, "geometry": {"type": "LineString", "coordinates": [[103.1913072, 13.1426036], [103.1920172, 13.1425703], [103.1920789, 13.1425742], [103.1921031, 13.1425912], [103.1921218, 13.142633], [103.1921272, 13.1427087], [103.1921325, 13.1429676], [103.1921346, 13.1430732], [103.1921444, 13.1435535]]}}, {"type": "Feature", "properties": {"highway": "residential"}, "geometry": {"type": "LineString", "coordinates": [[103.16979303403068, 13.155222955014455], [103.1697951, 13.1552236], [103.1698206, 13.1552589], [103.1698568, 13.1552915], [103.1699252, 13.1552967], [103.1706843, 13.1552654], [103.1751662, 13.1550447], [103.1799298, 13.1548096], [103.1833405, 13.1546585], [103.1838037, 13.154638], [103.1840974, 13.1546286], [103.1844009, 13.154619], [103.1846452, 13.1546007], [103.1853267, 13.1545671], [103.1854499, 13.1545611], [103.185567, 13.1545553], [103.1862264, 13.1545228], [103.1871321, 13.1544782], [103.1880591, 13.1544325], [103.18841038947532, 13.154415211853172]]}}, {"type": "Feature", "properties": {"highway": "residential"}, "geometry": {"type": "LineString", "coordinates": [[103.1706678, 13.0995034], [103.17067, 13.0991542], [103.1706728, 13.0987196], [103.1706731, 13.0986682]]}}, {"type": "Feature", "properties": {"highway": "residential"}, "geometry": {"type": "LineString", "coordinates": [[103.1810234, 13.1030463], [103.181035, 13.1039021]]}}, {"type": "Feature", "properties": {"highway": "residential"}, "geometry": {"type": "LineString", "coordinates": [[103.1801429, 13.102467], [103.1810095, 13.1024469]]}}, {"type": "Feature", "properties": {"highway": "residential"}, "geometry": {"type": "LineString", "coordinates": [[103.179758, 13.1030365], [103.1797582, 13.1021757], [103.1797543, 13.1020951], [103.1797847, 13.1020655], [103.1798523, 13.1020523], [103.180251, 13.1020227], [103.1809872, 13.1020158]]}}, {"type": "Feature", "properties": {"highway": "residential"}, "geometry": {"type": "LineString", "coordinates": [[103.1765084, 13.1035748], [103.1764797, 13.1037112], [103.1764594, 13.1039317], [103.1764763, 13.1042279], [103.176484, 13.1048813]]}}, {"type": "Feature", "properties": {"highway": "residential"}, "geometry": {"type": "LineString", "coordinates": [[103.1765416, 13.1033688], [103.1769832, 13.1034084], [103.1777402, 13.1034117], [103.1781023, 13.1034149]]}}, {"type": "Feature", "properties": {"highway": "footway"}, "geometry": {"type": "LineString", "coordinates": [[103.1987817, 13.1075076], [103.198776, 13.1075131], [103.1987725, 13.1075201], [103.1987715, 13.1075279], [103.1987723, 13.1075312], [103.1987732, 13.1075355], [103.1987773, 13.1075421], [103.1987834, 13.1075472], [103.1987908, 13.10755], [103.1987988, 13.1075503], [103.1988064, 13.1075481], [103.1988129, 13.1075436], [103.1988175, 13.1075373], [103.1988198, 13.1075299], [103.1988195, 13.1075221], [103.1988167, 13.1075148], [103.1988115, 13.1075089], [103.1988047, 13.1075049], [103.1987968, 13.1075033], [103.1987889, 13.1075042], [103.1987817, 13.1075076]]}}, {"type": "Feature", "properties": {"highway": "footway"}, "geometry": {"type": "LineString", "coordinates": [[103.1990444, 13.1074663], [103.1990387, 13.1074718], [103.1990352, 13.1074788], [103.1990342, 13.1074866], [103.1990349, 13.1074896], [103.1990359, 13.1074942], [103.19904, 13.1075008], [103.199046, 13.1075059], [103.1990535, 13.1075087], [103.1990614, 13.107509], [103.1990691, 13.1075068], [103.1990756, 13.1075023], [103.1990802, 13.107496], [103.1990825, 13.1074886], [103.1990822, 13.1074808], [103.1990793, 13.1074735], [103.1990742, 13.1074676], [103.1990673, 13.1074636], [103.1990595, 13.107462], [103.1990516, 13.1074629], [103.1990444, 13.1074663]]}}, {"type": "Feature", "properties": {"highway": "footway"}, "geometry": {"type": "LineString", "coordinates": [[103.1992912, 13.1074194], [103.1992856, 13.1074249], [103.1992821, 13.1074319], [103.1992811, 13.1074397], [103.199282, 13.107444], [103.1992827, 13.1074473], [103.1992868, 13.107454], [103.1992929, 13.107459], [103.1993003, 13.1074618], [103.1993083, 13.1074621], [103.1993159, 13.1074599], [103.1993224, 13.1074554], [103.1993271, 13.1074491], [103.1993294, 13.1074417], [103.1993291, 13.1074339], [103.1993262, 13.1074267], [103.1993211, 13.1074207], [103.1993142, 13.1074167], [103.1993064, 13.1074151], [103.1992984, 13.107416], [103.1992912, 13.1074194]]}}, {"type": "Feature", "properties": {"highway": "footway"}, "geometry": {"type": "LineString", "coordinates": [[103.1988195, 13.1075221], [103.1990349, 13.1074896]]}}, {"type": "Feature", "properties": {"highway": "footway"}, "geometry": {"type": "LineString", "coordinates": [[103.1990822, 13.1074808], [103.199282, 13.107444]]}}, {"type": "Feature", "properties": {"highway": "footway"}, "geometry": {"type": "LineString", "coordinates": [[103.1994594, 13.1074978], [103.1993186, 13.1075212], [103.1990717, 13.1075621], [103.1988115, 13.1076058], [103.1986756, 13.1076284], [103.1986917, 13.1075461], [103.1986501, 13.107471], [103.1987757, 13.1074489], [103.1990395, 13.1074023], [103.1992887, 13.1073583], [103.1994232, 13.1073345], [103.1994132, 13.1074201], [103.1994594, 13.1074978]]}}, {"type": "Feature", "properties": {"highway": "footway"}, "geometry": {"type": "LineString", "coordinates": [[103.1993291, 13.1074339], [103.1994132, 13.1074201]]}}, {"type": "Feature", "properties": {"highway": "footway"}, "geometry": {"type": "LineString", "coordinates": [[103.1986917, 13.1075461], [103.1987723, 13.1075312]]}}, {"type": "Feature", "properties": {"highway": "footway"}, "geometry": {"type": "LineString", "coordinates": [[103.1987889, 13.1075042], [103.1987757, 13.1074489]]}}, {"type": "Feature", "properties": {"highway": "footway"}, "geometry": {"type": "LineString", "coordinates": [[103.1987988, 13.1075503], [103.1988115, 13.1076058]]}}, {"type": "Feature", "properties": {"highway": "footway"}, "geometry": {"type": "LineString", "coordinates": [[103.1990614, 13.107509], [103.1990717, 13.1075621]]}}, {"type": "Feature", "properties": {"highway": "footway"}, "geometry": {"type": "LineString", "coordinates": [[103.1990516, 13.1074629], [103.1990395, 13.1074023]]}}, {"type": "Feature", "properties": {"highway": "footway"}, "geometry": {"type": "LineString", "coordinates": [[103.1993083, 13.1074621], [103.1993186, 13.1075212]]}}, {"type": "Feature", "properties": {"highway": "footway"}, "geometry": {"type": "LineString", "coordinates": [[103.1992984, 13.107416], [103.1992887, 13.1073583]]}}, {"type": "Feature", "properties": {"highway": "footway"}, "geometry": {"type": "LineString", "coordinates": [[103.1994232, 13.1073345], [103.19942, 13.1073047]]}}, {"type": "Feature", "properties": {"highway": "footway"}, "geometry": {"type": "LineString", "coordinates": [[103.1994594, 13.1074978], [103.1994696, 13.1075609]]}}, {"type": "Feature", "properties": {"highway": "footway"}, "geometry": {"type": "LineString", "coordinates": [[103.1986756, 13.1076284], [103.1986875, 13.1076921]]}}, {"type": "Feature", "properties": {"highway": "footway"}, "geometry": {"type": "LineString", "coordinates": [[103.1986501, 13.107471], [103.1986433, 13.1074371]]}}, {"type": "Feature", "properties": {"highway": "tertiary"}, "geometry": {"type": "LineString", "coordinates": [[103.2007741, 13.1063707], [103.2006556, 13.1061796], [103.2005957, 13.1060754]]}}, {"type": "Feature", "properties": {"highway": "tertiary"}, "geometry": {"type": "LineString", "coordinates": [[103.2010407, 13.1068006], [103.2007741, 13.1063707]]}}, {"type": "Feature", "properties": {"highway": "tertiary"}, "geometry": {"type": "LineString", "coordinates": [[103.2005046, 13.1058488], [103.2004049, 13.1055238], [103.2003365, 13.1053161]]}}, {"type": "Feature", "properties": {"highway": "tertiary"}, "geometry": {"type": "LineString", "coordinates": [[103.2001758, 13.1048154], [103.2000956, 13.1045483], [103.2000175, 13.104288], [103.1998605, 13.1035354], [103.199845, 13.103449]]}}, {"type": "Feature", "properties": {"highway": "tertiary"}, "geometry": {"type": "LineString", "coordinates": [[103.2003365, 13.1053161], [103.2002407, 13.1050317], [103.2001758, 13.1048154]]}}, {"type": "Feature", "properties": {"highway": "tertiary"}, "geometry": {"type": "LineString", "coordinates": [[103.1997811, 13.1030846], [103.1997064, 13.1026582]]}}, {"type": "Feature", "properties": {"highway": "tertiary"}, "geometry": {"type": "LineString", "coordinates": [[103.199845, 13.103449], [103.1997811, 13.1030846]]}}, {"type": "Feature", "properties": {"highway": "tertiary"}, "geometry": {"type": "LineString", "coordinates": [[103.1996397, 13.1022779], [103.1996271, 13.102206], [103.199557, 13.1018285], [103.1995308, 13.1016623], [103.1994121, 13.1009922], [103.1992742, 13.1002134], [103.1992667, 13.1001712], [103.1991445, 13.0994812], [103.1990347, 13.098861], [103.198744, 13.0972204], [103.198654, 13.0966993], [103.1984222, 13.0953577], [103.1984545, 13.0949302]]}}, {"type": "Feature", "properties": {"highway": "tertiary"}, "geometry": {"type": "LineString", "coordinates": [[103.1997064, 13.1026582], [103.1996397, 13.1022779]]}}, {"type": "Feature", "properties": {"highway": "footway"}, "geometry": {"type": "LineString", "coordinates": [[103.199557, 13.1018285], [103.1996532, 13.1018113], [103.1997598, 13.1017928], [103.199638, 13.101067]]}}, {"type": "Feature", "properties": {"highway": "footway"}, "geometry": {"type": "LineString", "coordinates": [[103.1995442, 13.100452], [103.1995298, 13.1003743], [103.1995019, 13.1002385], [103.1994859, 13.1001331], [103.1994762, 13.1000698], [103.1994693, 13.1000317]]}}, {"type": "Feature", "properties": {"highway": "footway"}, "geometry": {"type": "LineString", "coordinates": [[103.1994693, 13.1000317], [103.1994278, 13.0998041], [103.199389, 13.0995918], [103.1993628, 13.0994436], [103.1991445, 13.0994812]]}}, {"type": "Feature", "properties": {"highway": "footway"}, "geometry": {"type": "LineString", "coordinates": [[103.199638, 13.101067], [103.199633, 13.1010443], [103.1996136, 13.1008974], [103.1995985, 13.1008208]]}}, {"type": "Feature", "properties": {"highway": "footway"}, "geometry": {"type": "LineString", "coordinates": [[103.1995985, 13.1008208], [103.1995794, 13.1007237], [103.1995586, 13.1005297], [103.1995442, 13.100452]]}}, {"type": "Feature", "properties": {"highway": "footway"}, "geometry": {"type": "LineString", "coordinates": [[103.1994859, 13.1001331], [103.1993677, 13.1001557], [103.1995062, 13.1009775], [103.1996532, 13.1018113]]}}, {"type": "Feature", "properties": {"highway": "footway"}, "geometry": {"type": "LineString", "coordinates": [[103.1992667, 13.1001712], [103.1993677, 13.1001557], [103.1991406, 13.0988431], [103.198855, 13.0972017]]}}, {"type": "Feature", "properties": {"highway": "footway"}, "geometry": {"type": "LineString", "coordinates": [[103.1968729, 13.094976], [103.1969568, 13.094984]]}}, {"type": "Feature", "properties": {"highway": "footway"}, "geometry": {"type": "LineString", "coordinates": [[103.1969813, 13.0951087], [103.1969929, 13.0949874], [103.1970043, 13.0948686], [103.1971882, 13.0948853], [103.1974031, 13.0949048], [103.1973916, 13.0950252], [103.1973802, 13.0951449], [103.1971713, 13.0951259], [103.1969813, 13.0951087]]}}, {"type": "Feature", "properties": {"highway": "footway"}, "geometry": {"type": "LineString", "coordinates": [[103.1969568, 13.094984], [103.1969929, 13.0949874]]}}, {"type": "Feature", "properties": {"highway": "footway"}, "geometry": {"type": "LineString", "coordinates": [[103.1971588, 13.0952197], [103.1971659, 13.0951681], [103.1971713, 13.0951259]]}}, {"type": "Feature", "properties": {"highway": "footway"}, "geometry": {"type": "LineString", "coordinates": [[103.1971882, 13.0948853], [103.1971925, 13.0948508], [103.1972014, 13.0947813]]}}, {"type": "Feature", "properties": {"highway": "footway"}, "geometry": {"type": "LineString", "coordinates": [[103.1974357, 13.09503], [103.1975272, 13.0950397]]}}, {"type": "Feature", "properties": {"highway": "footway"}, "geometry": {"type": "LineString", "coordinates": [[103.1974357, 13.09503], [103.1973916, 13.0950252]]}}, {"type": "Feature", "properties": {"highway": "footway"}, "geometry": {"type": "LineString", "coordinates": [[103.1969724, 13.095206], [103.1969643, 13.0953528], [103.1973043, 13.0953672]]}}, {"type": "Feature", "properties": {"highway": "footway"}, "geometry": {"type": "LineString", "coordinates": [[103.1970692, 13.0909761], [103.1975379, 13.0911286], [103.1990498, 13.0916213], [103.1990964, 13.0916366]]}}, {"type": "Feature", "properties": {"highway": "footway"}, "geometry": {"type": "LineString", "coordinates": [[103.1990373, 13.0916551], [103.1990498, 13.0916213], [103.199168, 13.0912802], [103.1994756, 13.0903708], [103.1998038, 13.0894243], [103.1998214, 13.0893753]]}}, {"type": "Feature", "properties": {"highway": "footway"}, "geometry": {"type": "LineString", "coordinates": [[103.1998038, 13.0894243], [103.1978033, 13.0887709]]}}, {"type": "Feature", "properties": {"highway": "service"}, "geometry": {"type": "LineString", "coordinates": [[103.1992639, 13.0903036], [103.199108, 13.090263], [103.1989491, 13.0902208]]}}, {"type": "Feature", "properties": {"highway": "service"}, "geometry": {"type": "LineString", "coordinates": [[103.1991626, 13.0900852], [103.1992351, 13.0901206], [103.199282, 13.0901728], [103.1992981, 13.0902199], [103.1992639, 13.0903036]]}}, {"type": "Feature", "properties": {"highway": "service"}, "geometry": {"type": "LineString", "coordinates": [[103.1989491, 13.0902208], [103.1989431, 13.0901652], [103.1989244, 13.0901123], [103.1988743, 13.0900202], [103.1988444, 13.0899808], [103.1988099, 13.0899406], [103.1987708, 13.0899044], [103.1986822, 13.0898485]]}}, {"type": "Feature", "properties": {"highway": "service"}, "geometry": {"type": "LineString", "coordinates": [[103.1988743, 13.0900202], [103.1989826, 13.0900161], [103.1990297, 13.0900259], [103.1991626, 13.0900852]]}}, {"type": "Feature", "properties": {"highway": "service"}, "geometry": {"type": "LineString", "coordinates": [[103.1987356, 13.0904726], [103.1988486, 13.0904734], [103.198959, 13.090483], [103.1990361, 13.0904899]]}}, {"type": "Feature", "properties": {"highway": "service"}, "geometry": {"type": "LineString", "coordinates": [[103.1975458, 13.0911075], [103.1975379, 13.0911286], [103.197517, 13.0911847]]}}, {"type": "Feature", "properties": {"highway": "footway"}, "geometry": {"type": "LineString", "coordinates": [[103.1987708, 13.0899044], [103.1989023, 13.0895727], [103.1989975, 13.0892945]]}}, {"type": "Feature", "properties": {"highway": "footway"}, "geometry": {"type": "LineString", "coordinates": [[103.1989023, 13.0895727], [103.1992959, 13.0896976]]}}, {"type": "Feature", "properties": {"highway": "footway"}, "geometry": {"type": "LineString", "coordinates": [[103.1991626, 13.0900852], [103.1992959, 13.0896976], [103.1993368, 13.0895753]]}}, {"type": "Feature", "properties": {"highway": "service"}, "geometry": {"type": "LineString", "coordinates": [[103.1989491, 13.0902208], [103.1988725, 13.0902794], [103.1987989, 13.090327], [103.1987668, 13.090385], [103.1987356, 13.0904726]]}}, {"type": "Feature", "properties": {"highway": "residential"}, "geometry": {"type": "LineString", "coordinates": [[103.1984939, 13.0889535], [103.1982944, 13.0888875]]}}, {"type": "Feature", "properties": {"highway": "residential"}, "geometry": {"type": "LineString", "coordinates": [[103.1982944, 13.0888875], [103.1978175, 13.0887282], [103.197095, 13.0884981], [103.1968871, 13.0884319], [103.1959436, 13.0881313], [103.1956546, 13.0880393], [103.1955273, 13.0879987], [103.1952229, 13.0879018], [103.1949271, 13.0878076], [103.1945947, 13.0877017], [103.193339, 13.0873018]]}}, {"type": "Feature", "properties": {"highway": "tertiary"}, "geometry": {"type": "LineString", "coordinates": [[103.1936808, 13.104041], [103.1936767, 13.1039255], [103.1937285, 13.1037711], [103.1942342, 13.1030135], [103.1943513, 13.1029082], [103.1945179, 13.1028106], [103.1946442, 13.1027633], [103.1953994, 13.1026326], [103.1957632, 13.1025696], [103.1963538, 13.1024674], [103.1963958, 13.1024601], [103.1975755, 13.1022561]]}}, {"type": "Feature", "properties": {"highway": "primary"}, "geometry": {"type": "LineString", "coordinates": [[103.2085354, 13.090776], [103.2084943, 13.0907818], [103.2084532, 13.090777], [103.2084148, 13.0907617], [103.2083818, 13.0907372], [103.2083607, 13.0907115], [103.2083458, 13.090682], [103.2083367, 13.0906408], [103.2083396, 13.0905987], [103.2083542, 13.090559], [103.2083795, 13.0905248], [103.2084134, 13.0904986], [103.2084535, 13.0904826], [103.2084965, 13.0904778], [103.2085325, 13.0904829], [103.2085664, 13.090496], [103.2085962, 13.0905163], [103.2086225, 13.0905458], [103.2086401, 13.0905808], [103.2086481, 13.090619], [103.2086458, 13.090658], [103.2086318, 13.0906981], [103.2086071, 13.0907329], [103.2085734, 13.0907598], [103.2085354, 13.090776]]}}, {"type": "Feature", "properties": {"highway": "primary"}, "geometry": {"type": "LineString", "coordinates": [[103.2257675, 13.0850071], [103.2257356, 13.0850304], [103.225698, 13.0850435], [103.2256502, 13.0850443], [103.2256052, 13.0850288], [103.2255661, 13.0849959], [103.2255426, 13.0849511], [103.2255382, 13.0849009], [103.2255516, 13.0848564], [103.22558, 13.0848193], [103.22562, 13.0847942], [103.2256592, 13.0847846], [103.2256996, 13.0847869], [103.2257375, 13.0848007], [103.2257769, 13.0848332], [103.2258008, 13.0848777], [103.2258057, 13.0849277], [103.2257911, 13.084976], [103.2257675, 13.0850071]]}}, {"type": "Feature", "properties": {"highway": "tertiary"}, "geometry": {"type": "LineString", "coordinates": [[103.2014899, 13.0967429], [103.2016214, 13.0967216], [103.2020585, 13.0966511], [103.2032152, 13.0964642]]}}, {"type": "Feature", "properties": {"highway": "service"}, "geometry": {"type": "LineString", "coordinates": [[103.2037506, 13.0967808], [103.2037087, 13.0965392]]}}, {"type": "Feature", "properties": {"highway": "service"}, "geometry": {"type": "LineString", "coordinates": [[103.2037087, 13.0965392], [103.2036817, 13.0963857]]}}, {"type": "Feature", "properties": {"highway": "service"}, "geometry": {"type": "LineString", "coordinates": [[103.203415, 13.0964306], [103.2034432, 13.096582]]}}, {"type": "Feature", "properties": {"highway": "service"}, "geometry": {"type": "LineString", "coordinates": [[103.2046694, 13.0991775], [103.2045531, 13.0985289]]}}, {"type": "Feature", "properties": {"highway": "tertiary"}, "geometry": {"type": "LineString", "coordinates": [[103.2004072, 13.0991497], [103.2003859, 13.0989223], [103.2003694, 13.0987166], [103.200355, 13.0985923]]}}, {"type": "Feature", "properties": {"highway": "tertiary"}, "geometry": {"type": "LineString", "coordinates": [[103.200355, 13.0985923], [103.2003394, 13.0984435]]}}, {"type": "Feature", "properties": {"highway": "tertiary"}, "geometry": {"type": "LineString", "coordinates": [[103.2003394, 13.0984435], [103.2002975, 13.0980433], [103.2002524, 13.0976134], [103.2002153, 13.0972751], [103.2002045, 13.0971768], [103.2001797, 13.096924], [103.2001657, 13.0967504], [103.2001469, 13.0964928], [103.2000868, 13.0956731], [103.2000673, 13.0951238], [103.2000725, 13.0949788], [103.2000964, 13.0948921], [103.2001127, 13.0948536], [103.2002885, 13.0943468], [103.2003269, 13.0942214], [103.2006112, 13.0932937], [103.2007283, 13.092921], [103.2007859, 13.09277], [103.2009461, 13.0923002], [103.2010168, 13.0920928]]}}, {"type": "Feature", "properties": {"highway": "service"}, "geometry": {"type": "LineString", "coordinates": [[103.2004516, 13.0980318], [103.2005656, 13.0980402], [103.2006749, 13.098054]]}}, {"type": "Feature", "properties": {"highway": "footway"}, "geometry": {"type": "LineString", "coordinates": [[103.2002975, 13.0980433], [103.2002542, 13.0980461], [103.2001504, 13.0980552]]}}, {"type": "Feature", "properties": {"highway": "footway"}, "geometry": {"type": "LineString", "coordinates": [[103.2002524, 13.0976134], [103.2002081, 13.0976127], [103.2000636, 13.0976093]]}}, {"type": "Feature", "properties": {"highway": "footway"}, "geometry": {"type": "LineString", "coordinates": [[103.1999483, 13.09701], [103.1999756, 13.0971405], [103.1999878, 13.0972203], [103.2000636, 13.0976093], [103.2001504, 13.0980552], [103.2003102, 13.0988763], [103.2003448, 13.0988973], [103.2003859, 13.0989223]]}}, {"type": "Feature", "properties": {"highway": "footway"}, "geometry": {"type": "LineString", "coordinates": [[103.1998788, 13.0965019], [103.2001469, 13.0964928]]}}, {"type": "Feature", "properties": {"highway": "footway"}, "geometry": {"type": "LineString", "coordinates": [[103.1998328, 13.096462], [103.1997624, 13.0961471]]}}, {"type": "Feature", "properties": {"highway": "footway"}, "geometry": {"type": "LineString", "coordinates": [[103.1998782, 13.0965095], [103.1998733, 13.0965212], [103.1998648, 13.0965307], [103.1998537, 13.0965371], [103.199846, 13.0965387], [103.199841, 13.0965397], [103.1998282, 13.0965383], [103.199816, 13.0965326], [103.1998064, 13.0965233], [103.1998005, 13.0965115], [103.1997997, 13.0965045], [103.199799, 13.0964984], [103.1998021, 13.0964855], [103.1998093, 13.0964744], [103.19982, 13.0964663], [103.1998328, 13.096462], [103.1998463, 13.0964622], [103.1998585, 13.0964664], [103.1998687, 13.0964742], [103.1998758, 13.0964847], [103.1998791, 13.0964969], [103.1998788, 13.0965019], [103.1998782, 13.0965095]]}}, {"type": "Feature", "properties": {"highway": "footway"}, "geometry": {"type": "LineString", "coordinates": [[103.1997231, 13.0951431], [103.1997594, 13.0951448], [103.1999747, 13.0951283], [103.2000673, 13.0951238]]}}, {"type": "Feature", "properties": {"highway": "footway"}, "geometry": {"type": "LineString", "coordinates": [[103.1996897, 13.0951791], [103.199729, 13.0956866]]}}, {"type": "Feature", "properties": {"highway": "footway"}, "geometry": {"type": "LineString", "coordinates": [[103.1997227, 13.0951492], [103.1997183, 13.09516], [103.1997109, 13.0951691], [103.1997011, 13.0951756], [103.1996897, 13.0951791], [103.1996778, 13.0951791], [103.1996664, 13.0951758], [103.1996565, 13.0951693], [103.199649, 13.0951604], [103.1996445, 13.0951496], [103.1996435, 13.0951381], [103.199646, 13.0951266], [103.1996518, 13.0951164], [103.1996606, 13.0951083], [103.1996714, 13.0951031], [103.1996833, 13.0951013], [103.1996952, 13.095103], [103.199706, 13.095108], [103.1997149, 13.095116], [103.1997209, 13.0951261], [103.1997236, 13.0951376], [103.1997231, 13.0951431], [103.1997227, 13.0951492]]}}, {"type": "Feature", "properties": {"highway": "footway"}, "geometry": {"type": "LineString", "coordinates": [[103.1995063, 13.0948377], [103.1995315, 13.0947665], [103.1995899, 13.0946319], [103.1996106, 13.0945575]]}}, {"type": "Feature", "properties": {"highway": "footway"}, "geometry": {"type": "LineString", "coordinates": [[103.1996106, 13.0945575], [103.1997166, 13.0943586]]}}, {"type": "Feature", "properties": {"highway": "footway"}, "geometry": {"type": "LineString", "coordinates": [[103.2003028, 13.0935379], [103.2002214, 13.0936967], [103.2001874, 13.0937297]]}}, {"type": "Feature", "properties": {"highway": "footway"}, "geometry": {"type": "LineString", "coordinates": [[103.2003817, 13.0933087], [103.2003168, 13.0934918], [103.2003028, 13.0935379]]}}, {"type": "Feature", "properties": {"highway": "service"}, "geometry": {"type": "LineString", "coordinates": [[103.2009639, 13.0928225], [103.2011905, 13.0928817], [103.2012155, 13.0928175], [103.2012384, 13.0927326], [103.2012605, 13.0927077], [103.2013066, 13.092709], [103.2015771, 13.0927738], [103.20184, 13.0928204]]}}, {"type": "Feature", "properties": {"highway": "service"}, "geometry": {"type": "LineString", "coordinates": [[103.2008652, 13.0927935], [103.2009639, 13.0928225]]}}, {"type": "Feature", "properties": {"highway": "secondary"}, "geometry": {"type": "LineString", "coordinates": [[103.2009498, 13.0920763], [103.2003941, 13.0919828]]}}, {"type": "Feature", "properties": {"highway": "tertiary"}, "geometry": {"type": "LineString", "coordinates": [[103.1991868, 13.091359], [103.1992086, 13.0912922], [103.1992962, 13.0910327]]}}, {"type": "Feature", "properties": {"highway": "tertiary"}, "geometry": {"type": "LineString", "coordinates": [[103.1992962, 13.0910327], [103.1993533, 13.0908628]]}}, {"type": "Feature", "properties": {"highway": "service"}, "geometry": {"type": "LineString", "coordinates": [[103.199107, 13.0912619], [103.1988153, 13.0911773]]}}, {"type": "Feature", "properties": {"highway": "service"}, "geometry": {"type": "LineString", "coordinates": [[103.1988153, 13.0911773], [103.1987774, 13.0912422], [103.1987311, 13.0912566], [103.1987003, 13.091263], [103.1982285, 13.091092], [103.1981799, 13.0910357], [103.1981568, 13.0909838], [103.1981359, 13.0908812], [103.198136, 13.09074], [103.1981631, 13.0906172], [103.1981892, 13.090525], [103.1982239, 13.0904855], [103.1982586, 13.0904822], [103.1983448, 13.0904595], [103.198416, 13.0904202], [103.1984384, 13.090406], [103.1984797, 13.0903954], [103.1987356, 13.0904726]]}}, {"type": "Feature", "properties": {"highway": "tertiary"}, "geometry": {"type": "LineString", "coordinates": [[103.1993533, 13.0908628], [103.1994058, 13.0906991]]}}, {"type": "Feature", "properties": {"highway": "tertiary"}, "geometry": {"type": "LineString", "coordinates": [[103.1994058, 13.0906991], [103.1995109, 13.090382], [103.1995464, 13.090275]]}}, {"type": "Feature", "properties": {"highway": "tertiary"}, "geometry": {"type": "LineString", "coordinates": [[103.1988558, 13.0923719], [103.1989468, 13.0920867], [103.1989801, 13.0919867]]}}, {"type": "Feature", "properties": {"highway": "service"}, "geometry": {"type": "LineString", "coordinates": [[103.2088279, 13.111071], [103.2090173, 13.1116585]]}}, {"type": "Feature", "properties": {"highway": "residential"}, "geometry": {"type": "LineString", "coordinates": [[103.219152, 13.1100987], [103.220511, 13.1098921]]}}, {"type": "Feature", "properties": {"highway": "tertiary"}, "geometry": {"type": "LineString", "coordinates": [[103.1984569, 13.0941037], [103.1982305, 13.0941128], [103.1979372, 13.0941625], [103.1975062, 13.0942356], [103.1971696, 13.0942927], [103.1961834, 13.0944602], [103.1954243, 13.0945887], [103.1953024, 13.0946094], [103.1951666, 13.0946324], [103.1946672, 13.0947172], [103.1946339, 13.0947118], [103.1946082, 13.0947003], [103.1944425, 13.0945618]]}}, {"type": "Feature", "properties": {"highway": "tertiary"}, "geometry": {"type": "LineString", "coordinates": [[103.1944425, 13.0945618], [103.1946358, 13.0945308], [103.1951339, 13.0944491], [103.1953961, 13.094406], [103.1961517, 13.0942823], [103.1970765, 13.0941303], [103.1971407, 13.0941198], [103.1980737, 13.0939499], [103.1984813, 13.0939339]]}}, {"type": "Feature", "properties": {"highway": "residential"}, "geometry": {"type": "LineString", "coordinates": [[103.2128755, 13.1070217], [103.2127274, 13.1069479], [103.2125163, 13.1068995], [103.2122821, 13.1068559], [103.2121004, 13.1067945]]}}, {"type": "Feature", "properties": {"highway": "residential"}, "geometry": {"type": "LineString", "coordinates": [[103.185546, 13.0837561], [103.1852863, 13.0837096], [103.1847562, 13.0836565], [103.184396, 13.0836236], [103.184263, 13.0836114], [103.1839432, 13.0835922]]}}, {"type": "Feature", "properties": {"highway": "residential"}, "geometry": {"type": "LineString", "coordinates": [[103.1862579, 13.0845546], [103.1861406, 13.0845986], [103.1860406, 13.0846166]]}}, {"type": "Feature", "properties": {"highway": "residential"}, "geometry": {"type": "LineString", "coordinates": [[103.1861496, 13.0834743], [103.1862201, 13.0835897], [103.1862806, 13.0837442], [103.1862749, 13.0839351], [103.1862481, 13.0842585], [103.1862671, 13.0844354], [103.1862756, 13.0845055], [103.1862579, 13.0845546]]}}, {"type": "Feature", "properties": {"highway": "residential"}, "geometry": {"type": "LineString", "coordinates": [[103.1912085, 13.0672013], [103.191871, 13.0673084], [103.1920668, 13.0672561], [103.1932604, 13.0672666], [103.1937003, 13.067196], [103.1944782, 13.0672509], [103.1948032, 13.0673142]]}}, {"type": "Feature", "properties": {"highway": "residential"}, "geometry": {"type": "LineString", "coordinates": [[103.2023601, 13.1397077], [103.2023859, 13.1395105], [103.2024028, 13.1394579], [103.2024552, 13.1394052], [103.2024856, 13.1393888], [103.2025616, 13.1393838], [103.2029013, 13.1394299]]}}, {"type": "Feature", "properties": {"highway": "residential"}, "geometry": {"type": "LineString", "coordinates": [[103.198574, 13.1406952], [103.1989721, 13.1405301]]}}, {"type": "Feature", "properties": {"highway": "residential"}, "geometry": {"type": "LineString", "coordinates": [[103.201586, 13.143333], [103.2010522, 13.1432102]]}}, {"type": "Feature", "properties": {"highway": "residential"}, "geometry": {"type": "LineString", "coordinates": [[103.204054, 13.1350838], [103.2044768, 13.1349297]]}}, {"type": "Feature", "properties": {"highway": "residential"}, "geometry": {"type": "LineString", "coordinates": [[103.2036513, 13.135847], [103.2042763, 13.1357608], [103.2043319, 13.1357526]]}}, {"type": "Feature", "properties": {"highway": "residential"}, "geometry": {"type": "LineString", "coordinates": [[103.2042307, 13.1368605], [103.2037184, 13.1369206], [103.2035682, 13.1369519], [103.2034528, 13.1369467], [103.2032543, 13.1369624], [103.2026669, 13.137046], [103.2020412, 13.1371822]]}}, {"type": "Feature", "properties": {"highway": "residential"}, "geometry": {"type": "LineString", "coordinates": [[103.1992431, 13.1427356], [103.1992583, 13.1426599], [103.1992735, 13.1426138], [103.199309, 13.1425891], [103.199358, 13.1425793], [103.1994729, 13.142576], [103.1995439, 13.1426105], [103.1996334, 13.1426138], [103.1998244, 13.1426138], [103.1998565, 13.1426286], [103.1998852, 13.1426665], [103.1998953, 13.1427043]]}}, {"type": "Feature", "properties": {"highway": "residential"}, "geometry": {"type": "LineString", "coordinates": [[103.1993981, 13.1414638], [103.1994813, 13.141852], [103.199478, 13.1419013], [103.1994492, 13.1419425], [103.1994425, 13.1419984], [103.1994526, 13.1422847], [103.1994543, 13.1423769], [103.1994729, 13.142576]]}}, {"type": "Feature", "properties": {"highway": "residential"}, "geometry": {"type": "LineString", "coordinates": [[103.2018592, 13.1423502], [103.2017165, 13.1423004], [103.2016761, 13.1422548], [103.2016186, 13.14212], [103.201444, 13.1416909], [103.2013206, 13.1415541], [103.2011481, 13.1413944], [103.2009587, 13.1413571], [103.2006585, 13.1412784], [103.2004946, 13.1411851], [103.200403, 13.1411726], [103.2003008, 13.1411788], [103.2001305, 13.1412245], [103.1996047, 13.1413944], [103.1993981, 13.1414638], [103.1992279, 13.1415209], [103.1990171, 13.141552], [103.1988468, 13.141552], [103.1987851, 13.1415416], [103.1987321, 13.1415222]]}}, {"type": "Feature", "properties": {"highway": "residential"}, "geometry": {"type": "LineString", "coordinates": [[103.2239205, 13.0826754], [103.2239598, 13.0821649]]}}, {"type": "Feature", "properties": {"highway": "residential"}, "geometry": {"type": "LineString", "coordinates": [[103.2107972, 13.1307911], [103.2112539, 13.1318849], [103.2112703, 13.1319117], [103.2112939, 13.1319216], [103.2113311, 13.1319216], [103.2124034, 13.1311966]]}}, {"type": "Feature", "properties": {"highway": "residential"}, "geometry": {"type": "LineString", "coordinates": [[103.2092611, 13.12971], [103.2095066, 13.1299516], [103.2097989, 13.1301554]]}}, {"type": "Feature", "properties": {"highway": "residential"}, "geometry": {"type": "LineString", "coordinates": [[103.2092853, 13.1296839], [103.2089514, 13.129471]]}}, {"type": "Feature", "properties": {"highway": "residential"}, "geometry": {"type": "LineString", "coordinates": [[103.2094516, 13.1295546], [103.2089943, 13.1291288]]}}, {"type": "Feature", "properties": {"highway": "tertiary"}, "geometry": {"type": "LineString", "coordinates": [[103.1921882, 13.0842881], [103.1919645, 13.0843275], [103.1913446, 13.0842623], [103.1908134, 13.0842065], [103.189789, 13.0841035], [103.1891635, 13.0840464], [103.1888187, 13.0840056], [103.1885851, 13.0839738], [103.1884389, 13.0839419], [103.1882632, 13.0839038], [103.1880635, 13.0838386], [103.1879421, 13.0837756], [103.1877739, 13.0836783], [103.1865452, 13.0827679], [103.185042, 13.0816596], [103.1849304, 13.0815792], [103.1845715, 13.0813251], [103.1834982, 13.0805364], [103.1824135, 13.0795408], [103.1815579, 13.078509], [103.1800514, 13.0765001], [103.1799908, 13.0764212], [103.1799253, 13.0763392], [103.1799145, 13.0763196], [103.1797606, 13.0761947]]}}, {"type": "Feature", "properties": {"highway": "secondary_link"}, "geometry": {"type": "LineString", "coordinates": [[103.1956473, 13.0618695], [103.1955992, 13.0618555], [103.1955447, 13.0618536], [103.1955151, 13.0618712], [103.1954921, 13.0619152]]}}, {"type": "Feature", "properties": {"highway": "service"}, "geometry": {"type": "LineString", "coordinates": [[103.1930331, 13.0944068], [103.1930034, 13.0944133], [103.1926076, 13.0944095]]}}, {"type": "Feature", "properties": {"highway": "service"}, "geometry": {"type": "LineString", "coordinates": [[103.1930682, 13.094231], [103.1930488, 13.0942596], [103.1930424, 13.0943747], [103.1930331, 13.0944068]]}}, {"type": "Feature", "properties": {"highway": "service"}, "geometry": {"type": "LineString", "coordinates": [[103.1930488, 13.0942596], [103.1927731, 13.0942327]]}}, {"type": "Feature", "properties": {"highway": "service"}, "geometry": {"type": "LineString", "coordinates": [[103.1929815, 13.0934574], [103.1930265, 13.0938553], [103.1930488, 13.0942596]]}}, {"type": "Feature", "properties": {"highway": "residential"}, "geometry": {"type": "LineString", "coordinates": [[103.1690937, 13.1383494], [103.1690138, 13.136482], [103.1688316, 13.1317564], [103.1686613, 13.1272154], [103.1685923, 13.1253756], [103.1684862, 13.1224574]]}}, {"type": "Feature", "properties": {"highway": "residential"}, "geometry": {"type": "LineString", "coordinates": [[103.1783658, 13.131307], [103.176828, 13.1313795], [103.173557, 13.1315337], [103.1688316, 13.1317564], [103.1640619, 13.1319812]]}}, {"type": "Feature", "properties": {"highway": "residential"}, "geometry": {"type": "LineString", "coordinates": [[103.1668582, 13.1163343], [103.1674254, 13.1163373], [103.167868, 13.1163397]]}}, {"type": "Feature", "properties": {"highway": "residential"}, "geometry": {"type": "LineString", "coordinates": [[103.166897, 13.1159191], [103.1668582, 13.1163343], [103.1668058, 13.1168948], [103.1668138, 13.1174316], [103.1664639, 13.1174013]]}}, {"type": "Feature", "properties": {"highway": "residential"}, "geometry": {"type": "LineString", "coordinates": [[103.1674388, 13.1159191], [103.1674254, 13.1163373]]}}, {"type": "Feature", "properties": {"highway": "residential"}, "geometry": {"type": "LineString", "coordinates": [[103.1651345, 13.1167382], [103.1656292, 13.1167979], [103.1660929, 13.1168351], [103.1665142, 13.1168689], [103.1668058, 13.1168948]]}}, {"type": "Feature", "properties": {"highway": "residential"}, "geometry": {"type": "LineString", "coordinates": [[103.1655244, 13.1178186], [103.1656292, 13.1167979], [103.1657296, 13.1158191]]}}, {"type": "Feature", "properties": {"highway": "residential"}, "geometry": {"type": "LineString", "coordinates": [[103.166778, 13.1140791], [103.1656834, 13.1140315], [103.1647278, 13.11399], [103.1646909, 13.1145085], [103.1656664, 13.1145497], [103.1663257, 13.1145776], [103.1667293, 13.1145929], [103.167019, 13.1146038]]}}, {"type": "Feature", "properties": {"highway": "residential"}, "geometry": {"type": "LineString", "coordinates": [[103.1664279, 13.1177821], [103.1664639, 13.1174013], [103.1665142, 13.1168689], [103.1666058, 13.1158993], [103.1667293, 13.1145929], [103.166778, 13.1140791], [103.1668206, 13.1136294]]}}, {"type": "Feature", "properties": {"highway": "residential"}, "geometry": {"type": "LineString", "coordinates": [[103.1659934, 13.1177997], [103.1660929, 13.1168351], [103.1661933, 13.1158616], [103.1663257, 13.1145776]]}}, {"type": "Feature", "properties": {"highway": "residential"}, "geometry": {"type": "LineString", "coordinates": [[103.1650333, 13.1178384], [103.1651345, 13.1167382], [103.1651705, 13.1163465], [103.1652233, 13.1157728], [103.1657296, 13.1158191], [103.1661933, 13.1158616], [103.1666058, 13.1158993], [103.1668219, 13.1159191], [103.166897, 13.1159191], [103.1674388, 13.1159191], [103.167876, 13.1159191]]}}, {"type": "Feature", "properties": {"highway": "residential"}, "geometry": {"type": "LineString", "coordinates": [[103.173267, 13.1187904], [103.1737104, 13.1187677], [103.1746269, 13.1187206], [103.1748551, 13.1187089]]}}, {"type": "Feature", "properties": {"highway": "residential"}, "geometry": {"type": "LineString", "coordinates": [[103.1737636, 13.1199733], [103.173746, 13.1195266], [103.1737104, 13.1187677], [103.1736496, 13.1174865]]}}, {"type": "Feature", "properties": {"highway": "residential"}, "geometry": {"type": "LineString", "coordinates": [[103.1733235, 13.1200003], [103.173267, 13.1187904], [103.1732082, 13.117505]]}}, {"type": "Feature", "properties": {"highway": "residential"}, "geometry": {"type": "LineString", "coordinates": [[103.1743156, 13.1214901], [103.1742415, 13.11995]]}}, {"type": "Feature", "properties": {"highway": "residential"}, "geometry": {"type": "LineString", "coordinates": [[103.1730107, 13.1200081], [103.1733235, 13.1200003], [103.1737636, 13.1199733], [103.1742415, 13.11995], [103.1746833, 13.1199243], [103.1748873, 13.1199145]]}}, {"type": "Feature", "properties": {"highway": "residential"}, "geometry": {"type": "LineString", "coordinates": [[103.1740192, 13.1215045], [103.1743156, 13.1214901], [103.174717, 13.1214759], [103.1747492, 13.1214655], [103.1747619, 13.1214348], [103.1746833, 13.1199243], [103.174664, 13.1194618], [103.1746269, 13.1187206]]}}, {"type": "Feature", "properties": {"highway": "residential"}, "geometry": {"type": "LineString", "coordinates": [[103.1731053, 13.1218901], [103.1740049, 13.121841], [103.1740297, 13.1218299], [103.174039, 13.121809], [103.1740192, 13.1215045], [103.1740169, 13.1214308], [103.1740082, 13.1214073], [103.1739888, 13.1213949], [103.1730877, 13.1214306]]}}, {"type": "Feature", "properties": {"highway": "residential"}, "geometry": {"type": "LineString", "coordinates": [[103.1684862, 13.1224574], [103.1682999, 13.1177066]]}}, {"type": "Feature", "properties": {"highway": "residential"}, "geometry": {"type": "LineString", "coordinates": [[103.1688309, 13.1364896], [103.1690138, 13.136482], [103.170197, 13.136433], [103.1706455, 13.1364144], [103.1736897, 13.1362604], [103.1736683, 13.1343524], [103.173557, 13.1315337], [103.1733395, 13.1270026], [103.1731103, 13.1222511], [103.1731053, 13.1218901], [103.1730877, 13.1214306], [103.1730107, 13.1200081], [103.1728856, 13.1175184]]}}, {"type": "Feature", "properties": {"highway": "residential"}, "geometry": {"type": "LineString", "coordinates": [[103.1713361, 13.1163273], [103.1713388, 13.1174094], [103.1713444, 13.1175829]]}}, {"type": "Feature", "properties": {"highway": "residential"}, "geometry": {"type": "LineString", "coordinates": [[103.1717868, 13.1158536], [103.1717735, 13.1163287], [103.1717893, 13.1174054], [103.1717924, 13.1175641]]}}, {"type": "Feature", "properties": {"highway": "residential"}, "geometry": {"type": "LineString", "coordinates": [[103.1708711, 13.1158487], [103.1717868, 13.1158536], [103.1737571, 13.1158641]]}}, {"type": "Feature", "properties": {"highway": "residential"}, "geometry": {"type": "LineString", "coordinates": [[103.1708418, 13.1163258], [103.1713361, 13.1163273], [103.1717735, 13.1163287], [103.1722427, 13.1163301], [103.172708, 13.1163316], [103.1737349, 13.1163347]]}}, {"type": "Feature", "properties": {"highway": "residential"}, "geometry": {"type": "LineString", "coordinates": [[103.1743938, 13.1149157], [103.1746727, 13.1149134], [103.1749218, 13.114924], [103.1752869, 13.1149395], [103.175354, 13.1149735], [103.1753808, 13.1150675], [103.1752601, 13.1173192], [103.1752599, 13.117408]]}}, {"type": "Feature", "properties": {"highway": "residential"}, "geometry": {"type": "LineString", "coordinates": [[103.1738655, 13.1138807], [103.1744497, 13.1138917]]}}, {"type": "Feature", "properties": {"highway": "residential"}, "geometry": {"type": "LineString", "coordinates": [[103.1854827, 13.1199707], [103.187511, 13.1199236]]}}, {"type": "Feature", "properties": {"highway": "residential"}, "geometry": {"type": "LineString", "coordinates": [[103.2095414, 13.1010027], [103.2089909, 13.1011146], [103.208887, 13.1011307], [103.208844, 13.1010918], [103.2086995, 13.1010569], [103.2085544, 13.1010628]]}}, {"type": "Feature", "properties": {"highway": "path"}, "geometry": {"type": "LineString", "coordinates": [[103.1944199, 13.0961984], [103.1941715, 13.0961699], [103.1941, 13.0961763], [103.1940342, 13.0962024], [103.1937411, 13.096315], [103.1934804, 13.0963043], [103.1933878, 13.096256], [103.193349, 13.0962248]]}}, {"type": "Feature", "properties": {"highway": "residential"}, "geometry": {"type": "LineString", "coordinates": [[103.2153489, 13.1409763], [103.21528895866983, 13.141002730342123]]}}, {"type": "Feature", "properties": {"highway": "residential"}, "geometry": {"type": "LineString", "coordinates": [[103.2117453, 13.0926615], [103.211809, 13.0926426], [103.2127186, 13.0923535], [103.2131571, 13.0922062]]}}, {"type": "Feature", "properties": {"highway": "residential"}, "geometry": {"type": "LineString", "coordinates": [[103.1996659, 13.0767555], [103.1995824, 13.0768892], [103.1995207, 13.0770524], [103.199473, 13.0771129], [103.1993952, 13.0773311], [103.199337, 13.0774848], [103.1993195, 13.0775554], [103.1993443, 13.077608], [103.1994443, 13.0777448], [103.1995185, 13.077813], [103.2000451, 13.077929], [103.2000901, 13.0779592], [103.2001108, 13.0780113], [103.2001071, 13.0780836], [103.2000372, 13.0782291], [103.2000219, 13.0783552], [103.2000432, 13.0784839], [103.2000933, 13.0786343], [103.2001882, 13.0787389], [103.2002663, 13.0788251], [103.2003626, 13.0788944], [103.2004363, 13.078986], [103.2004775, 13.0791577], [103.2005404, 13.0792925], [103.200604, 13.0795477], [103.2006902, 13.0797103]]}}, {"type": "Feature", "properties": {"highway": "residential"}, "geometry": {"type": "LineString", "coordinates": [[103.1769883, 13.10498], [103.1770249, 13.1052694], [103.1770325, 13.1053294], [103.1770356, 13.1056085], [103.1770469, 13.1056399]]}}, {"type": "Feature", "properties": {"highway": "secondary"}, "geometry": {"type": "LineString", "coordinates": [[103.1933691, 13.1074563], [103.1931916, 13.1066395], [103.1930226, 13.1058616], [103.1929511, 13.1055325], [103.1928824, 13.1052163], [103.1927692, 13.1046949], [103.1926972, 13.1043638], [103.1926589, 13.1041919], [103.1926424, 13.1041447], [103.1924509, 13.103167], [103.1924222, 13.1030253], [103.1921109, 13.1014911], [103.1917683, 13.0999099], [103.1916832, 13.099489], [103.1913297, 13.097837], [103.191254, 13.0974833], [103.1911978, 13.0972206], [103.1910211, 13.0964513], [103.1909461, 13.0960738], [103.1909189, 13.0959371], [103.1907889, 13.0953699], [103.1907417, 13.0951622], [103.1907271, 13.0950628], [103.1907273, 13.0949874], [103.1907976, 13.0944794], [103.1908337, 13.0942448], [103.1908531, 13.0941186], [103.1908705, 13.0940053], [103.1909051, 13.0937802], [103.1909721, 13.0933452], [103.1911093, 13.0923935], [103.1912186, 13.0916906], [103.1912454, 13.0915109], [103.1913159, 13.0910498], [103.1913675, 13.0907125], [103.1914291, 13.0903231], [103.1915827, 13.0893048], [103.1917312, 13.0883337], [103.1917439, 13.0882505], [103.1919964, 13.0865998], [103.1921971, 13.085287], [103.1923549, 13.0843056]]}}, {"type": "Feature", "properties": {"highway": "secondary"}, "geometry": {"type": "LineString", "coordinates": [[103.1923549, 13.0843056], [103.1927461, 13.0820086], [103.1927773, 13.0818028], [103.1928647, 13.081188], [103.1928703, 13.0811489], [103.192941, 13.080652], [103.1929981, 13.0802506], [103.193064, 13.0797875], [103.1931072, 13.0794833], [103.1933315, 13.0778428], [103.1933522, 13.0777234], [103.1933798, 13.0775319], [103.1934068, 13.0773552], [103.1934853, 13.0768258], [103.1936039, 13.0759921]]}}, {"type": "Feature", "properties": {"highway": "secondary"}, "geometry": {"type": "LineString", "coordinates": [[103.1936039, 13.0759921], [103.1938507, 13.0742256], [103.1940706, 13.0726298], [103.194239, 13.0714079], [103.1943231, 13.0707977], [103.1944389, 13.0699577], [103.1947676, 13.0675724], [103.1948032, 13.0673142], [103.1952133, 13.0643378], [103.1953265, 13.0633542], [103.1954921, 13.0619152], [103.1955085, 13.061622]]}}, {"type": "Feature", "properties": {"highway": "residential"}, "geometry": {"type": "LineString", "coordinates": [[103.2001127, 13.0948536], [103.2002554, 13.0948771], [103.2011327, 13.0948933], [103.2019919, 13.0948888], [103.2028549, 13.0948961], [103.2031697, 13.0948972], [103.2055697, 13.0949059], [103.2066903, 13.0949114], [103.2074898, 13.0949083]]}}, {"type": "Feature", "properties": {"highway": "tertiary"}, "geometry": {"type": "LineString", "coordinates": [[103.2032152, 13.0964642], [103.203415, 13.0964306], [103.2036817, 13.0963857], [103.2041034, 13.0963148], [103.2041414, 13.0963084], [103.2044523, 13.0962561], [103.2050313, 13.0961586], [103.205975, 13.0959998], [103.2069541, 13.0958351], [103.2077377, 13.0957156], [103.2078414, 13.0957072]]}}, {"type": "Feature", "properties": {"highway": "residential"}, "geometry": {"type": "LineString", "coordinates": [[103.2055991, 13.1085936], [103.2057971, 13.1085642]]}}, {"type": "Feature", "properties": {"highway": "residential"}, "geometry": {"type": "LineString", "coordinates": [[103.1938331, 13.0867844], [103.1932577, 13.0867066]]}}, {"type": "Feature", "properties": {"highway": "residential"}, "geometry": {"type": "LineString", "coordinates": [[103.203941, 13.1140658], [103.2040377, 13.1145804], [103.204096, 13.1149025], [103.2041326, 13.1150042], [103.2041774, 13.1151059], [103.2042248, 13.1151692], [103.2042884, 13.1152672], [103.2043294, 13.1154056], [103.2043578, 13.1155681], [103.2044197, 13.1161377]]}}, {"type": "Feature", "properties": {"highway": "track"}, "geometry": {"type": "LineString", "coordinates": [[103.2131448, 13.0816349], [103.2140179, 13.0813878]]}}, {"type": "Feature", "properties": {"highway": "residential"}, "geometry": {"type": "LineString", "coordinates": [[103.1880646, 13.1049281], [103.1873579, 13.1049454], [103.1865765, 13.1049642], [103.1865015, 13.104966], [103.1856061, 13.1049862], [103.1855597, 13.1049859], [103.1855062, 13.1049814], [103.1854858, 13.1049783], [103.1854646, 13.1049751], [103.1854325, 13.1049693], [103.1854012, 13.1049685], [103.1847979, 13.1049778], [103.1842511, 13.1049862], [103.1840072, 13.1049899]]}}, {"type": "Feature", "properties": {"highway": "residential"}, "geometry": {"type": "LineString", "coordinates": [[103.1880646, 13.1049281], [103.1890357, 13.1049043], [103.1896237, 13.1048813], [103.1905125, 13.1048385], [103.1908775, 13.1048006], [103.1911698, 13.1047397], [103.1915145, 13.1046393], [103.1921453, 13.1043712], [103.1926424, 13.1041447]]}}, {"type": "Feature", "properties": {"highway": "residential"}, "geometry": {"type": "LineString", "coordinates": [[103.1867741, 13.1050707], [103.1867633, 13.1057508]]}}, {"type": "Feature", "properties": {"highway": "living_street"}, "geometry": {"type": "LineString", "coordinates": [[103.1880609, 13.1050224], [103.187447, 13.1050454], [103.1867741, 13.1050707], [103.1863495, 13.1050751], [103.1854882, 13.1050864], [103.1834742, 13.1051128], [103.1830503, 13.1051182], [103.1810795, 13.1051625]]}}, {"type": "Feature", "properties": {"highway": "residential"}, "geometry": {"type": "LineString", "coordinates": [[103.1869874, 13.1058654], [103.1866701, 13.1058769], [103.186638, 13.1058703], [103.1866228, 13.1058456], [103.1865772, 13.1058078], [103.1865502, 13.1057913], [103.1865029, 13.1057749], [103.1864775, 13.1057666], [103.1864674, 13.1057436], [103.1864606, 13.1057008], [103.1864471, 13.1056827], [103.186415, 13.1056761], [103.1862832, 13.1056778]]}}, {"type": "Feature", "properties": {"highway": "residential"}, "geometry": {"type": "LineString", "coordinates": [[103.1870199, 13.1062389], [103.1869847, 13.1062266], [103.1869918, 13.1061558], [103.1869874, 13.1058654], [103.1869901, 13.1057705]]}}, {"type": "Feature", "properties": {"highway": "residential"}, "geometry": {"type": "LineString", "coordinates": [[103.1879528, 13.1064374], [103.1870199, 13.1062389]]}}, {"type": "Feature", "properties": {"highway": "residential"}, "geometry": {"type": "LineString", "coordinates": [[103.1628952, 13.0708486], [103.1629837, 13.070671], [103.1630588, 13.0705116], [103.163151, 13.0703524], [103.1637475, 13.0693212]]}}, {"type": "Feature", "properties": {"highway": "residential"}, "geometry": {"type": "LineString", "coordinates": [[103.1654191, 13.0716115], [103.1644712, 13.0711031], [103.163151, 13.0703524], [103.1628925, 13.0702007], [103.1625277, 13.0699708], [103.1621978, 13.0697983], [103.1620261, 13.0697173], [103.1619725, 13.0696677], [103.1619671, 13.0695971], [103.16201, 13.0694796], [103.1620717, 13.0692732], [103.1621093, 13.0691059], [103.1622648, 13.0688185], [103.1624642, 13.0685014]]}}, {"type": "Feature", "properties": {"highway": "residential"}, "geometry": {"type": "LineString", "coordinates": [[103.1701532, 13.0781602], [103.1698769, 13.079878]]}}, {"type": "Feature", "properties": {"highway": "residential"}, "geometry": {"type": "LineString", "coordinates": [[103.169608, 13.0781669], [103.169657, 13.0784411], [103.169437, 13.0798414]]}}, {"type": "Feature", "properties": {"highway": "residential"}, "geometry": {"type": "LineString", "coordinates": [[103.1749283, 13.0785861], [103.1738422, 13.0784822], [103.1734429, 13.0784441], [103.1732001, 13.0784251], [103.1706484, 13.0782257], [103.1701532, 13.0781602], [103.1696758, 13.0781119], [103.169608, 13.0781669], [103.169547, 13.0782164], [103.1689757, 13.0781667]]}}, {"type": "Feature", "properties": {"highway": "residential"}, "geometry": {"type": "LineString", "coordinates": [[103.1695832, 13.084775], [103.1686324, 13.0846303], [103.1681335, 13.0845493], [103.1678304, 13.0865453], [103.1683247, 13.08662], [103.1692668, 13.0867624]]}}, {"type": "Feature", "properties": {"highway": "residential"}, "geometry": {"type": "LineString", "coordinates": [[103.1691849, 13.0872768], [103.1692668, 13.0867624], [103.1695832, 13.084775], [103.1699442, 13.082507]]}}, {"type": "Feature", "properties": {"highway": "residential"}, "geometry": {"type": "LineString", "coordinates": [[103.168305, 13.0884613], [103.1682086, 13.0873709], [103.1683247, 13.08662], [103.1686324, 13.0846303]]}}, {"type": "Feature", "properties": {"highway": "service"}, "geometry": {"type": "LineString", "coordinates": [[103.216804, 13.102187], [103.2167782, 13.1020836]]}}, {"type": "Feature", "properties": {"highway": "residential"}, "geometry": {"type": "LineString", "coordinates": [[103.2159238, 13.1106743], [103.2158138, 13.110754], [103.2155912, 13.1109506], [103.2153457, 13.1112196], [103.2151848, 13.1113933], [103.2150547, 13.1115161], [103.2148842, 13.1116563]]}}, {"type": "Feature", "properties": {"highway": "track"}, "geometry": {"type": "LineString", "coordinates": [[103.1270326, 13.0704024], [103.1194269, 13.0700347], [103.1193628, 13.0700316], [103.1097722, 13.0696457], [103.1096627, 13.0696413]]}}, {"type": "Feature", "properties": {"highway": "tertiary"}, "geometry": {"type": "LineString", "coordinates": [[103.1921882, 13.0842881], [103.1923549, 13.0843056]]}}, {"type": "Feature", "properties": {"highway": "residential"}, "geometry": {"type": "LineString", "coordinates": [[103.2109634, 13.1201678], [103.2110755, 13.1202483], [103.211165, 13.1202857], [103.2114132, 13.1203763], [103.2114497, 13.1204155], [103.2114662, 13.1204652], [103.2115136, 13.120659], [103.2115392, 13.1209239], [103.2115009, 13.1212208], [103.2113877, 13.1215567], [103.2112608, 13.1219078], [103.2112666, 13.1219313], [103.2112838, 13.1219514], [103.2113631, 13.1219828], [103.2113884, 13.1220063], [103.2113976, 13.1220433], [103.2114059, 13.1222437], [103.2114139, 13.1222607], [103.2114371, 13.1222755], [103.2116616, 13.1223115], [103.2117123, 13.1223235], [103.2118101, 13.122366]]}}, {"type": "Feature", "properties": {"highway": "residential"}, "geometry": {"type": "LineString", "coordinates": [[103.2101155, 13.1006796], [103.2099777, 13.1002987], [103.2096366, 13.0993561]]}}, {"type": "Feature", "properties": {"highway": "residential"}, "geometry": {"type": "LineString", "coordinates": [[103.1904875, 13.1139945], [103.1902242, 13.1139677], [103.1901504, 13.1139939], [103.1900793, 13.1140761], [103.1901129, 13.114194], [103.1901678, 13.1142577], [103.1902295, 13.1142995], [103.1902349, 13.1143465], [103.1902322, 13.1144001], [103.190203, 13.1145817], [103.1901397, 13.1148337], [103.1901209, 13.1148794], [103.1900834, 13.1149277]]}}, {"type": "Feature", "properties": {"highway": "residential"}, "geometry": {"type": "LineString", "coordinates": [[103.1886831, 13.1149022], [103.1892116, 13.1147742], [103.1892867, 13.1147488], [103.1893122, 13.1147234], [103.1893793, 13.1145895], [103.1894074, 13.114532], [103.1894349, 13.1145085], [103.189461, 13.1145045], [103.189854, 13.1145006], [103.1899707, 13.1145307], [103.1900324, 13.1145542], [103.190203, 13.1145817]]}}, {"type": "Feature", "properties": {"highway": "residential"}, "geometry": {"type": "LineString", "coordinates": [[103.1958049, 13.1165931], [103.1957966, 13.1161918]]}}, {"type": "Feature", "properties": {"highway": "residential"}, "geometry": {"type": "LineString", "coordinates": [[103.1961684, 13.1161327], [103.1957966, 13.1161918], [103.1952199, 13.1162582]]}}, {"type": "Feature", "properties": {"highway": "residential"}, "geometry": {"type": "LineString", "coordinates": [[103.1941814, 13.1168257], [103.1941886, 13.1168292], [103.1953353, 13.1168077]]}}, {"type": "Feature", "properties": {"highway": "residential"}, "geometry": {"type": "LineString", "coordinates": [[103.1941147, 13.1161256], [103.1941758, 13.116816], [103.1941814, 13.1168257]]}}, {"type": "Feature", "properties": {"highway": "service"}, "geometry": {"type": "LineString", "coordinates": [[103.1925372, 13.1154313], [103.1924565, 13.1152582], [103.1923605, 13.1150335], [103.1923243, 13.1149956], [103.1922625, 13.1150148]]}}, {"type": "Feature", "properties": {"highway": "service"}, "geometry": {"type": "LineString", "coordinates": [[103.1918723, 13.115236], [103.1922625, 13.1150148]]}}, {"type": "Feature", "properties": {"highway": "residential"}, "geometry": {"type": "LineString", "coordinates": [[103.191981, 13.1156826], [103.19193, 13.1159465], [103.1919059, 13.1159622], [103.191875, 13.1159648], [103.1916647, 13.1159728], [103.1916001, 13.1159752], [103.1915572, 13.1159804], [103.1912581, 13.1160823], [103.1912031, 13.1160875], [103.1908705, 13.1160758], [103.1908169, 13.1160771], [103.1907431, 13.1160928]]}}, {"type": "Feature", "properties": {"highway": "residential"}, "geometry": {"type": "LineString", "coordinates": [[103.1956675, 13.1155674], [103.1959909, 13.1155011], [103.1966606, 13.115437], [103.1970408, 13.1153758]]}}, {"type": "Feature", "properties": {"highway": "residential"}, "geometry": {"type": "LineString", "coordinates": [[103.1924195, 13.1134518], [103.1926221, 13.1134636], [103.1927267, 13.1134492], [103.1928903, 13.1134283], [103.193066, 13.1134074], [103.1933637, 13.1133604], [103.1935944, 13.1132912]]}}, {"type": "Feature", "properties": {"highway": "residential"}, "geometry": {"type": "LineString", "coordinates": [[103.1937925, 13.114035], [103.1938085, 13.1142444], [103.1938639, 13.1142743], [103.1939169, 13.1142849], [103.1941034, 13.1142368], [103.1941559, 13.1142701], [103.1941824, 13.1143334], [103.1942923, 13.1147392]]}}, {"type": "Feature", "properties": {"highway": "residential"}, "geometry": {"type": "LineString", "coordinates": [[103.1933557, 13.1169496], [103.1932766, 13.1169536], [103.1932256, 13.1169536], [103.1931308, 13.1169626], [103.1926328, 13.116994]]}}, {"type": "Feature", "properties": {"highway": "residential"}, "geometry": {"type": "LineString", "coordinates": [[103.1937483, 13.116583], [103.1933228, 13.1165839], [103.1929321, 13.1166001], [103.1928595, 13.1165952], [103.1928054, 13.1165836], [103.1926922, 13.1165409], [103.1926567, 13.1165326], [103.1925469, 13.1165235]]}}, {"type": "Feature", "properties": {"highway": "service"}, "geometry": {"type": "LineString", "coordinates": [[103.1938345, 13.1161163], [103.1938345, 13.1160092], [103.1938408, 13.1159322], [103.1938308, 13.1159246], [103.1937449, 13.115919], [103.1933466, 13.1159103]]}}, {"type": "Feature", "properties": {"highway": "residential"}, "geometry": {"type": "LineString", "coordinates": [[103.1933556, 13.1153339], [103.1933466, 13.1159103], [103.1933228, 13.1165839]]}}, {"type": "Feature", "properties": {"highway": "residential"}, "geometry": {"type": "LineString", "coordinates": [[103.2074862, 13.0891218], [103.2072782, 13.0885168]]}}, {"type": "Feature", "properties": {"highway": "residential"}, "geometry": {"type": "LineString", "coordinates": [[103.2058045, 13.0889939], [103.2057461, 13.0886445], [103.2056161, 13.0883741], [103.2055517, 13.0883362], [103.2055195, 13.0883375], [103.2054095, 13.088378]]}}, {"type": "Feature", "properties": {"highway": "service"}, "geometry": {"type": "LineString", "coordinates": [[103.1668987, 13.0723686], [103.1665348, 13.0723416]]}}, {"type": "Feature", "properties": {"highway": "residential"}, "geometry": {"type": "LineString", "coordinates": [[103.1703514, 13.0720357], [103.1701199, 13.0718572], [103.1700861, 13.0718078], [103.170076, 13.0717535], [103.1701281, 13.0715951]]}}, {"type": "Feature", "properties": {"highway": "residential"}, "geometry": {"type": "LineString", "coordinates": [[103.1705318, 13.0720975], [103.1710611, 13.0721354]]}}, {"type": "Feature", "properties": {"highway": "residential"}, "geometry": {"type": "LineString", "coordinates": [[103.1717789, 13.0719243], [103.1718841, 13.0712268], [103.1720223, 13.0704825]]}}, {"type": "Feature", "properties": {"highway": "residential"}, "geometry": {"type": "LineString", "coordinates": [[103.1703495, 13.0711639], [103.1708513, 13.0711839], [103.1718841, 13.0712268], [103.1728975, 13.0713087]]}}, {"type": "Feature", "properties": {"highway": "residential"}, "geometry": {"type": "LineString", "coordinates": [[103.1704762, 13.0720135], [103.1708513, 13.0711839], [103.1709848, 13.0706767]]}}, {"type": "Feature", "properties": {"highway": "residential"}, "geometry": {"type": "LineString", "coordinates": [[103.1701859, 13.0726063], [103.1702683, 13.0724214]]}}, {"type": "Feature", "properties": {"highway": "residential"}, "geometry": {"type": "LineString", "coordinates": [[103.1703741, 13.0721839], [103.1703288, 13.0721302], [103.1703296, 13.0720606], [103.1703514, 13.0720357], [103.1703761, 13.0720077], [103.1704466, 13.0719964], [103.1704762, 13.0720135], [103.1705081, 13.0720318], [103.1705318, 13.0720975], [103.1705066, 13.0721626], [103.1704444, 13.0721968], [103.1703741, 13.0721839]]}}, {"type": "Feature", "properties": {"highway": "primary"}, "geometry": {"type": "LineString", "coordinates": [[103.2019085, 13.1054874], [103.2020768, 13.1053525], [103.2034168, 13.1047477], [103.2066019, 13.1033084], [103.2066559, 13.1032762], [103.2067003, 13.1032452], [103.2067578, 13.1031851], [103.2067856, 13.1031279], [103.2068045, 13.1030448], [103.206837, 13.1028366], [103.2069734, 13.1018082], [103.2072358, 13.0998498], [103.2074772, 13.0980482], [103.2076475, 13.0967281], [103.2077059, 13.0962882], [103.2077834, 13.0961185]]}}, {"type": "Feature", "properties": {"highway": "primary"}, "geometry": {"type": "LineString", "coordinates": [[103.2085734, 13.0907598], [103.2085292, 13.0909238], [103.2084888, 13.0912255], [103.2084161, 13.0917686], [103.2083305, 13.0924075], [103.2082617, 13.0929213], [103.2080124, 13.094873], [103.2079649, 13.0952453], [103.207878, 13.0954485]]}}, {"type": "Feature", "properties": {"highway": "primary"}, "geometry": {"type": "LineString", "coordinates": [[103.2019085, 13.1054874], [103.2018033, 13.1055416]]}}, {"type": "Feature", "properties": {"highway": "trunk"}, "geometry": {"type": "LineString", "coordinates": [[103.1963636, 13.0468677], [103.19676860443685, 13.046855338866397]]}}, {"type": "Feature", "properties": {"highway": "trunk"}, "geometry": {"type": "LineString", "coordinates": [[103.19671994148624, 13.047020078154159], [103.1963538, 13.0470296]]}}, {"type": "Feature", "properties": {"highway": "residential"}, "geometry": {"type": "LineString", "coordinates": [[103.2067238, 13.1034362], [103.2067654, 13.103431], [103.2068176, 13.1034284], [103.2071542, 13.103466], [103.2086026, 13.1035814]]}}, {"type": "Feature", "properties": {"highway": "residential"}, "geometry": {"type": "LineString", "coordinates": [[103.2066019, 13.1033084], [103.2066634, 13.1033879]]}}, {"type": "Feature", "properties": {"highway": "residential"}, "geometry": {"type": "LineString", "coordinates": [[103.206837, 13.1028366], [103.2069323, 13.1028497]]}}, {"type": "Feature", "properties": {"highway": "track"}, "geometry": {"type": "LineString", "coordinates": [[103.1096372, 13.0856257], [103.1190131, 13.0859967], [103.1257376, 13.0863223]]}}, {"type": "Feature", "properties": {"highway": "residential"}, "geometry": {"type": "LineString", "coordinates": [[103.1957371, 13.0921545], [103.1956368, 13.0924897]]}}, {"type": "Feature", "properties": {"highway": "residential"}, "geometry": {"type": "LineString", "coordinates": [[103.2048663, 13.1189912], [103.2058331, 13.1185612]]}}, {"type": "Feature", "properties": {"highway": "service"}, "geometry": {"type": "LineString", "coordinates": [[103.1917486, 13.1221014], [103.1918339, 13.1220644], [103.1918794, 13.1220552], [103.1919809, 13.1220642]]}}, {"type": "Feature", "properties": {"highway": "service"}, "geometry": {"type": "LineString", "coordinates": [[103.1918547, 13.1224973], [103.1921544, 13.122589], [103.1922132, 13.122613], [103.1922436, 13.1226352], [103.19231, 13.122807]]}}, {"type": "Feature", "properties": {"highway": "service"}, "geometry": {"type": "LineString", "coordinates": [[103.1909141, 13.1225502], [103.1915286, 13.1225927], [103.1917872, 13.1226209]]}}, {"type": "Feature", "properties": {"highway": "residential"}, "geometry": {"type": "LineString", "coordinates": [[103.1668877, 13.1272933], [103.1668353, 13.1254448], [103.1667334, 13.1235075], [103.1672242, 13.123484], [103.1672966, 13.1254266], [103.167369, 13.1272721]]}}, {"type": "Feature", "properties": {"highway": "residential"}, "geometry": {"type": "LineString", "coordinates": [[103.1685923, 13.1253756], [103.1672966, 13.1254266], [103.1668353, 13.1254448], [103.1666127, 13.1254536]]}}, {"type": "Feature", "properties": {"highway": "unclassified"}, "geometry": {"type": "LineString", "coordinates": [[103.1877619, 13.1298184], [103.1876707, 13.1263652], [103.1876479, 13.1239464]]}}, {"type": "Feature", "properties": {"highway": "residential"}, "geometry": {"type": "LineString", "coordinates": [[103.1776921, 13.1172969], [103.177744, 13.1184672], [103.177772, 13.1189298], [103.1779022, 13.1220566]]}}, {"type": "Feature", "properties": {"highway": "service"}, "geometry": {"type": "LineString", "coordinates": [[103.1932112, 13.1077337], [103.193184, 13.1078224], [103.1931478, 13.107842], [103.1930847, 13.1078341], [103.1930378, 13.107791], [103.1929914, 13.1077441]]}}, {"type": "Feature", "properties": {"highway": "service"}, "geometry": {"type": "LineString", "coordinates": [[103.1923782, 13.1076922], [103.1923203, 13.1078158], [103.1922754, 13.107872]]}}, {"type": "Feature", "properties": {"highway": "service"}, "geometry": {"type": "LineString", "coordinates": [[103.1922754, 13.107872], [103.1921563, 13.1078713]]}}, {"type": "Feature", "properties": {"highway": "service"}, "geometry": {"type": "LineString", "coordinates": [[103.1921563, 13.1078713], [103.1921192, 13.1078511], [103.1920843, 13.107808], [103.1920753, 13.1076579]]}}, {"type": "Feature", "properties": {"highway": "residential"}, "geometry": {"type": "LineString", "coordinates": [[103.189846, 13.1035054], [103.1897977, 13.1037196], [103.1897306, 13.1038085], [103.1896743, 13.1038764], [103.1896609, 13.1039835], [103.189648, 13.1042943], [103.1896237, 13.1048813]]}}, {"type": "Feature", "properties": {"highway": "service"}, "geometry": {"type": "LineString", "coordinates": [[103.2008269, 13.1202397], [103.2003012, 13.1204069]]}}, {"type": "Feature", "properties": {"highway": "residential"}, "geometry": {"type": "LineString", "coordinates": [[103.2005653, 13.1190913], [103.1996763, 13.1192314], [103.1996562, 13.1192278], [103.1996444, 13.1192088], [103.1996156, 13.1188342], [103.199586, 13.1187554], [103.1995245, 13.1187188], [103.1991807, 13.1186177], [103.1990309, 13.1185737]]}}, {"type": "Feature", "properties": {"highway": "residential"}, "geometry": {"type": "LineString", "coordinates": [[103.2017602, 13.1176861], [103.2014599, 13.1177294]]}}, {"type": "Feature", "properties": {"highway": "path"}, "geometry": {"type": "LineString", "coordinates": [[103.1884332, 13.122467], [103.1884727, 13.1222824], [103.1885625, 13.122063], [103.1886618, 13.121935], [103.1887101, 13.1219036], [103.1887701, 13.1218922], [103.1889072, 13.1219232]]}}, {"type": "Feature", "properties": {"highway": "path"}, "geometry": {"type": "LineString", "coordinates": [[103.1875717, 13.1220616], [103.187837, 13.1220486], [103.1884392, 13.1220081], [103.1884901, 13.1219885], [103.1885223, 13.1218605], [103.1885558, 13.1215824], [103.1885478, 13.1212467]]}}, {"type": "Feature", "properties": {"highway": "residential"}, "geometry": {"type": "LineString", "coordinates": [[103.2023152, 13.1206994], [103.2025879, 13.1211823]]}}, {"type": "Feature", "properties": {"highway": "residential"}, "geometry": {"type": "LineString", "coordinates": [[103.1928393, 13.1263071], [103.1930003, 13.125673]]}}, {"type": "Feature", "properties": {"highway": "path"}, "geometry": {"type": "LineString", "coordinates": [[103.1890289, 13.1206501], [103.1890333, 13.1209241], [103.1890252, 13.1211017], [103.188985, 13.1213081]]}}, {"type": "Feature", "properties": {"highway": "residential"}, "geometry": {"type": "LineString", "coordinates": [[103.1875124, 13.1202279], [103.1875996, 13.1202329]]}}, {"type": "Feature", "properties": {"highway": "residential"}, "geometry": {"type": "LineString", "coordinates": [[103.1904187, 13.1250981], [103.1902242, 13.1250278], [103.189795, 13.1249155], [103.1897528, 13.1248724]]}}, {"type": "Feature", "properties": {"highway": "residential"}, "geometry": {"type": "LineString", "coordinates": [[103.1894785, 13.1238595], [103.1900176, 13.12409]]}}, {"type": "Feature", "properties": {"highway": "residential"}, "geometry": {"type": "LineString", "coordinates": [[103.1876301, 13.12351], [103.1879041, 13.1235258], [103.1883842, 13.123612], [103.1886363, 13.1237296], [103.1888509, 13.1238184], [103.1889823, 13.1238393], [103.1890628, 13.1238393], [103.1894436, 13.1238732], [103.1894785, 13.1238595], [103.1895027, 13.1237485], [103.1895174, 13.1235807], [103.1895496, 13.1234004], [103.1895845, 13.123373], [103.1897588, 13.1233887]]}}, {"type": "Feature", "properties": {"highway": "residential"}, "geometry": {"type": "LineString", "coordinates": [[103.1945221, 13.121491], [103.1941596, 13.1215112]]}}, {"type": "Feature", "properties": {"highway": "residential"}, "geometry": {"type": "LineString", "coordinates": [[103.1891379, 13.0833515], [103.1891801, 13.0828263], [103.1891898, 13.0827947], [103.1892033, 13.0827359], [103.1892347, 13.0827346], [103.1893469, 13.0827407]]}}, {"type": "Feature", "properties": {"highway": "service"}, "geometry": {"type": "LineString", "coordinates": [[103.1893517, 13.0815609], [103.189626, 13.0814874]]}}, {"type": "Feature", "properties": {"highway": "residential"}, "geometry": {"type": "LineString", "coordinates": [[103.1878796, 13.0818685], [103.1879067, 13.0817878], [103.1879443, 13.0817356], [103.1879577, 13.0816729], [103.1879617, 13.0815487], [103.1879721, 13.0810363]]}}, {"type": "Feature", "properties": {"highway": "residential"}, "geometry": {"type": "LineString", "coordinates": [[103.1891405, 13.085211], [103.1887785, 13.0851182], [103.1885619, 13.0850111], [103.1885532, 13.0849889], [103.1885578, 13.0849667], [103.1885766, 13.0849366]]}}, {"type": "Feature", "properties": {"highway": "residential"}, "geometry": {"type": "LineString", "coordinates": [[103.1839374, 13.0837296], [103.1843441, 13.0838544], [103.1843602, 13.0838763], [103.1843568, 13.0839073], [103.184324, 13.084148], [103.1843076, 13.0841633], [103.1842851, 13.0841721], [103.1839223, 13.084096], [103.1839009, 13.0840699], [103.1838915, 13.0840373]]}}, {"type": "Feature", "properties": {"highway": "residential"}, "geometry": {"type": "LineString", "coordinates": [[103.1838915, 13.0840373], [103.1839374, 13.0837296], [103.1839432, 13.0835922], [103.1839475, 13.0834911]]}}, {"type": "Feature", "properties": {"highway": "residential"}, "geometry": {"type": "LineString", "coordinates": [[103.1922198, 13.1085177], [103.1922243, 13.1081861], [103.1922403, 13.1080774], [103.1922961, 13.107941], [103.192429, 13.1076979]]}}, {"type": "Feature", "properties": {"highway": "residential"}, "geometry": {"type": "LineString", "coordinates": [[103.1925029, 13.1092328], [103.1926578, 13.1092461], [103.192774, 13.1092683], [103.1929194, 13.1093242]]}}, {"type": "Feature", "properties": {"highway": "residential"}, "geometry": {"type": "LineString", "coordinates": [[103.1957282, 13.0876775], [103.1957281, 13.0877602], [103.1956546, 13.0880393]]}}, {"type": "Feature", "properties": {"highway": "residential"}, "geometry": {"type": "LineString", "coordinates": [[103.1970083, 13.084802], [103.1963867, 13.086795]]}}, {"type": "Feature", "properties": {"highway": "residential"}, "geometry": {"type": "LineString", "coordinates": [[103.1956922, 13.0858198], [103.1961923, 13.0859545]]}}, {"type": "Feature", "properties": {"highway": "residential"}, "geometry": {"type": "LineString", "coordinates": [[103.1955079, 13.0864043], [103.1956922, 13.0858198], [103.1958635, 13.085271]]}}, {"type": "Feature", "properties": {"highway": "residential"}, "geometry": {"type": "LineString", "coordinates": [[103.1953533, 13.0863747], [103.1952411, 13.0868533], [103.1951803, 13.0871116]]}}, {"type": "Feature", "properties": {"highway": "service"}, "geometry": {"type": "LineString", "coordinates": [[103.1968488, 13.0960617], [103.196773, 13.0956536]]}}, {"type": "Feature", "properties": {"highway": "service"}, "geometry": {"type": "LineString", "coordinates": [[103.1968026, 13.0921191], [103.1972745, 13.0922827]]}}, {"type": "Feature", "properties": {"highway": "service"}, "geometry": {"type": "LineString", "coordinates": [[103.1966821, 13.0926735], [103.196702, 13.0924381], [103.1967195, 13.0923554], [103.1968026, 13.0921191], [103.1969176, 13.0917915], [103.1969467, 13.0917654], [103.1969827, 13.0917587], [103.1972978, 13.0918622], [103.1973536, 13.0918868], [103.1973666, 13.0919144], [103.197366, 13.091974]]}}, {"type": "Feature", "properties": {"highway": "service"}, "geometry": {"type": "LineString", "coordinates": [[103.1983862, 13.092738], [103.1986308, 13.092813]]}}, {"type": "Feature", "properties": {"highway": "service"}, "geometry": {"type": "LineString", "coordinates": [[103.1969168, 13.089045], [103.197095, 13.0884981]]}}, {"type": "Feature", "properties": {"highway": "residential"}, "geometry": {"type": "LineString", "coordinates": [[103.1960058, 13.0912843], [103.1961838, 13.0907634]]}}, {"type": "Feature", "properties": {"highway": "service"}, "geometry": {"type": "LineString", "coordinates": [[103.1988385, 13.0910661], [103.1986614, 13.0909951], [103.1986382, 13.0909624], [103.198629, 13.0909365], [103.1987356, 13.0904726]]}}, {"type": "Feature", "properties": {"highway": "service"}, "geometry": {"type": "LineString", "coordinates": [[103.197602, 13.0909656], [103.1977002, 13.0909934], [103.1977372, 13.09099], [103.1977661, 13.0909793], [103.1977991, 13.0909539], [103.1979062, 13.0906856], [103.197912, 13.090631], [103.1978969, 13.0905977], [103.1978257, 13.0905667]]}}, {"type": "Feature", "properties": {"highway": "service"}, "geometry": {"type": "LineString", "coordinates": [[103.197602, 13.0909656], [103.197401, 13.0908801], [103.1973871, 13.0908587], [103.1973825, 13.0908271], [103.197476, 13.090538], [103.1975248, 13.0904991], [103.1975619, 13.0904844], [103.1978257, 13.0905667]]}}, {"type": "Feature", "properties": {"highway": "residential"}, "geometry": {"type": "LineString", "coordinates": [[103.1990309, 13.1185737], [103.1990071, 13.1190146], [103.1990232, 13.119204]]}}, {"type": "Feature", "properties": {"highway": "service"}, "geometry": {"type": "LineString", "coordinates": [[103.2014753, 13.1223733], [103.2014537, 13.1224038], [103.2013248, 13.1224637]]}}, {"type": "Feature", "properties": {"highway": "service"}, "geometry": {"type": "LineString", "coordinates": [[103.2012908, 13.1223157], [103.2014047, 13.1223123], [103.2014491, 13.1223146], [103.201469, 13.1223428], [103.2014753, 13.1223733]]}}, {"type": "Feature", "properties": {"highway": "residential"}, "geometry": {"type": "LineString", "coordinates": [[103.2011302, 13.1182486], [103.2014127, 13.1189806], [103.2014446, 13.1190161], [103.2014765, 13.1190361], [103.2015357, 13.119025]]}}, {"type": "Feature", "properties": {"highway": "service"}, "geometry": {"type": "LineString", "coordinates": [[103.2032751, 13.1189175], [103.2036257, 13.118686]]}}, {"type": "Feature", "properties": {"highway": "service"}, "geometry": {"type": "LineString", "coordinates": [[103.2012555, 13.1205844], [103.2010071, 13.1206338]]}}, {"type": "Feature", "properties": {"highway": "service"}, "geometry": {"type": "LineString", "coordinates": [[103.201194, 13.1202827], [103.200857, 13.1203748]]}}, {"type": "Feature", "properties": {"highway": "residential"}, "geometry": {"type": "LineString", "coordinates": [[103.194159, 13.1080065], [103.1942797, 13.1080169], [103.1944917, 13.1079889]]}}, {"type": "Feature", "properties": {"highway": "residential"}, "geometry": {"type": "LineString", "coordinates": [[103.1924362, 13.1111708], [103.1928527, 13.1113293]]}}, {"type": "Feature", "properties": {"highway": "residential"}, "geometry": {"type": "LineString", "coordinates": [[103.1953445, 13.1117839], [103.1962725, 13.1116074]]}}, {"type": "Feature", "properties": {"highway": "residential"}, "geometry": {"type": "LineString", "coordinates": [[103.195543, 13.1104803], [103.1956851, 13.110496], [103.1960341, 13.1104609]]}}, {"type": "Feature", "properties": {"highway": "residential"}, "geometry": {"type": "LineString", "coordinates": [[103.193544, 13.108282], [103.1939739, 13.1082298]]}}, {"type": "Feature", "properties": {"highway": "service"}, "geometry": {"type": "LineString", "coordinates": [[103.1950884, 13.1068884], [103.1951152, 13.1068244], [103.1951286, 13.1066389], [103.1950709, 13.1065338], [103.1950159, 13.106507], [103.194924, 13.1065024]]}}, {"type": "Feature", "properties": {"highway": "service"}, "geometry": {"type": "LineString", "coordinates": [[103.1952492, 13.1066124], [103.1951286, 13.1066389]]}}, {"type": "Feature", "properties": {"highway": "service"}, "geometry": {"type": "LineString", "coordinates": [[103.194924, 13.1065024], [103.1948563, 13.1065514], [103.1948349, 13.1066415], [103.1948456, 13.1067225], [103.1949033, 13.1068897], [103.1949663, 13.1069119], [103.1950884, 13.1068884]]}}, {"type": "Feature", "properties": {"highway": "residential"}, "geometry": {"type": "LineString", "coordinates": [[103.1939623, 13.1071257], [103.1938462, 13.1065292]]}}, {"type": "Feature", "properties": {"highway": "residential"}, "geometry": {"type": "LineString", "coordinates": [[103.1942951, 13.1070599], [103.1939623, 13.1071257], [103.1937352, 13.1071705], [103.1936789, 13.1071627], [103.1936601, 13.1071287]]}}, {"type": "Feature", "properties": {"highway": "service"}, "geometry": {"type": "LineString", "coordinates": [[103.1949375, 13.0995786], [103.1948561, 13.0994281], [103.1948355, 13.099374], [103.1947501, 13.0989146], [103.194645, 13.0983469], [103.1946368, 13.0982446], [103.1946616, 13.0981675], [103.1947912, 13.0979168]]}}, {"type": "Feature", "properties": {"highway": "service"}, "geometry": {"type": "LineString", "coordinates": [[103.2013883, 13.1082058], [103.2014215, 13.1077898]]}}, {"type": "Feature", "properties": {"highway": "service"}, "geometry": {"type": "LineString", "coordinates": [[103.2026471, 13.10867], [103.2026321, 13.1085958]]}}, {"type": "Feature", "properties": {"highway": "service"}, "geometry": {"type": "LineString", "coordinates": [[103.2026385, 13.1088928], [103.2026589, 13.1088607], [103.2026616, 13.1088085], [103.2026471, 13.10867]]}}, {"type": "Feature", "properties": {"highway": "service"}, "geometry": {"type": "LineString", "coordinates": [[103.2026321, 13.1085958], [103.2026177, 13.1085111], [103.2025928, 13.1083542], [103.202498, 13.1077583], [103.2024309, 13.1076904], [103.2023381, 13.1076589]]}}, {"type": "Feature", "properties": {"highway": "service"}, "geometry": {"type": "LineString", "coordinates": [[103.2039277, 13.1026803], [103.2039404, 13.102934], [103.2040217, 13.1033957]]}}, {"type": "Feature", "properties": {"highway": "service"}, "geometry": {"type": "LineString", "coordinates": [[103.2052513, 13.1024196], [103.2052526, 13.1023063], [103.2051995, 13.1021998], [103.2051614, 13.1021698], [103.205108, 13.1021707], [103.2043241, 13.10237], [103.2042825, 13.1023973], [103.2042662, 13.1024207], [103.2042979, 13.1028994]]}}, {"type": "Feature", "properties": {"highway": "service"}, "geometry": {"type": "LineString", "coordinates": [[103.207658, 13.1044392], [103.2075819, 13.1043899], [103.2075129, 13.1043558], [103.2074283, 13.1043202], [103.2072201, 13.1042207], [103.2071894, 13.104187], [103.2071809, 13.1040916]]}}, {"type": "Feature", "properties": {"highway": "service"}, "geometry": {"type": "LineString", "coordinates": [[103.205134, 13.1006001], [103.2060632, 13.1006537]]}}, {"type": "Feature", "properties": {"highway": "service"}, "geometry": {"type": "LineString", "coordinates": [[103.2052412, 13.090721], [103.2056444, 13.0905457]]}}, {"type": "Feature", "properties": {"highway": "service"}, "geometry": {"type": "LineString", "coordinates": [[103.2093757, 13.0901172], [103.2092908, 13.0898176], [103.2093036, 13.0897814], [103.2093187, 13.089769], [103.2095981, 13.0896595]]}}, {"type": "Feature", "properties": {"highway": "service"}, "geometry": {"type": "LineString", "coordinates": [[103.2088769, 13.090739], [103.2087748, 13.0908439], [103.2086833, 13.0909378], [103.2086449, 13.0910009], [103.2086397, 13.0911614]]}}, {"type": "Feature", "properties": {"highway": "service"}, "geometry": {"type": "LineString", "coordinates": [[103.208939, 13.0905427], [103.2088769, 13.090739], [103.2089187, 13.0910541], [103.2089071, 13.0911043], [103.2088787, 13.0911201], [103.2088117, 13.0911312], [103.2086397, 13.0911614], [103.2084888, 13.0912255]]}}, {"type": "Feature", "properties": {"highway": "service"}, "geometry": {"type": "LineString", "coordinates": [[103.2073165, 13.0905301], [103.2084493, 13.0901487]]}}, {"type": "Feature", "properties": {"highway": "service"}, "geometry": {"type": "LineString", "coordinates": [[103.2072667, 13.0906499], [103.2073165, 13.0905301], [103.2073072, 13.0904895], [103.2070533, 13.0897148]]}}, {"type": "Feature", "properties": {"highway": "service"}, "geometry": {"type": "LineString", "coordinates": [[103.2060168, 13.0909648], [103.2068353, 13.090669], [103.2068701, 13.0906617], [103.2069113, 13.0906594], [103.2070477, 13.0907235]]}}, {"type": "Feature", "properties": {"highway": "residential"}, "geometry": {"type": "LineString", "coordinates": [[103.2088051, 13.0882677], [103.2092132, 13.0882852], [103.2093059, 13.0882784], [103.2097384, 13.0881487]]}}, {"type": "Feature", "properties": {"highway": "residential"}, "geometry": {"type": "LineString", "coordinates": [[103.21538454264464, 13.1146022836553], [103.2150292, 13.114643], [103.2147557, 13.1146587], [103.2146792, 13.1146822], [103.2145424, 13.114741]]}}, {"type": "Feature", "properties": {"highway": "residential"}, "geometry": {"type": "LineString", "coordinates": [[103.2138678, 13.1134975], [103.2137163, 13.1135419], [103.2136841, 13.113572], [103.2135835, 13.113666], [103.2135554, 13.113683], [103.2132228, 13.1137953], [103.2129702, 13.1139049]]}}, {"type": "Feature", "properties": {"highway": "residential"}, "geometry": {"type": "LineString", "coordinates": [[103.2118261, 13.1126238], [103.2122357, 13.1123375], [103.2122812, 13.112319], [103.2123325, 13.1123172], [103.2124519, 13.1123246], [103.212505, 13.1123393], [103.2127402, 13.1124853], [103.2127914, 13.1124964], [103.2128341, 13.1124964], [103.2128863, 13.1124945], [103.2131148, 13.1124594], [103.2131565, 13.1124465], [103.2131964, 13.1124271], [103.2133775, 13.1123357], [103.2134259, 13.1123273], [103.2134704, 13.1123273], [103.214029, 13.1123172], [103.2140707, 13.1123144], [103.2140954, 13.1123006], [103.2141048, 13.1122747], [103.2141475, 13.1114782]]}}, {"type": "Feature", "properties": {"highway": "service"}, "geometry": {"type": "LineString", "coordinates": [[103.2040478, 13.0921908], [103.2042146, 13.0926051]]}}, {"type": "Feature", "properties": {"highway": "service"}, "geometry": {"type": "LineString", "coordinates": [[103.2019585, 13.0939949], [103.2022445, 13.0940027]]}}, {"type": "Feature", "properties": {"highway": "service"}, "geometry": {"type": "LineString", "coordinates": [[103.2026132, 13.0917795], [103.203394, 13.0920334]]}}, {"type": "Feature", "properties": {"highway": "residential"}, "geometry": {"type": "LineString", "coordinates": [[103.2025973, 13.0913681], [103.202734, 13.091031], [103.2028493, 13.0908586], [103.2028735, 13.0907933], [103.2028735, 13.0906705], [103.2028869, 13.0906026], [103.2029177, 13.0905777]]}}, {"type": "Feature", "properties": {"highway": "service"}, "geometry": {"type": "LineString", "coordinates": [[103.2011905, 13.0928817], [103.2011555, 13.0930309], [103.2011542, 13.0930831], [103.201181, 13.0931119], [103.2013902, 13.0931903], [103.201413, 13.0932138], [103.2014197, 13.0932517], [103.201346, 13.093504]]}}, {"type": "Feature", "properties": {"highway": "unclassified"}, "geometry": {"type": "LineString", "coordinates": [[103.1526221, 13.0322796], [103.1526637, 13.0321883], [103.1526793, 13.032073], [103.15265630242635, 13.031663004794856]]}}, {"type": "Feature", "properties": {"highway": "unclassified"}, "geometry": {"type": "LineString", "coordinates": [[103.1521179, 13.0353379], [103.1520275, 13.0334851], [103.1521055, 13.033191], [103.152181, 13.0329907], [103.1522408, 13.0326434], [103.1523007, 13.0325648], [103.1526221, 13.0322796]]}}, {"type": "Feature", "properties": {"highway": "residential"}, "geometry": {"type": "LineString", "coordinates": [[103.1856698, 13.0366641], [103.1862786, 13.0365909], [103.1863216, 13.0365648], [103.1863457, 13.0365099], [103.1862867, 13.0361336], [103.1862679, 13.035969], [103.1862867, 13.0358175], [103.1863367, 13.0356642]]}}, {"type": "Feature", "properties": {"highway": "residential"}, "geometry": {"type": "LineString", "coordinates": [[103.1846323, 13.0369811], [103.1854606, 13.0368758]]}}, {"type": "Feature", "properties": {"highway": "service"}, "geometry": {"type": "LineString", "coordinates": [[103.2011371, 13.0949685], [103.2011515, 13.0952136], [103.2011783, 13.0954422], [103.2012266, 13.095791]]}}, {"type": "Feature", "properties": {"highway": "residential"}, "geometry": {"type": "LineString", "coordinates": [[103.2058346, 13.0936958], [103.2062826, 13.0935286], [103.2068391, 13.0932648]]}}, {"type": "Feature", "properties": {"highway": "service"}, "geometry": {"type": "LineString", "coordinates": [[103.2050091, 13.0933577], [103.2050827, 13.0933429]]}}, {"type": "Feature", "properties": {"highway": "service"}, "geometry": {"type": "LineString", "coordinates": [[103.2047403, 13.0947408], [103.2050192, 13.0947277], [103.2050595, 13.0947042], [103.2050876, 13.0946506], [103.2051145, 13.0946141], [103.205152, 13.094601], [103.2054621, 13.0946113]]}}, {"type": "Feature", "properties": {"highway": "service"}, "geometry": {"type": "LineString", "coordinates": [[103.2050313, 13.0960667], [103.2050407, 13.0954278], [103.2050702, 13.0953573], [103.2051587, 13.0953233], [103.2056138, 13.0952695]]}}, {"type": "Feature", "properties": {"highway": "service"}, "geometry": {"type": "LineString", "coordinates": [[103.2041414, 13.0963084], [103.2041315, 13.0962409]]}}, {"type": "Feature", "properties": {"highway": "residential"}, "geometry": {"type": "LineString", "coordinates": [[103.1965538, 13.1130076], [103.1963798, 13.1129881], [103.1957643, 13.1128549]]}}, {"type": "Feature", "properties": {"highway": "service"}, "geometry": {"type": "LineString", "coordinates": [[103.1967689, 13.1140278], [103.1979825, 13.1141427], [103.1980794, 13.1141474]]}}, {"type": "Feature", "properties": {"highway": "residential"}, "geometry": {"type": "LineString", "coordinates": [[103.1984127, 13.110355], [103.1985645, 13.1112575], [103.1986462, 13.1117746]]}}, {"type": "Feature", "properties": {"highway": "residential"}, "geometry": {"type": "LineString", "coordinates": [[103.1693418, 13.0700848], [103.1696167, 13.0701432], [103.1697375, 13.0701745], [103.1699145, 13.0702125], [103.1700861, 13.0702491], [103.1701948, 13.0702712], [103.170294, 13.0702817], [103.1703477, 13.0702725], [103.1703825, 13.0702373], [103.1704335, 13.0700374], [103.1704523, 13.0698218], [103.170463, 13.0696272]]}}, {"type": "Feature", "properties": {"highway": "residential"}, "geometry": {"type": "LineString", "coordinates": [[103.1692666, 13.0708974], [103.1689315, 13.0708983]]}}, {"type": "Feature", "properties": {"highway": "service"}, "geometry": {"type": "LineString", "coordinates": [[103.1690315, 13.0742073], [103.1690025, 13.0748931]]}}, {"type": "Feature", "properties": {"highway": "service"}, "geometry": {"type": "LineString", "coordinates": [[103.1694505, 13.0741877], [103.1690315, 13.0742073], [103.1686136, 13.0742268], [103.1685868, 13.0742569], [103.1685841, 13.0743052], [103.1685787, 13.0748957]]}}, {"type": "Feature", "properties": {"highway": "service"}, "geometry": {"type": "LineString", "coordinates": [[103.1663438, 13.0709974], [103.1665594, 13.0711127]]}}, {"type": "Feature", "properties": {"highway": "service"}, "geometry": {"type": "LineString", "coordinates": [[103.1667755, 13.070882], [103.1666234, 13.0710002], [103.1665594, 13.0711127], [103.1665269, 13.07117], [103.1664249, 13.0713529], [103.1663981, 13.0713673], [103.1663726, 13.0713503], [103.16626, 13.0712889], [103.1662506, 13.0712588], [103.1662734, 13.0712105], [103.1663311, 13.0710394], [103.1663438, 13.0709974], [103.1663592, 13.0709244], [103.1663686, 13.0708316], [103.1663798, 13.0706776]]}}, {"type": "Feature", "properties": {"highway": "service"}, "geometry": {"type": "LineString", "coordinates": [[103.1993853, 13.0917483], [103.199403, 13.091709]]}}, {"type": "Feature", "properties": {"highway": "service"}, "geometry": {"type": "LineString", "coordinates": [[103.1994589, 13.0915712], [103.1995027, 13.0915444], [103.1995008, 13.0914941], [103.1994551, 13.0914705]]}}, {"type": "Feature", "properties": {"highway": "residential"}, "geometry": {"type": "LineString", "coordinates": [[103.2036647, 13.0817526], [103.2032955, 13.0815872]]}}, {"type": "Feature", "properties": {"highway": "residential"}, "geometry": {"type": "LineString", "coordinates": [[103.2014557, 13.0789494], [103.2015283, 13.0792863], [103.2015847, 13.0793751], [103.2016876, 13.079471]]}}, {"type": "Feature", "properties": {"highway": "residential"}, "geometry": {"type": "LineString", "coordinates": [[103.2016876, 13.079471], [103.2016262, 13.0795188], [103.2015632, 13.0795449], [103.2014573, 13.0795671], [103.2011876, 13.0796298], [103.2006902, 13.0797103]]}}, {"type": "Feature", "properties": {"highway": "residential"}, "geometry": {"type": "LineString", "coordinates": [[103.2007317, 13.079121], [103.2010335, 13.0790302], [103.2014557, 13.0789494], [103.2017557, 13.07889], [103.2018109, 13.0788791]]}}, {"type": "Feature", "properties": {"highway": "residential"}, "geometry": {"type": "LineString", "coordinates": [[103.200835, 13.0780766], [103.2008678, 13.0786749], [103.2008967, 13.0787657], [103.2010335, 13.0790302]]}}, {"type": "Feature", "properties": {"highway": "residential"}, "geometry": {"type": "LineString", "coordinates": [[103.1873117, 13.0976071], [103.1879691, 13.0974994], [103.1892257, 13.0973055]]}}, {"type": "Feature", "properties": {"highway": "residential"}, "geometry": {"type": "LineString", "coordinates": [[103.1874929, 13.098479], [103.1876653, 13.0984792], [103.1878223, 13.0984805], [103.1879778, 13.0985014], [103.1883922, 13.0986111], [103.1886215, 13.0986568], [103.1892197, 13.0987757], [103.1895067, 13.0988449]]}}, {"type": "Feature", "properties": {"highway": "service"}, "geometry": {"type": "LineString", "coordinates": [[103.1886349, 13.0999154], [103.188709, 13.0994314]]}}, {"type": "Feature", "properties": {"highway": "residential"}, "geometry": {"type": "LineString", "coordinates": [[103.1861848, 13.0997462], [103.1860735, 13.100108], [103.1860667, 13.1001472], [103.1860735, 13.1001798], [103.1861566, 13.100253], [103.1861834, 13.1002856], [103.1861915, 13.1003274], [103.1861646, 13.1004829], [103.1861539, 13.1006083], [103.1861526, 13.1007023], [103.1861888, 13.1009048], [103.1862009, 13.1010237], [103.1862102, 13.1010746], [103.186225, 13.1011125], [103.1862451, 13.1011464]]}}, {"type": "Feature", "properties": {"highway": "residential"}, "geometry": {"type": "LineString", "coordinates": [[103.1866273, 13.100765], [103.1867266, 13.100219], [103.1867806, 13.0997486]]}}, {"type": "Feature", "properties": {"highway": "service"}, "geometry": {"type": "LineString", "coordinates": [[103.1895375, 13.1004411], [103.1895684, 13.1000214]]}}, {"type": "Feature", "properties": {"highway": "service"}, "geometry": {"type": "LineString", "coordinates": [[103.2003179, 13.0879484], [103.2003941, 13.0879684]]}}, {"type": "Feature", "properties": {"highway": "service"}, "geometry": {"type": "LineString", "coordinates": [[103.1984103, 13.0885727], [103.1985573, 13.0881329], [103.1987099, 13.0876364]]}}, {"type": "Feature", "properties": {"highway": "service"}, "geometry": {"type": "LineString", "coordinates": [[103.1984384, 13.090406], [103.1983969, 13.0903727], [103.1983808, 13.0903439], [103.1983834, 13.0902812], [103.1984009, 13.0901049], [103.1984666, 13.0898933]]}}, {"type": "Feature", "properties": {"highway": "service"}, "geometry": {"type": "LineString", "coordinates": [[103.199108, 13.090263], [103.1991626, 13.0900852]]}}, {"type": "Feature", "properties": {"highway": "service"}, "geometry": {"type": "LineString", "coordinates": [[103.2003085, 13.0972702], [103.2011537, 13.0972257], [103.2016092, 13.0972495], [103.2018582, 13.0972751], [103.2021762, 13.0973105], [103.2023756, 13.0973196], [103.2025582, 13.0973304], [103.2029746, 13.0973115], [103.2030784, 13.0973223], [103.2031199, 13.0973654], [103.2031282, 13.0974409], [103.2031257, 13.0977037], [103.2031226, 13.0980256]]}}, {"type": "Feature", "properties": {"highway": "service"}, "geometry": {"type": "LineString", "coordinates": [[103.201115, 13.0967976], [103.2011537, 13.0972257], [103.2011038, 13.0976521], [103.2010881, 13.0977865], [103.2010853, 13.0978161], [103.201056, 13.0981317]]}}, {"type": "Feature", "properties": {"highway": "service"}, "geometry": {"type": "LineString", "coordinates": [[103.2003694, 13.0987166], [103.2004448, 13.0987094]]}}, {"type": "Feature", "properties": {"highway": "residential"}, "geometry": {"type": "LineString", "coordinates": [[103.2015941, 13.102381], [103.2014439, 13.10242], [103.2013038, 13.102459], [103.2009178, 13.1025654]]}}, {"type": "Feature", "properties": {"highway": "service"}, "geometry": {"type": "LineString", "coordinates": [[103.1868687, 13.0985615], [103.1868768, 13.0986516], [103.186921, 13.0986816], [103.1869733, 13.0986855], [103.187529, 13.0986627]]}}, {"type": "Feature", "properties": {"highway": "residential"}, "geometry": {"type": "LineString", "coordinates": [[103.1881642, 13.0988424], [103.1881455, 13.0992733]]}}, {"type": "Feature", "properties": {"highway": "residential"}, "geometry": {"type": "LineString", "coordinates": [[103.187596, 13.0987059], [103.1879255, 13.0988005], [103.1880864, 13.0988397], [103.1881642, 13.0988424], [103.1882367, 13.0988449], [103.1885317, 13.0988527]]}}, {"type": "Feature", "properties": {"highway": "residential"}, "geometry": {"type": "LineString", "coordinates": [[103.1915827, 13.0893048], [103.1918335, 13.0893198], [103.1920937, 13.089312], [103.192201, 13.0892284]]}}, {"type": "Feature", "properties": {"highway": "residential"}, "geometry": {"type": "LineString", "coordinates": [[103.1953464, 13.0900043], [103.1947464, 13.0897979]]}}, {"type": "Feature", "properties": {"highway": "service"}, "geometry": {"type": "LineString", "coordinates": [[103.192871, 13.0902135], [103.1928769, 13.0903126], [103.1928581, 13.0904406]]}}, {"type": "Feature", "properties": {"highway": "service"}, "geometry": {"type": "LineString", "coordinates": [[103.1981046, 13.1052193], [103.1979141, 13.1052844], [103.1977397, 13.1053497]]}}, {"type": "Feature", "properties": {"highway": "residential"}, "geometry": {"type": "LineString", "coordinates": [[103.2006446, 13.082104], [103.200489, 13.0820569], [103.2003978, 13.0820439], [103.2001591, 13.0819315], [103.1995931, 13.0816964], [103.1994107, 13.0816272], [103.1986329, 13.0814926]]}}, {"type": "Feature", "properties": {"highway": "residential"}, "geometry": {"type": "LineString", "coordinates": [[103.2008338, 13.0822625], [103.2006446, 13.082104]]}}, {"type": "Feature", "properties": {"highway": "service"}, "geometry": {"type": "LineString", "coordinates": [[103.2000974, 13.0813959], [103.2003334, 13.0816624], [103.2004514, 13.0817591], [103.2005453, 13.0818505], [103.2005963, 13.0819707], [103.2006446, 13.082104]]}}, {"type": "Feature", "properties": {"highway": "service"}, "geometry": {"type": "LineString", "coordinates": [[103.2044828, 13.080876], [103.2048167, 13.0809858], [103.2048891, 13.0809962], [103.2049549, 13.0809792], [103.2050256, 13.0809588]]}}, {"type": "Feature", "properties": {"highway": "service"}, "geometry": {"type": "LineString", "coordinates": [[103.2014785, 13.096877], [103.2015234, 13.0968817], [103.2015926, 13.0968588]]}}, {"type": "Feature", "properties": {"highway": "service"}, "geometry": {"type": "LineString", "coordinates": [[103.2015926, 13.0968588], [103.2016044, 13.0968217], [103.2016214, 13.0967216]]}}, {"type": "Feature", "properties": {"highway": "service"}, "geometry": {"type": "LineString", "coordinates": [[103.2013803, 13.0967577], [103.2014563, 13.0968561], [103.2014785, 13.096877]]}}, {"type": "Feature", "properties": {"highway": "service"}, "geometry": {"type": "LineString", "coordinates": [[103.2025582, 13.0973304], [103.2026094, 13.0977535], [103.202626, 13.0979758], [103.2026426, 13.0980391]]}}, {"type": "Feature", "properties": {"highway": "service"}, "geometry": {"type": "LineString", "coordinates": [[103.2026426, 13.0980391], [103.202691, 13.0980728], [103.2028833, 13.0980944], [103.2030078, 13.098089], [103.2030839, 13.0980755], [103.2031116, 13.0980526], [103.2031226, 13.0980256]]}}, {"type": "Feature", "properties": {"highway": "service"}, "geometry": {"type": "LineString", "coordinates": [[103.2017978, 13.0976908], [103.2022137, 13.0977134], [103.2025043, 13.0977562], [103.2026094, 13.0977535], [103.2031257, 13.0977037], [103.2036248, 13.0976605], [103.203809, 13.0976503]]}}, {"type": "Feature", "properties": {"highway": "service"}, "geometry": {"type": "LineString", "coordinates": [[103.2014559, 13.098244], [103.2016438, 13.0982493], [103.201706, 13.0982358], [103.2017434, 13.098186], [103.2017628, 13.0980741], [103.2017845, 13.0978708], [103.2017978, 13.0976908], [103.2018582, 13.0972751]]}}, {"type": "Feature", "properties": {"highway": "service"}, "geometry": {"type": "LineString", "coordinates": [[103.2006749, 13.098054], [103.201056, 13.0981317], [103.2013929, 13.0981996], [103.2014559, 13.098244]]}}, {"type": "Feature", "properties": {"highway": "service"}, "geometry": {"type": "LineString", "coordinates": [[103.2128072, 13.0949775], [103.213255, 13.095036]]}}, {"type": "Feature", "properties": {"highway": "service"}, "geometry": {"type": "LineString", "coordinates": [[103.2132476, 13.0921132], [103.2139885, 13.0918723]]}}, {"type": "Feature", "properties": {"highway": "service"}, "geometry": {"type": "LineString", "coordinates": [[103.2131781, 13.091874], [103.2139322, 13.0916188]]}}, {"type": "Feature", "properties": {"highway": "service"}, "geometry": {"type": "LineString", "coordinates": [[103.1984411, 13.1176836], [103.1984021, 13.117231]]}}, {"type": "Feature", "properties": {"highway": "service"}, "geometry": {"type": "LineString", "coordinates": [[103.1982413, 13.1165173], [103.1980093, 13.1165656], [103.1979342, 13.1165669], [103.1978054, 13.1165486], [103.197674, 13.1165499], [103.1972836, 13.1166017]]}}, {"type": "Feature", "properties": {"highway": "service"}, "geometry": {"type": "LineString", "coordinates": [[103.197965, 13.116273], [103.1972525, 13.1164487]]}}, {"type": "Feature", "properties": {"highway": "service"}, "geometry": {"type": "LineString", "coordinates": [[103.1993987, 13.1160954], [103.1994955, 13.1169911]]}}, {"type": "Feature", "properties": {"highway": "service"}, "geometry": {"type": "LineString", "coordinates": [[103.2201725, 13.1039981], [103.2197151, 13.1041219], [103.2194334, 13.1041298]]}}, {"type": "Feature", "properties": {"highway": "service"}, "geometry": {"type": "LineString", "coordinates": [[103.2218151, 13.1021539], [103.2219922, 13.1029176]]}}, {"type": "Feature", "properties": {"highway": "service"}, "geometry": {"type": "LineString", "coordinates": [[103.2050206, 13.0979188], [103.2049267, 13.097988], [103.2048945, 13.098039], [103.2048905, 13.0980729], [103.2049561, 13.0984626]]}}, {"type": "Feature", "properties": {"highway": "service"}, "geometry": {"type": "LineString", "coordinates": [[103.2037702, 13.1003574], [103.2038254, 13.1007935]]}}, {"type": "Feature", "properties": {"highway": "service"}, "geometry": {"type": "LineString", "coordinates": [[103.2047302, 13.1009983], [103.2046679, 13.1007258], [103.2046384, 13.1006736], [103.2045968, 13.1006645], [103.2038254, 13.1007935], [103.203654, 13.1008225], [103.2036379, 13.1008329], [103.2036332, 13.100848], [103.2036501, 13.1010245]]}}, {"type": "Feature", "properties": {"highway": "service"}, "geometry": {"type": "LineString", "coordinates": [[103.2030675, 13.1004697], [103.2031568, 13.1011117]]}}, {"type": "Feature", "properties": {"highway": "service"}, "geometry": {"type": "LineString", "coordinates": [[103.1990205, 13.1159191], [103.1989283, 13.1150134]]}}, {"type": "Feature", "properties": {"highway": "residential"}, "geometry": {"type": "LineString", "coordinates": [[103.1944326, 13.1155625], [103.1943843, 13.1153659], [103.1943628, 13.1153542], [103.1943259, 13.1153509], [103.1941731, 13.1153607], [103.1941442, 13.1153529], [103.1941308, 13.1153287], [103.1940439, 13.1149755]]}}, {"type": "Feature", "properties": {"highway": "service"}, "geometry": {"type": "LineString", "coordinates": [[103.1962585, 13.1152856], [103.1965367, 13.1153026], [103.1966313, 13.1152954], [103.1970005, 13.1152072]]}}, {"type": "Feature", "properties": {"highway": "residential"}, "geometry": {"type": "LineString", "coordinates": [[103.2097422, 13.1151708], [103.2097906, 13.1156016], [103.2097835, 13.1156326], [103.2097538, 13.1156836], [103.2097503, 13.1157228], [103.2097609, 13.1159979]]}}, {"type": "Feature", "properties": {"highway": "service"}, "geometry": {"type": "LineString", "coordinates": [[103.2142899, 13.1158848], [103.2134958, 13.1158738]]}}, {"type": "Feature", "properties": {"highway": "residential"}, "geometry": {"type": "LineString", "coordinates": [[103.2109052, 13.1177668], [103.2112947, 13.1177197], [103.2113655, 13.1177256], [103.2115967, 13.1177814]]}}, {"type": "Feature", "properties": {"highway": "residential"}, "geometry": {"type": "LineString", "coordinates": [[103.2096252, 13.1188959], [103.2102007, 13.1187413]]}}, {"type": "Feature", "properties": {"highway": "residential"}, "geometry": {"type": "LineString", "coordinates": [[103.2096878, 13.1201448], [103.2095126, 13.1194029]]}}, {"type": "Feature", "properties": {"highway": "service"}, "geometry": {"type": "LineString", "coordinates": [[103.2111777, 13.117065], [103.2114102, 13.1172485], [103.2114623, 13.1172739], [103.2118259, 13.1173416]]}}, {"type": "Feature", "properties": {"highway": "residential"}, "geometry": {"type": "LineString", "coordinates": [[103.2102007, 13.1187413], [103.2107442, 13.1185923], [103.2107961, 13.1185823]]}}, {"type": "Feature", "properties": {"highway": "residential"}, "geometry": {"type": "LineString", "coordinates": [[103.2112809, 13.1199876], [103.2110695, 13.1195543], [103.2110187, 13.1194099], [103.2109037, 13.1190567]]}}, {"type": "Feature", "properties": {"highway": "residential"}, "geometry": {"type": "LineString", "coordinates": [[103.2107961, 13.1185823], [103.2108113, 13.1186339], [103.210944, 13.1190464]]}}, {"type": "Feature", "properties": {"highway": "residential"}, "geometry": {"type": "LineString", "coordinates": [[103.2106955, 13.1181839], [103.2107961, 13.1185823]]}}, {"type": "Feature", "properties": {"highway": "residential"}, "geometry": {"type": "LineString", "coordinates": [[103.2110153, 13.118405], [103.2112169, 13.1183718], [103.2113122, 13.1183705], [103.2115663, 13.1183951]]}}, {"type": "Feature", "properties": {"highway": "tertiary"}, "geometry": {"type": "LineString", "coordinates": [[103.205975, 13.0959998], [103.2057013, 13.0952592], [103.2055697, 13.0949059], [103.2054621, 13.0946113], [103.2051264, 13.0936924], [103.2050091, 13.0933577], [103.2045382, 13.0920142]]}}, {"type": "Feature", "properties": {"highway": "tertiary"}, "geometry": {"type": "LineString", "coordinates": [[103.2106922, 13.0938322], [103.21077, 13.0937773], [103.2112779, 13.0936025], [103.2115512, 13.0935133], [103.2132019, 13.0929761], [103.213267, 13.0929345], [103.2133176, 13.0928695]]}}, {"type": "Feature", "properties": {"highway": "residential"}, "geometry": {"type": "LineString", "coordinates": [[103.2133176, 13.0928695], [103.2134291, 13.0929831], [103.2135678, 13.0930397], [103.2139256, 13.0929254], [103.2141549, 13.092853], [103.214466, 13.0927696], [103.2146682, 13.0927386], [103.2148214, 13.092737], [103.214879, 13.0927396], [103.2148924, 13.0927344], [103.2149072, 13.0927174], [103.214938, 13.0925946], [103.2149541, 13.092481], [103.2149447, 13.0923935], [103.2147886, 13.0919006]]}}, {"type": "Feature", "properties": {"highway": "tertiary"}, "geometry": {"type": "LineString", "coordinates": [[103.2116327, 13.0854851], [103.2119356, 13.0863719], [103.2120894, 13.0868221], [103.2122702, 13.0873514], [103.2125437, 13.0881522], [103.2128622, 13.0890846], [103.2129052, 13.0892106]]}}, {"type": "Feature", "properties": {"highway": "residential"}, "geometry": {"type": "LineString", "coordinates": [[103.210032, 13.0889886], [103.2097384, 13.0881487]]}}, {"type": "Feature", "properties": {"highway": "tertiary"}, "geometry": {"type": "LineString", "coordinates": [[103.2090763, 13.086316], [103.2089459, 13.0872487], [103.2089097, 13.0875047], [103.2088594, 13.087856], [103.2088418, 13.087979], [103.2088051, 13.0882677], [103.2087381, 13.0887833], [103.208704, 13.0890122], [103.2085403, 13.0901608], [103.2084965, 13.0904778]]}}, {"type": "Feature", "properties": {"highway": "tertiary"}, "geometry": {"type": "LineString", "coordinates": [[103.1779991, 13.0974069], [103.1781073, 13.0973624], [103.1782563, 13.0973314], [103.1785472, 13.0973114], [103.1790915, 13.097294], [103.1807882, 13.0972304], [103.1825696, 13.0972033], [103.1827096, 13.0971563], [103.1827961, 13.0970782], [103.1828578, 13.0969342], [103.1828776, 13.0968822], [103.182954, 13.0968451], [103.1838419, 13.0966427], [103.1840831, 13.0965991], [103.1848792, 13.0964553], [103.1858015, 13.0962864], [103.1869791, 13.0960708], [103.1876969, 13.0959387], [103.1889191, 13.0957139], [103.1894751, 13.0956116], [103.1898521, 13.0955422], [103.1901465, 13.0954881], [103.1907889, 13.0953699]]}}, {"type": "Feature", "properties": {"highway": "residential"}, "geometry": {"type": "LineString", "coordinates": [[103.208887, 13.1011307], [103.2089464, 13.1015253]]}}, {"type": "Feature", "properties": {"highway": "residential"}, "geometry": {"type": "LineString", "coordinates": [[103.2066134, 13.1045246], [103.2071167, 13.1045425], [103.2073933, 13.1045905], [103.2074716, 13.1046162], [103.2075411, 13.1046506]]}}, {"type": "Feature", "properties": {"highway": "residential"}, "geometry": {"type": "LineString", "coordinates": [[103.1953499, 13.0852148], [103.1954102, 13.0846315]]}}, {"type": "Feature", "properties": {"highway": "residential"}, "geometry": {"type": "LineString", "coordinates": [[103.1936728, 13.1057516], [103.1938462, 13.1065292]]}}, {"type": "Feature", "properties": {"highway": "service"}, "geometry": {"type": "LineString", "coordinates": [[103.1956595, 13.1019973], [103.1952131, 13.1020751], [103.1948979, 13.1021352], [103.1946927, 13.1021783], [103.1946163, 13.1021744], [103.1945734, 13.1021326], [103.1945492, 13.1020634], [103.1945439, 13.1020085]]}}, {"type": "Feature", "properties": {"highway": "residential"}, "geometry": {"type": "LineString", "coordinates": [[103.1924509, 13.103167], [103.1921996, 13.1031945], [103.1918404, 13.1032263]]}}, {"type": "Feature", "properties": {"highway": "residential"}, "geometry": {"type": "LineString", "coordinates": [[103.2036031, 13.0940052], [103.2036111, 13.0945553]]}}, {"type": "Feature", "properties": {"highway": "residential"}, "geometry": {"type": "LineString", "coordinates": [[103.2026309, 13.0938307], [103.202624, 13.0944338], [103.2026173, 13.0946141]]}}, {"type": "Feature", "properties": {"highway": "residential"}, "geometry": {"type": "LineString", "coordinates": [[103.1827961, 13.0970782], [103.1828696, 13.0982467], [103.1829495, 13.0997431]]}}, {"type": "Feature", "properties": {"highway": "residential"}, "geometry": {"type": "LineString", "coordinates": [[103.1828776, 13.0968822], [103.1828159, 13.0967863], [103.1828012, 13.0967354], [103.1827542, 13.0959124], [103.1827421, 13.09542], [103.1827247, 13.0953965], [103.1826912, 13.095386], [103.181971, 13.0953952]]}}, {"type": "Feature", "properties": {"highway": "residential"}, "geometry": {"type": "LineString", "coordinates": [[103.1858388, 13.0969091], [103.1858015, 13.0962864]]}}, {"type": "Feature", "properties": {"highway": "service"}, "geometry": {"type": "LineString", "coordinates": [[103.1849635, 13.0974656], [103.1856912, 13.0974237]]}}, {"type": "Feature", "properties": {"highway": "service"}, "geometry": {"type": "LineString", "coordinates": [[103.184039, 13.0986834], [103.1840068, 13.0991728]]}}, {"type": "Feature", "properties": {"highway": "service"}, "geometry": {"type": "LineString", "coordinates": [[103.1833618, 13.0997496], [103.1833658, 13.0994131]]}}, {"type": "Feature", "properties": {"highway": "residential"}, "geometry": {"type": "LineString", "coordinates": [[103.1947142, 13.1399924], [103.1946847, 13.1393896], [103.1946752, 13.1391695], [103.1946428, 13.138415], [103.1946381, 13.1383951]]}}, {"type": "Feature", "properties": {"highway": "residential"}, "geometry": {"type": "LineString", "coordinates": [[103.1946381, 13.1383951], [103.1946277, 13.1383755], [103.1946082, 13.1383653], [103.1942314, 13.1383807], [103.1942032, 13.1383885], [103.194191, 13.1384078]]}}, {"type": "Feature", "properties": {"highway": "residential"}, "geometry": {"type": "LineString", "coordinates": [[103.1942388, 13.1400122], [103.1942099, 13.1393132], [103.1942073, 13.1391906], [103.194191, 13.1384078]]}}, {"type": "Feature", "properties": {"highway": "residential"}, "geometry": {"type": "LineString", "coordinates": [[103.1937566, 13.1393602], [103.1937808, 13.1393445], [103.1942099, 13.1393132]]}}, {"type": "Feature", "properties": {"highway": "residential"}, "geometry": {"type": "LineString", "coordinates": [[103.1937773, 13.1400314], [103.1937459, 13.1393941], [103.1937566, 13.1393602]]}}, {"type": "Feature", "properties": {"highway": "residential"}, "geometry": {"type": "LineString", "coordinates": [[103.1952182, 13.1399712], [103.1950048, 13.1400181]]}}, {"type": "Feature", "properties": {"highway": "residential"}, "geometry": {"type": "LineString", "coordinates": [[103.1933314, 13.1400499], [103.1933208, 13.1393615]]}}, {"type": "Feature", "properties": {"highway": "residential"}, "geometry": {"type": "LineString", "coordinates": [[103.1950048, 13.1400181], [103.1949073, 13.1400782], [103.1912059, 13.1402287], [103.1911643, 13.1402457], [103.1911375, 13.1402796], [103.1911334, 13.1403227], [103.1912138, 13.1413307], [103.1912457, 13.1417312], [103.1912775, 13.142129], [103.1913072, 13.1426036]]}}, {"type": "Feature", "properties": {"highway": "residential"}, "geometry": {"type": "LineString", "coordinates": [[103.1967685, 13.1399825], [103.196766, 13.1398844]]}}, {"type": "Feature", "properties": {"highway": "residential"}, "geometry": {"type": "LineString", "coordinates": [[103.1965021, 13.1410263], [103.1964817, 13.1399954]]}}, {"type": "Feature", "properties": {"highway": "residential"}, "geometry": {"type": "LineString", "coordinates": [[103.1960899, 13.140011], [103.1964817, 13.1399954], [103.1967685, 13.1399825]]}}, {"type": "Feature", "properties": {"highway": "residential"}, "geometry": {"type": "LineString", "coordinates": [[103.1967885, 13.1410044], [103.1967731, 13.1410185], [103.1965021, 13.1410263], [103.1961679, 13.1410449], [103.1961371, 13.1410342], [103.1961211, 13.1410086]]}}, {"type": "Feature", "properties": {"highway": "residential"}, "geometry": {"type": "LineString", "coordinates": [[103.1967685, 13.1399825], [103.1967942, 13.1409835], [103.1967885, 13.1410044]]}}, {"type": "Feature", "properties": {"highway": "residential"}, "geometry": {"type": "LineString", "coordinates": [[103.1942073, 13.1391906], [103.1946752, 13.1391695]]}}, {"type": "Feature", "properties": {"highway": "residential"}, "geometry": {"type": "LineString", "coordinates": [[103.2222145, 13.0817505], [103.2232826, 13.0813937]]}}, {"type": "Feature", "properties": {"highway": "residential"}, "geometry": {"type": "LineString", "coordinates": [[103.22343723371813, 13.081546416579107], [103.2234512, 13.0815913]]}}, {"type": "Feature", "properties": {"highway": "residential"}, "geometry": {"type": "LineString", "coordinates": [[103.22324717003185, 13.081292223949918], [103.2232826, 13.0813937], [103.223362, 13.0816211]]}}, {"type": "Feature", "properties": {"highway": "track"}, "geometry": {"type": "LineString", "coordinates": [[103.2233838, 13.0827475], [103.2233468, 13.0826369], [103.223328, 13.0824201], [103.2233387, 13.0822529], [103.2233629, 13.0821275], [103.2233843, 13.0819629], [103.223362, 13.0816211]]}}, {"type": "Feature", "properties": {"highway": "service"}, "geometry": {"type": "LineString", "coordinates": [[103.1841451, 13.0808344], [103.1842965, 13.0805939]]}}, {"type": "Feature", "properties": {"highway": "residential"}, "geometry": {"type": "LineString", "coordinates": [[103.1840222, 13.0827015], [103.1848973, 13.0828355]]}}, {"type": "Feature", "properties": {"highway": "residential"}, "geometry": {"type": "LineString", "coordinates": [[103.1873442, 13.0830733], [103.187487, 13.0828982], [103.1876363, 13.0827181], [103.1877115, 13.0826353], [103.187769, 13.0825585], [103.1878562, 13.0824027], [103.187894, 13.0823065], [103.1878998, 13.0821734], [103.1878796, 13.0818685]]}}, {"type": "Feature", "properties": {"highway": "service"}, "geometry": {"type": "LineString", "coordinates": [[103.2217026, 13.0850549], [103.2209057, 13.0853206]]}}, {"type": "Feature", "properties": {"highway": "service"}, "geometry": {"type": "LineString", "coordinates": [[103.2180089, 13.085439], [103.218345, 13.085338], [103.2192454, 13.0850672]]}}, {"type": "Feature", "properties": {"highway": "service"}, "geometry": {"type": "LineString", "coordinates": [[103.2162418, 13.0844122], [103.216951, 13.0841614], [103.216996, 13.0841594], [103.2170288, 13.0841685], [103.2171462, 13.0844566]]}}, {"type": "Feature", "properties": {"highway": "service"}, "geometry": {"type": "LineString", "coordinates": [[103.2174119, 13.0841513], [103.2178415, 13.0839915]]}}, {"type": "Feature", "properties": {"highway": "service"}, "geometry": {"type": "LineString", "coordinates": [[103.2176356, 13.0846533], [103.2174119, 13.0841513], [103.2172377, 13.0837605]]}}, {"type": "Feature", "properties": {"highway": "service"}, "geometry": {"type": "LineString", "coordinates": [[103.2211474, 13.0831255], [103.2211179, 13.0828028], [103.221091, 13.0826774], [103.220989, 13.0824027]]}}, {"type": "Feature", "properties": {"highway": "residential"}, "geometry": {"type": "LineString", "coordinates": [[103.1602639, 13.0380229], [103.1608164, 13.0386605], [103.1611544, 13.0391073], [103.1613234, 13.0393608], [103.1614575, 13.0394235], [103.1615809, 13.0394287], [103.1617096, 13.0393869]]}}, {"type": "Feature", "properties": {"highway": "residential"}, "geometry": {"type": "LineString", "coordinates": [[103.1584239, 13.0380385], [103.1584561, 13.0379379], [103.1584856, 13.0378021], [103.1585326, 13.0375551], [103.1585446, 13.0374833], [103.1585258, 13.0373808], [103.1584943, 13.0372978], [103.1584467, 13.0371881], [103.1583816, 13.0370803], [103.1583314, 13.0369999], [103.1582563, 13.0368679]]}}, {"type": "Feature", "properties": {"highway": "residential"}, "geometry": {"type": "LineString", "coordinates": [[103.160685, 13.0365021], [103.160575, 13.036084], [103.1604919, 13.0359612], [103.1603202, 13.0359168], [103.1597516, 13.0358645], [103.159301, 13.0358436]]}}, {"type": "Feature", "properties": {"highway": "residential"}, "geometry": {"type": "LineString", "coordinates": [[103.1616852, 13.0365656], [103.1610203, 13.0365334], [103.160685, 13.0365021], [103.1604865, 13.0364707], [103.1601137, 13.0364263], [103.1598321, 13.0364054], [103.1595209, 13.0363976], [103.159411, 13.0364159]]}}, {"type": "Feature", "properties": {"highway": "service"}, "geometry": {"type": "LineString", "coordinates": [[103.2082567, 13.1090449], [103.2080689, 13.1091455], [103.2080327, 13.1091729], [103.2080287, 13.1092082], [103.2080582, 13.1092539], [103.208207, 13.1094485], [103.208317, 13.1096901], [103.2083519, 13.1097019], [103.2083948, 13.109694], [103.2084484, 13.1096888], [103.2092088, 13.1093295], [103.2093379, 13.1092685]]}}, {"type": "Feature", "properties": {"highway": "residential"}, "geometry": {"type": "LineString", "coordinates": [[103.2148643, 13.105195], [103.2137034, 13.1053821]]}}, {"type": "Feature", "properties": {"highway": "residential"}, "geometry": {"type": "LineString", "coordinates": [[103.2126171, 13.1087019], [103.2128135, 13.109657]]}}, {"type": "Feature", "properties": {"highway": "residential"}, "geometry": {"type": "LineString", "coordinates": [[103.2116864, 13.1075489], [103.2127467, 13.1076317], [103.2130008, 13.1076477], [103.2137203, 13.1076956], [103.2143458, 13.1078873], [103.2143991, 13.1079217]]}}, {"type": "Feature", "properties": {"highway": "residential"}, "geometry": {"type": "LineString", "coordinates": [[103.2101905, 13.1061204], [103.2100195, 13.1062268], [103.2099337, 13.1063307], [103.2098928, 13.1064045], [103.2098888, 13.10646], [103.2099613, 13.1066495]]}}, {"type": "Feature", "properties": {"highway": "residential"}, "geometry": {"type": "LineString", "coordinates": [[103.2131892, 13.106268], [103.2139104, 13.1061124]]}}, {"type": "Feature", "properties": {"highway": "residential"}, "geometry": {"type": "LineString", "coordinates": [[103.2070913, 13.1156524], [103.2071082, 13.1157362]]}}, {"type": "Feature", "properties": {"highway": "residential"}, "geometry": {"type": "LineString", "coordinates": [[103.2057506, 13.1160232], [103.2058125, 13.1162815]]}}, {"type": "Feature", "properties": {"highway": "service"}, "geometry": {"type": "LineString", "coordinates": [[103.20033, 13.1168451], [103.2002304, 13.1168664], [103.2001477, 13.1168817], [103.2001259, 13.1168858]]}}, {"type": "Feature", "properties": {"highway": "service"}, "geometry": {"type": "LineString", "coordinates": [[103.2002146, 13.1167762], [103.2002304, 13.1168664], [103.2002355, 13.1168979]]}}, {"type": "Feature", "properties": {"highway": "service"}, "geometry": {"type": "LineString", "coordinates": [[103.2001098, 13.1167915], [103.2002146, 13.1167762], [103.2003023, 13.1167661], [103.20033, 13.1168451], [103.2003369, 13.1168799]]}}, {"type": "Feature", "properties": {"highway": "service"}, "geometry": {"type": "LineString", "coordinates": [[103.1994955, 13.1169911], [103.1995016, 13.1170312]]}}, {"type": "Feature", "properties": {"highway": "residential"}, "geometry": {"type": "LineString", "coordinates": [[103.1908824, 13.1185971], [103.1907324, 13.1179579], [103.1908143, 13.1176223], [103.1908333, 13.1175855], [103.1908979, 13.1175531], [103.1909238, 13.1174697], [103.1909014, 13.1173643], [103.1908665, 13.1172963], [103.1907966, 13.1172266], [103.1907705, 13.1169554]]}}, {"type": "Feature", "properties": {"highway": "residential"}, "geometry": {"type": "LineString", "coordinates": [[103.1921785, 13.1183616], [103.1917233, 13.1172582], [103.1916489, 13.1169867], [103.1916698, 13.1168405], [103.1917607, 13.1167758], [103.192082, 13.116667], [103.1921973, 13.1165411], [103.1922811, 13.1158216], [103.1922783, 13.1156561]]}}, {"type": "Feature", "properties": {"highway": "residential"}, "geometry": {"type": "LineString", "coordinates": [[103.1967229, 13.117536], [103.196741, 13.117499]]}}, {"type": "Feature", "properties": {"highway": "residential"}, "geometry": {"type": "LineString", "coordinates": [[103.202131, 13.1265845], [103.2010379, 13.1266702], [103.1998942, 13.1267599], [103.1987643, 13.1268615]]}}, {"type": "Feature", "properties": {"highway": "service"}, "geometry": {"type": "LineString", "coordinates": [[103.2010071, 13.1206338], [103.2009185, 13.1206514]]}}, {"type": "Feature", "properties": {"highway": "tertiary"}, "geometry": {"type": "LineString", "coordinates": [[103.198266, 13.1299244], [103.1985842, 13.1299694], [103.1991932, 13.1300692], [103.1997528, 13.130138], [103.1999435, 13.1301615], [103.2013084, 13.1303295], [103.2021194, 13.1304505]]}}, {"type": "Feature", "properties": {"highway": "tertiary"}, "geometry": {"type": "LineString", "coordinates": [[103.2069024, 13.1080257], [103.2065394, 13.108091], [103.2059876, 13.1081999], [103.2055486, 13.1082868], [103.2051355, 13.1083686], [103.2044279, 13.1084837], [103.2040494, 13.1085395], [103.2029957, 13.108695]]}}, {"type": "Feature", "properties": {"highway": "tertiary"}, "geometry": {"type": "LineString", "coordinates": [[103.2029957, 13.108695], [103.2029316, 13.108309], [103.2028149, 13.1076067], [103.2027929, 13.107574], [103.2027501, 13.1075467], [103.2018178, 13.1073556], [103.201745, 13.1073373], [103.2013811, 13.1072346], [103.2012745, 13.1071207], [103.2011702, 13.1070093], [103.2010407, 13.1068006]]}}, {"type": "Feature", "properties": {"highway": "service"}, "geometry": {"type": "LineString", "coordinates": [[103.2050791, 13.1137893], [103.2050952, 13.1138552]]}}, {"type": "Feature", "properties": {"highway": "residential"}, "geometry": {"type": "LineString", "coordinates": [[103.2105848, 13.1144797], [103.2101476, 13.1136961], [103.2097401, 13.1130231]]}}, {"type": "Feature", "properties": {"highway": "residential"}, "geometry": {"type": "LineString", "coordinates": [[103.2115967, 13.1177814], [103.2116856, 13.1178028]]}}, {"type": "Feature", "properties": {"highway": "service"}, "geometry": {"type": "LineString", "coordinates": [[103.1890744, 13.1189255], [103.1889152, 13.1199157]]}}, {"type": "Feature", "properties": {"highway": "residential"}, "geometry": {"type": "LineString", "coordinates": [[103.1890289, 13.1206501], [103.189024, 13.1206563], [103.1890172, 13.1206622], [103.1890004, 13.1206648], [103.1888617, 13.1206857], [103.1886551, 13.1206876], [103.1884003, 13.1206864], [103.1880999, 13.1206759], [103.1875141, 13.1205918]]}}, {"type": "Feature", "properties": {"highway": "residential"}, "geometry": {"type": "LineString", "coordinates": [[103.1875996, 13.1202329], [103.1878048, 13.1201953], [103.1880623, 13.1201927], [103.1883305, 13.1202188], [103.1885518, 13.1202449]]}}, {"type": "Feature", "properties": {"highway": "unclassified"}, "geometry": {"type": "LineString", "coordinates": [[103.1897537, 13.1263513], [103.1877619, 13.1298184]]}}, {"type": "Feature", "properties": {"highway": "service"}, "geometry": {"type": "LineString", "coordinates": [[103.1919809, 13.1220642], [103.1920859, 13.1220735]]}}, {"type": "Feature", "properties": {"highway": "residential"}, "geometry": {"type": "LineString", "coordinates": [[103.1960177, 13.1195239], [103.1957013, 13.1195716], [103.1947571, 13.1197597], [103.194609, 13.1198032]]}}, {"type": "Feature", "properties": {"highway": "footway"}, "geometry": {"type": "LineString", "coordinates": [[103.1935524, 13.1193867], [103.1936467, 13.1194273], [103.1938143, 13.1193816]]}}, {"type": "Feature", "properties": {"highway": "service"}, "geometry": {"type": "LineString", "coordinates": [[103.1953962, 13.1170974], [103.1956208, 13.1171912], [103.1956524, 13.1173594], [103.1954888, 13.1175385]]}}, {"type": "Feature", "properties": {"highway": "track"}, "geometry": {"type": "LineString", "coordinates": [[103.1916734, 13.1285506], [103.1912471, 13.128947], [103.1909008, 13.1293194], [103.1906579, 13.1298285], [103.1906538, 13.1307426], [103.1907156, 13.1308428]]}}, {"type": "Feature", "properties": {"highway": "unclassified"}, "geometry": {"type": "LineString", "coordinates": [[103.1875248, 13.1180059], [103.1854265, 13.1181042]]}}, {"type": "Feature", "properties": {"highway": "residential"}, "geometry": {"type": "LineString", "coordinates": [[103.1883797, 13.1143419], [103.1883829, 13.1138783], [103.1884008, 13.1138664], [103.1887236, 13.1139147]]}}, {"type": "Feature", "properties": {"highway": "service"}, "geometry": {"type": "LineString", "coordinates": [[103.1878221, 13.1106659], [103.1879223, 13.1106508]]}}, {"type": "Feature", "properties": {"highway": "service"}, "geometry": {"type": "LineString", "coordinates": [[103.1879633, 13.1100183], [103.1878535, 13.1100129]]}}, {"type": "Feature", "properties": {"highway": "residential"}, "geometry": {"type": "LineString", "coordinates": [[103.1879919, 13.1093184], [103.1884395, 13.1093357]]}}, {"type": "Feature", "properties": {"highway": "service"}, "geometry": {"type": "LineString", "coordinates": [[103.2023807, 13.1036338], [103.2024383, 13.1042197]]}}, {"type": "Feature", "properties": {"highway": "footway"}, "geometry": {"type": "LineString", "coordinates": [[103.1995062, 13.1009775], [103.1994121, 13.1009922]]}}, {"type": "Feature", "properties": {"highway": "footway"}, "geometry": {"type": "LineString", "coordinates": [[103.1991406, 13.0988431], [103.1990347, 13.098861]]}}, {"type": "Feature", "properties": {"highway": "primary"}, "geometry": {"type": "LineString", "coordinates": [[103.2005957, 13.1060754], [103.2007048, 13.1060324]]}}, {"type": "Feature", "properties": {"highway": "footway"}, "geometry": {"type": "LineString", "coordinates": [[103.1961127, 13.1078759], [103.1961322, 13.1079941], [103.1961535, 13.1081261]]}}, {"type": "Feature", "properties": {"highway": "footway"}, "geometry": {"type": "LineString", "coordinates": [[103.1975312, 13.1076296], [103.1975508, 13.1077513], [103.1975716, 13.1078832]]}}, {"type": "Feature", "properties": {"highway": "footway"}, "geometry": {"type": "LineString", "coordinates": [[103.2004064, 13.1071387], [103.2004278, 13.1072678], [103.2004488, 13.107396]]}}, {"type": "Feature", "properties": {"highway": "residential"}, "geometry": {"type": "LineString", "coordinates": [[103.1996321, 13.1072699], [103.2004064, 13.1071387], [103.2011702, 13.1070093]]}}, {"type": "Feature", "properties": {"highway": "residential"}, "geometry": {"type": "LineString", "coordinates": [[103.2013811, 13.1072346], [103.2004488, 13.107396], [103.2001866, 13.1074414], [103.1996738, 13.1075302]]}}, {"type": "Feature", "properties": {"highway": "residential"}, "geometry": {"type": "LineString", "coordinates": [[103.1985478, 13.1077161], [103.1976859, 13.1078637], [103.1975716, 13.1078832], [103.1968002, 13.1080153], [103.1961535, 13.1081261], [103.1955656, 13.1082268]]}}, {"type": "Feature", "properties": {"highway": "residential"}, "geometry": {"type": "LineString", "coordinates": [[103.1955147, 13.1079797], [103.1961127, 13.1078759], [103.1967504, 13.1077651], [103.1975312, 13.1076296], [103.1985031, 13.1074609]]}}, {"type": "Feature", "properties": {"highway": "service"}, "geometry": {"type": "LineString", "coordinates": [[103.1981483, 13.1054637], [103.1979576, 13.1054678], [103.1979141, 13.1052844]]}}, {"type": "Feature", "properties": {"highway": "footway"}, "geometry": {"type": "LineString", "coordinates": [[103.1926629, 13.1077244], [103.1926637, 13.1076291], [103.1926637, 13.1075449]]}}, {"type": "Feature", "properties": {"highway": "service"}, "geometry": {"type": "LineString", "coordinates": [[103.1984497, 13.1064943], [103.1984827, 13.1066832], [103.1985097, 13.1068377]]}}, {"type": "Feature", "properties": {"highway": "service"}, "geometry": {"type": "LineString", "coordinates": [[103.1986424, 13.1066563], [103.1984827, 13.1066832], [103.1983712, 13.106702]]}}, {"type": "Feature", "properties": {"highway": "service"}, "geometry": {"type": "LineString", "coordinates": [[103.1986766, 13.1064539], [103.1986271, 13.1065579], [103.1986424, 13.1066563], [103.1986662, 13.1068104], [103.1985097, 13.1068377], [103.1984003, 13.1068568]]}}, {"type": "Feature", "properties": {"highway": "service"}, "geometry": {"type": "LineString", "coordinates": [[103.2034031, 13.1046656], [103.2032699, 13.1038654]]}}, {"type": "Feature", "properties": {"highway": "service"}, "geometry": {"type": "LineString", "coordinates": [[103.1956962, 13.1021999], [103.1950067, 13.1023042]]}}, {"type": "Feature", "properties": {"highway": "service"}, "geometry": {"type": "LineString", "coordinates": [[103.1880188, 13.1029257], [103.1878818, 13.1028595], [103.1877685, 13.1028149], [103.1873821, 13.1027487]]}}, {"type": "Feature", "properties": {"highway": "residential"}, "geometry": {"type": "LineString", "coordinates": [[103.1868976, 13.1067071], [103.1869847, 13.1062266], [103.1866005, 13.1061739]]}}, {"type": "Feature", "properties": {"highway": "service"}, "geometry": {"type": "LineString", "coordinates": [[103.1880599, 13.1050486], [103.1881917, 13.1050449], [103.18829, 13.1050474], [103.1884194, 13.1050525], [103.1885189, 13.105077], [103.188581, 13.1051008], [103.188636, 13.1051142], [103.1889749, 13.1051189], [103.1890102, 13.105155], [103.1890341, 13.1052067], [103.189066, 13.1052377], [103.1891429, 13.1052635], [103.189204, 13.1052687], [103.1892942, 13.1052739], [103.1893447, 13.1052971], [103.189411, 13.1053437], [103.1894508, 13.1053928], [103.1894641, 13.1054471], [103.1894614, 13.1056099], [103.1894906, 13.1057625]]}}, {"type": "Feature", "properties": {"highway": "service"}, "geometry": {"type": "LineString", "coordinates": [[103.1881019, 13.1029296], [103.1880188, 13.1029257]]}}, {"type": "Feature", "properties": {"highway": "service"}, "geometry": {"type": "LineString", "coordinates": [[103.1876046, 13.0993471], [103.1876709, 13.0993522]]}}, {"type": "Feature", "properties": {"highway": "residential"}, "geometry": {"type": "LineString", "coordinates": [[103.1875339, 13.0986881], [103.187596, 13.0987059]]}}, {"type": "Feature", "properties": {"highway": "service"}, "geometry": {"type": "LineString", "coordinates": [[103.188017, 13.0911096], [103.1876339, 13.0913464]]}}, {"type": "Feature", "properties": {"highway": "residential"}, "geometry": {"type": "LineString", "coordinates": [[103.1930226, 13.1058616], [103.1928409, 13.1058986], [103.1926517, 13.1059273], [103.1924945, 13.1059323], [103.1924543, 13.1059257]]}}, {"type": "Feature", "properties": {"highway": "residential"}, "geometry": {"type": "LineString", "coordinates": [[103.1913159, 13.0910498], [103.1913437, 13.0910531], [103.1914445, 13.0910652]]}}, {"type": "Feature", "properties": {"highway": "residential"}, "geometry": {"type": "LineString", "coordinates": [[103.1924189, 13.0967347], [103.1924987, 13.0967249], [103.1927971, 13.0967105], [103.1930613, 13.0967563], [103.1931632, 13.0967817], [103.1933147, 13.0968529], [103.1933932, 13.0969013], [103.1934857, 13.0969835], [103.1937084, 13.0972683], [103.1939001, 13.0976262], [103.1940671, 13.0980096], [103.1941893, 13.0983565], [103.194308, 13.0986789], [103.1943687, 13.0988291], [103.1945107, 13.0993002], [103.1945809, 13.099623], [103.1946383, 13.1000899], [103.1946547, 13.1003746], [103.1946554, 13.100674], [103.19463, 13.1009619], [103.1945992, 13.1011383], [103.194416, 13.1012265]]}}, {"type": "Feature", "properties": {"highway": "footway"}, "geometry": {"type": "LineString", "coordinates": [[103.1951666, 13.0946324], [103.1951339, 13.0944491]]}}, {"type": "Feature", "properties": {"highway": "footway"}, "geometry": {"type": "LineString", "coordinates": [[103.1954243, 13.0945887], [103.1953961, 13.094406]]}}, {"type": "Feature", "properties": {"highway": "service"}, "geometry": {"type": "LineString", "coordinates": [[103.1962488, 13.0952898], [103.196329, 13.0952756]]}}, {"type": "Feature", "properties": {"highway": "service"}, "geometry": {"type": "LineString", "coordinates": [[103.1967011, 13.0965098], [103.1965543, 13.0965371]]}}, {"type": "Feature", "properties": {"highway": "service"}, "geometry": {"type": "LineString", "coordinates": [[103.1965834, 13.0967004], [103.196728, 13.0966661], [103.1967011, 13.0965098], [103.196677, 13.0963693]]}}, {"type": "Feature", "properties": {"highway": "service"}, "geometry": {"type": "LineString", "coordinates": [[103.1964954, 13.096674], [103.1965757, 13.0966572]]}}, {"type": "Feature", "properties": {"highway": "service"}, "geometry": {"type": "LineString", "coordinates": [[103.197602, 13.0909656], [103.1975458, 13.0911075]]}}, {"type": "Feature", "properties": {"highway": "service"}, "geometry": {"type": "LineString", "coordinates": [[103.1991519, 13.0912752], [103.199107, 13.0912619]]}}, {"type": "Feature", "properties": {"highway": "service"}, "geometry": {"type": "LineString", "coordinates": [[103.1993264, 13.0903234], [103.1992639, 13.0903036]]}}, {"type": "Feature", "properties": {"highway": "service"}, "geometry": {"type": "LineString", "coordinates": [[103.2034432, 13.096582], [103.2034868, 13.0968441]]}}, {"type": "Feature", "properties": {"highway": "residential"}, "geometry": {"type": "LineString", "coordinates": [[103.2077834, 13.0961185], [103.2079512, 13.0961293], [103.2084037, 13.096157], [103.2086229, 13.0961807], [103.2088445, 13.0961999]]}}, {"type": "Feature", "properties": {"highway": "service"}, "geometry": {"type": "LineString", "coordinates": [[103.1964519, 13.1063142], [103.1967062, 13.1062966]]}}, {"type": "Feature", "properties": {"highway": "service"}, "geometry": {"type": "LineString", "coordinates": [[103.2041209, 13.0964036], [103.2041957, 13.0967843]]}}, {"type": "Feature", "properties": {"highway": "service"}, "geometry": {"type": "LineString", "coordinates": [[103.2041034, 13.0963148], [103.2041209, 13.0964036]]}}, {"type": "Feature", "properties": {"highway": "service"}, "geometry": {"type": "LineString", "coordinates": [[103.2041315, 13.0962409], [103.204067, 13.0957962]]}}, {"type": "Feature", "properties": {"highway": "service"}, "geometry": {"type": "LineString", "coordinates": [[103.2044685, 13.0963395], [103.2046333, 13.0971895]]}}, {"type": "Feature", "properties": {"highway": "service"}, "geometry": {"type": "LineString", "coordinates": [[103.2056138, 13.0952695], [103.2057013, 13.0952592]]}}, {"type": "Feature", "properties": {"highway": "service"}, "geometry": {"type": "LineString", "coordinates": [[103.2050313, 13.0961586], [103.2050313, 13.0960667]]}}, {"type": "Feature", "properties": {"highway": "service"}, "geometry": {"type": "LineString", "coordinates": [[103.2075545, 13.09673], [103.2076475, 13.0967281]]}}, {"type": "Feature", "properties": {"highway": "service"}, "geometry": {"type": "LineString", "coordinates": [[103.2069541, 13.0958351], [103.2069645, 13.0959321]]}}, {"type": "Feature", "properties": {"highway": "service"}, "geometry": {"type": "LineString", "coordinates": [[103.2011327, 13.0948933], [103.2011371, 13.0949685]]}}, {"type": "Feature", "properties": {"highway": "footway"}, "geometry": {"type": "LineString", "coordinates": [[103.1971407, 13.0941198], [103.1971696, 13.0942927]]}}, {"type": "Feature", "properties": {"highway": "service"}, "geometry": {"type": "LineString", "coordinates": [[103.1913343, 13.0843334], [103.1913446, 13.0842623]]}}, {"type": "Feature", "properties": {"highway": "service"}, "geometry": {"type": "LineString", "coordinates": [[103.1921971, 13.085287], [103.1921168, 13.0852835]]}}, {"type": "Feature", "properties": {"highway": "service"}, "geometry": {"type": "LineString", "coordinates": [[103.1976774, 13.0848088], [103.1976903, 13.0844219]]}}, {"type": "Feature", "properties": {"highway": "service"}, "geometry": {"type": "LineString", "coordinates": [[103.1976754, 13.0848681], [103.1976774, 13.0848088]]}}, {"type": "Feature", "properties": {"highway": "residential"}, "geometry": {"type": "LineString", "coordinates": [[103.1985031, 13.0866454], [103.1984348, 13.0866244]]}}, {"type": "Feature", "properties": {"highway": "service"}, "geometry": {"type": "LineString", "coordinates": [[103.1981616, 13.0872889], [103.1982779, 13.0873244]]}}, {"type": "Feature", "properties": {"highway": "service"}, "geometry": {"type": "LineString", "coordinates": [[103.198146, 13.0877221], [103.1980356, 13.0876876]]}}, {"type": "Feature", "properties": {"highway": "service"}, "geometry": {"type": "LineString", "coordinates": [[103.1981354, 13.0880153], [103.1983967, 13.0880887]]}}, {"type": "Feature", "properties": {"highway": "service"}, "geometry": {"type": "LineString", "coordinates": [[103.1980651, 13.0879933], [103.1981354, 13.0880153]]}}, {"type": "Feature", "properties": {"highway": "service"}, "geometry": {"type": "LineString", "coordinates": [[103.1917439, 13.0882505], [103.1911333, 13.0881721], [103.1909131, 13.0882583], [103.1908452, 13.0882463]]}}, {"type": "Feature", "properties": {"highway": "service"}, "geometry": {"type": "LineString", "coordinates": [[103.1968729, 13.094976], [103.1967939, 13.0949692], [103.1964085, 13.0949359], [103.1962669, 13.0949277]]}}, {"type": "Feature", "properties": {"highway": "service"}, "geometry": {"type": "LineString", "coordinates": [[103.1974073, 13.0911507], [103.1973796, 13.0912298]]}}, {"type": "Feature", "properties": {"highway": "service"}, "geometry": {"type": "LineString", "coordinates": [[103.1973796, 13.0912298], [103.1972804, 13.0915136], [103.1975253, 13.0915837]]}}, {"type": "Feature", "properties": {"highway": "service"}, "geometry": {"type": "LineString", "coordinates": [[103.1888691, 13.0913767], [103.1888531, 13.092147]]}}, {"type": "Feature", "properties": {"highway": "residential"}, "geometry": {"type": "LineString", "coordinates": [[103.1882492, 13.0927589], [103.1884137, 13.0923595], [103.1884154, 13.092342], [103.1884086, 13.0923274], [103.1879657, 13.092204], [103.187947, 13.0921871], [103.1879447, 13.0921611], [103.1880824, 13.0911312], [103.188183, 13.090374], [103.1882018, 13.090323], [103.1882445, 13.0902863], [103.1888242, 13.0902247], [103.1890203, 13.0902224]]}}, {"type": "Feature", "properties": {"highway": "service"}, "geometry": {"type": "LineString", "coordinates": [[103.201644, 13.0814574], [103.201685, 13.0815041]]}}, {"type": "Feature", "properties": {"highway": "service"}, "geometry": {"type": "LineString", "coordinates": [[103.2014219, 13.0817333], [103.2013768, 13.0816889]]}}, {"type": "Feature", "properties": {"highway": "service"}, "geometry": {"type": "LineString", "coordinates": [[103.2006078, 13.0873228], [103.2009679, 13.0873852]]}}, {"type": "Feature", "properties": {"highway": "service"}, "geometry": {"type": "LineString", "coordinates": [[103.2003941, 13.0879684], [103.2007492, 13.0880632]]}}, {"type": "Feature", "properties": {"highway": "service"}, "geometry": {"type": "LineString", "coordinates": [[103.1986837, 13.0925276], [103.1987892, 13.092566]]}}, {"type": "Feature", "properties": {"highway": "service"}, "geometry": {"type": "LineString", "coordinates": [[103.1986308, 13.092813], [103.1986982, 13.0928337]]}}, {"type": "Feature", "properties": {"highway": "residential"}, "geometry": {"type": "LineString", "coordinates": [[103.1975226, 13.0920202], [103.1974232, 13.0919924], [103.197366, 13.091974]]}}, {"type": "Feature", "properties": {"highway": "residential"}, "geometry": {"type": "LineString", "coordinates": [[103.1984748, 13.0931391], [103.1985825, 13.0931814]]}}, {"type": "Feature", "properties": {"highway": "residential"}, "geometry": {"type": "LineString", "coordinates": [[103.2020861, 13.0763238], [103.2004547, 13.0758213], [103.1995706, 13.0758023]]}}, {"type": "Feature", "properties": {"highway": "residential"}, "geometry": {"type": "LineString", "coordinates": [[103.2024821, 13.0753099], [103.2009157, 13.0747589], [103.2000473, 13.0745143], [103.1999609, 13.0748751], [103.1999073, 13.0750876], [103.1991459, 13.0750596]]}}, {"type": "Feature", "properties": {"highway": "residential"}, "geometry": {"type": "LineString", "coordinates": [[103.2021061, 13.0798738], [103.2013896, 13.0800863], [103.2010456, 13.0801477], [103.200941, 13.0801255], [103.2008887, 13.0800948], [103.2008343, 13.0800184], [103.2007747, 13.0798782], [103.2007387, 13.0797848], [103.2006902, 13.0797103]]}}, {"type": "Feature", "properties": {"highway": "residential"}, "geometry": {"type": "LineString", "coordinates": [[103.2018672, 13.0795074], [103.2018113, 13.0795162], [103.2017349, 13.0795044], [103.2016876, 13.079471]]}}, {"type": "Feature", "properties": {"highway": "residential"}, "geometry": {"type": "LineString", "coordinates": [[103.2019915, 13.0794877], [103.2018672, 13.0795074]]}}, {"type": "Feature", "properties": {"highway": "service"}, "geometry": {"type": "LineString", "coordinates": [[103.2087748, 13.0908439], [103.2087882, 13.0909485]]}}, {"type": "Feature", "properties": {"highway": "service"}, "geometry": {"type": "LineString", "coordinates": [[103.2085292, 13.0909238], [103.2086449, 13.0910009]]}}, {"type": "Feature", "properties": {"highway": "tertiary"}, "geometry": {"type": "LineString", "coordinates": [[103.189808, 13.0839939], [103.189789, 13.0841035]]}}, {"type": "Feature", "properties": {"highway": "service"}, "geometry": {"type": "LineString", "coordinates": [[103.2084493, 13.0901487], [103.2085403, 13.0901608]]}}, {"type": "Feature", "properties": {"highway": "service"}, "geometry": {"type": "LineString", "coordinates": [[103.2059278, 13.091], [103.2060168, 13.0909648]]}}, {"type": "Feature", "properties": {"highway": "footway"}, "geometry": {"type": "LineString", "coordinates": [[103.2043046, 13.0920983], [103.2042784, 13.0920358], [103.2043115, 13.0919571]]}}, {"type": "Feature", "properties": {"highway": "footway"}, "geometry": {"type": "LineString", "coordinates": [[103.203486, 13.0917777], [103.2035142, 13.0917913], [103.2035503, 13.0916853]]}}, {"type": "Feature", "properties": {"highway": "footway"}, "geometry": {"type": "LineString", "coordinates": [[103.2032935, 13.0923592], [103.2033301, 13.0923726], [103.2033486, 13.0924427]]}}, {"type": "Feature", "properties": {"highway": "service"}, "geometry": {"type": "LineString", "coordinates": [[103.1994551, 13.0914705], [103.1994113, 13.0914973], [103.1994132, 13.0915476], [103.1994589, 13.0915712]]}}, {"type": "Feature", "properties": {"highway": "service"}, "geometry": {"type": "LineString", "coordinates": [[103.199403, 13.091709], [103.1994589, 13.0915712]]}}, {"type": "Feature", "properties": {"highway": "service"}, "geometry": {"type": "LineString", "coordinates": [[103.192864, 13.0900963], [103.192871, 13.0902135]]}}, {"type": "Feature", "properties": {"highway": "residential"}, "geometry": {"type": "LineString", "coordinates": [[103.2032955, 13.0815872], [103.2032476, 13.0815657]]}}, {"type": "Feature", "properties": {"highway": "residential"}, "geometry": {"type": "LineString", "coordinates": [[103.2016395, 13.0901698], [103.201716, 13.090176]]}}, {"type": "Feature", "properties": {"highway": "service"}, "geometry": {"type": "LineString", "coordinates": [[103.2051809, 13.0933231], [103.2054833, 13.0932621], [103.2055181, 13.093236], [103.2055476, 13.0931968], [103.2055463, 13.0931341], [103.2054631, 13.0929238], [103.2054336, 13.0929016], [103.2053947, 13.0929029], [103.2051185, 13.0929969], [103.2050984, 13.0930244], [103.2051037, 13.0930544], [103.2051809, 13.0933231]]}}, {"type": "Feature", "properties": {"highway": "residential"}, "geometry": {"type": "LineString", "coordinates": [[103.2092249, 13.1046843], [103.2099971, 13.1046619], [103.2107348, 13.1046446], [103.2133492, 13.1041431]]}}, {"type": "Feature", "properties": {"highway": "residential"}, "geometry": {"type": "LineString", "coordinates": [[103.2009178, 13.1025654], [103.2008604, 13.1025843]]}}, {"type": "Feature", "properties": {"highway": "service"}, "geometry": {"type": "LineString", "coordinates": [[103.2004448, 13.0987094], [103.2011771, 13.098638]]}}, {"type": "Feature", "properties": {"highway": "service"}, "geometry": {"type": "LineString", "coordinates": [[103.2002975, 13.0980433], [103.2004516, 13.0980318]]}}, {"type": "Feature", "properties": {"highway": "service"}, "geometry": {"type": "LineString", "coordinates": [[103.2002524, 13.0976134], [103.2003889, 13.0976229]]}}, {"type": "Feature", "properties": {"highway": "service"}, "geometry": {"type": "LineString", "coordinates": [[103.2002153, 13.0972751], [103.2003085, 13.0972702]]}}, {"type": "Feature", "properties": {"highway": "service"}, "geometry": {"type": "LineString", "coordinates": [[103.2056444, 13.0905457], [103.2057315, 13.0905074]]}}, {"type": "Feature", "properties": {"highway": "service"}, "geometry": {"type": "LineString", "coordinates": [[103.2073378, 13.0911937], [103.2074472, 13.0914649], [103.2066278, 13.0917785], [103.2067748, 13.0921427], [103.2066084, 13.0922064], [103.2066409, 13.0922887]]}}, {"type": "Feature", "properties": {"highway": "service"}, "geometry": {"type": "LineString", "coordinates": [[103.2094122, 13.0902472], [103.2093757, 13.0901172]]}}, {"type": "Feature", "properties": {"highway": "residential"}, "geometry": {"type": "LineString", "coordinates": [[103.2129749, 13.0915354], [103.212485, 13.0916865]]}}, {"type": "Feature", "properties": {"highway": "residential"}, "geometry": {"type": "LineString", "coordinates": [[103.2128289, 13.0907829], [103.212696, 13.0908253]]}}, {"type": "Feature", "properties": {"highway": "residential"}, "geometry": {"type": "LineString", "coordinates": [[103.2131571, 13.0922062], [103.213262, 13.092174]]}}, {"type": "Feature", "properties": {"highway": "residential"}, "geometry": {"type": "LineString", "coordinates": [[103.2107692, 13.08979], [103.2108109, 13.0899136], [103.2108504, 13.0900276]]}}, {"type": "Feature", "properties": {"highway": "residential"}, "geometry": {"type": "LineString", "coordinates": [[103.2088904, 13.0990158], [103.2090312, 13.0989651]]}}, {"type": "Feature", "properties": {"highway": "residential"}, "geometry": {"type": "LineString", "coordinates": [[103.2088938, 13.098645], [103.2094087, 13.0985079]]}}, {"type": "Feature", "properties": {"highway": "service"}, "geometry": {"type": "LineString", "coordinates": [[103.209252, 13.1004421], [103.2093488, 13.1004147]]}}, {"type": "Feature", "properties": {"highway": "residential"}, "geometry": {"type": "LineString", "coordinates": [[103.207095, 13.1060226], [103.2071269, 13.1059439]]}}, {"type": "Feature", "properties": {"highway": "residential"}, "geometry": {"type": "LineString", "coordinates": [[103.2092227, 13.092987], [103.2087215, 13.092926], [103.2082617, 13.0929213]]}}, {"type": "Feature", "properties": {"highway": "service"}, "geometry": {"type": "LineString", "coordinates": [[103.2095928, 13.0935233], [103.2095951, 13.0933836], [103.209595, 13.093333], [103.2093517, 13.0933124], [103.2091645, 13.0932864]]}}, {"type": "Feature", "properties": {"highway": "residential"}, "geometry": {"type": "LineString", "coordinates": [[103.206234, 13.0972083], [103.206398, 13.0982256]]}}, {"type": "Feature", "properties": {"highway": "service"}, "geometry": {"type": "LineString", "coordinates": [[103.2082631, 13.0911916], [103.20838, 13.0912063]]}}, {"type": "Feature", "properties": {"highway": "service"}, "geometry": {"type": "LineString", "coordinates": [[103.2072448, 13.0909252], [103.2072848, 13.091033], [103.2073378, 13.0911937]]}}, {"type": "Feature", "properties": {"highway": "service"}, "geometry": {"type": "LineString", "coordinates": [[103.2074472, 13.0914649], [103.2082631, 13.0911916]]}}, {"type": "Feature", "properties": {"highway": "residential"}, "geometry": {"type": "LineString", "coordinates": [[103.2105787, 13.0979744], [103.210555, 13.0977563]]}}, {"type": "Feature", "properties": {"highway": "residential"}, "geometry": {"type": "LineString", "coordinates": [[103.2138653, 13.0970678], [103.2139235, 13.098239]]}}, {"type": "Feature", "properties": {"highway": "residential"}, "geometry": {"type": "LineString", "coordinates": [[103.2112015, 13.0956591], [103.211566, 13.0956126], [103.2121056, 13.095612], [103.2121394, 13.0956097], [103.2121553, 13.0956042], [103.2122169, 13.0954866], [103.2122357, 13.0954711], [103.2122612, 13.0954709], [103.2127133, 13.0955247]]}}, {"type": "Feature", "properties": {"highway": "residential"}, "geometry": {"type": "LineString", "coordinates": [[103.2190136, 13.0995699], [103.2188817, 13.099122], [103.2187441, 13.0986543], [103.2186516, 13.0983351], [103.2185295, 13.0978912], [103.2183941, 13.0974251], [103.2182651, 13.096952], [103.2181483, 13.0965239], [103.2180226, 13.0960536], [103.2179995, 13.0959641], [103.217874, 13.095519], [103.2177748, 13.0951453]]}}, {"type": "Feature", "properties": {"highway": "residential"}, "geometry": {"type": "LineString", "coordinates": [[103.2181218, 13.0960274], [103.2182512, 13.0964945], [103.2183711, 13.0969198], [103.218504, 13.0973911], [103.2186209, 13.0978669], [103.2187446, 13.0983102], [103.2188353, 13.0986333], [103.2189679, 13.0990993], [103.2190928, 13.0995529]]}}, {"type": "Feature", "properties": {"highway": "residential"}, "geometry": {"type": "LineString", "coordinates": [[103.2147956, 13.0968175], [103.2149095, 13.0967922], [103.2163161, 13.0963985]]}}, {"type": "Feature", "properties": {"highway": "residential"}, "geometry": {"type": "LineString", "coordinates": [[103.2163464, 13.0965002], [103.2149241, 13.0968712], [103.2148158, 13.0969053]]}}, {"type": "Feature", "properties": {"highway": "residential"}, "geometry": {"type": "LineString", "coordinates": [[103.210555, 13.0977563], [103.210547, 13.0976818]]}}, {"type": "Feature", "properties": {"highway": "residential"}, "geometry": {"type": "LineString", "coordinates": [[103.2096426, 13.0978484], [103.2096496, 13.0979191]]}}, {"type": "Feature", "properties": {"highway": "residential"}, "geometry": {"type": "LineString", "coordinates": [[103.1826034, 13.0885948], [103.1806472, 13.0886403]]}}, {"type": "Feature", "properties": {"highway": "residential"}, "geometry": {"type": "LineString", "coordinates": [[103.1825984, 13.0890499], [103.1806733, 13.0890776], [103.1806472, 13.0886403], [103.1806385, 13.0884994], [103.1806043, 13.0879448]]}}, {"type": "Feature", "properties": {"highway": "service"}, "geometry": {"type": "LineString", "coordinates": [[103.1781033, 13.0968798], [103.1781229, 13.0968149]]}}, {"type": "Feature", "properties": {"highway": "service"}, "geometry": {"type": "LineString", "coordinates": [[103.178236, 13.1048405], [103.1789879, 13.1048064], [103.1789633, 13.1041633]]}}, {"type": "Feature", "properties": {"highway": "residential"}, "geometry": {"type": "LineString", "coordinates": [[103.1847833, 13.1041076], [103.1847979, 13.1049778]]}}, {"type": "Feature", "properties": {"highway": "residential"}, "geometry": {"type": "LineString", "coordinates": [[103.1842511, 13.1049862], [103.1842107, 13.1042134], [103.1842482, 13.1041141], [103.1843171, 13.1040996], [103.1847833, 13.1041076], [103.1852711, 13.1041009]]}}, {"type": "Feature", "properties": {"highway": "residential"}, "geometry": {"type": "LineString", "coordinates": [[103.1850877, 13.0944665], [103.1850674, 13.0941716], [103.1850623, 13.0939322], [103.1850877, 13.0936853], [103.1851397, 13.0933117], [103.1851923, 13.0929817]]}}, {"type": "Feature", "properties": {"highway": "residential"}, "geometry": {"type": "LineString", "coordinates": [[103.1866281, 13.0902673], [103.1868628, 13.0893991]]}}, {"type": "Feature", "properties": {"highway": "track"}, "geometry": {"type": "LineString", "coordinates": [[103.1857211, 13.0899233], [103.1859068, 13.0886816], [103.185961, 13.0885616], [103.1861446, 13.0882474]]}}, {"type": "Feature", "properties": {"highway": "residential"}, "geometry": {"type": "LineString", "coordinates": [[103.1842658, 13.0902535], [103.1847406, 13.0902566], [103.1856593, 13.0903048], [103.1856792, 13.0902773], [103.1856926, 13.0901754], [103.1857211, 13.0899233]]}}, {"type": "Feature", "properties": {"highway": "unclassified"}, "geometry": {"type": "LineString", "coordinates": [[103.1826983, 13.0879271], [103.1827307, 13.0890031], [103.1827455, 13.0894639]]}}, {"type": "Feature", "properties": {"highway": "residential"}, "geometry": {"type": "LineString", "coordinates": [[103.1837385, 13.0894951], [103.1827455, 13.0894639]]}}, {"type": "Feature", "properties": {"highway": "residential"}, "geometry": {"type": "LineString", "coordinates": [[103.1837471, 13.0890753], [103.1827307, 13.0890031]]}}, {"type": "Feature", "properties": {"highway": "residential"}, "geometry": {"type": "LineString", "coordinates": [[103.1837716, 13.0878738], [103.1837471, 13.0890753], [103.1837385, 13.0894951], [103.1837829, 13.0895335], [103.1846255, 13.0896007], [103.1846995, 13.0896391], [103.184729, 13.0897015], [103.1847295, 13.0897591], [103.1847406, 13.0902566]]}}, {"type": "Feature", "properties": {"highway": "unclassified"}, "geometry": {"type": "LineString", "coordinates": [[103.1829495, 13.0997431], [103.1829747, 13.1001411], [103.1829697, 13.1005251], [103.18295, 13.1008947], [103.1829352, 13.1011539], [103.1830387, 13.1039905], [103.1830092, 13.1042305], [103.1830042, 13.1044032], [103.1830092, 13.1046288], [103.1830503, 13.1051182]]}}, {"type": "Feature", "properties": {"highway": "residential"}, "geometry": {"type": "LineString", "coordinates": [[103.1880768, 13.1042734], [103.1872341, 13.1042432]]}}, {"type": "Feature", "properties": {"highway": "service"}, "geometry": {"type": "LineString", "coordinates": [[103.1781445, 13.1048447], [103.178236, 13.1048405]]}}, {"type": "Feature", "properties": {"highway": "service"}, "geometry": {"type": "LineString", "coordinates": [[103.1781229, 13.0968149], [103.1782734, 13.0963157]]}}, {"type": "Feature", "properties": {"highway": "service"}, "geometry": {"type": "LineString", "coordinates": [[103.189367, 13.0915087], [103.1893564, 13.0921975]]}}, {"type": "Feature", "properties": {"highway": "service"}, "geometry": {"type": "LineString", "coordinates": [[103.1893686, 13.0914049], [103.189367, 13.0915087]]}}, {"type": "Feature", "properties": {"highway": "residential"}, "geometry": {"type": "LineString", "coordinates": [[103.1871578, 13.0945356], [103.1875872, 13.094511], [103.1876886, 13.0945065], [103.1882008, 13.0945014]]}}, {"type": "Feature", "properties": {"highway": "residential"}, "geometry": {"type": "LineString", "coordinates": [[103.1786758, 13.0928692], [103.1786632, 13.0918794], [103.1786638, 13.0918474], [103.1786779, 13.0918272], [103.1786976, 13.0918236], [103.1789091, 13.0918423], [103.1789208, 13.0918515], [103.1789267, 13.091867], [103.178924, 13.0927422], [103.1789105, 13.0928041], [103.178857, 13.0928389], [103.1786758, 13.0928692]]}}, {"type": "Feature", "properties": {"highway": "unclassified"}, "geometry": {"type": "LineString", "coordinates": [[103.1827455, 13.0894639], [103.1827953, 13.0910604]]}}, {"type": "Feature", "properties": {"highway": "track"}, "geometry": {"type": "LineString", "coordinates": [[103.182653, 13.0911039], [103.1827224, 13.0910826], [103.1827603, 13.0910719], [103.1827953, 13.0910604], [103.1828416, 13.0910743], [103.1835857, 13.0911564], [103.1836695, 13.0911415], [103.1837949, 13.0911016], [103.1838716, 13.0910983], [103.184596, 13.0911799], [103.1847463, 13.0911701]]}}, {"type": "Feature", "properties": {"highway": "residential"}, "geometry": {"type": "LineString", "coordinates": [[103.2048005, 13.0842685], [103.2050541, 13.0849516], [103.2050939, 13.0849954], [103.2051373, 13.0850091], [103.2053184, 13.0849824]]}}, {"type": "Feature", "properties": {"highway": "path"}, "geometry": {"type": "LineString", "coordinates": [[103.2055696, 13.0819775], [103.2048427, 13.0822596]]}}, {"type": "Feature", "properties": {"highway": "service"}, "geometry": {"type": "LineString", "coordinates": [[103.2050256, 13.0809588], [103.2051743, 13.0809158]]}}, {"type": "Feature", "properties": {"highway": "service"}, "geometry": {"type": "LineString", "coordinates": [[103.209845, 13.0785443], [103.2098014, 13.0784019], [103.2097972, 13.0783017], [103.20986908446464, 13.078183414485052]]}}, {"type": "Feature", "properties": {"highway": "residential"}, "geometry": {"type": "LineString", "coordinates": [[103.2140179, 13.0813878], [103.2149271, 13.081039]]}}, {"type": "Feature", "properties": {"highway": "service"}, "geometry": {"type": "LineString", "coordinates": [[103.213087, 13.07944], [103.2131168, 13.0795175], [103.2131556, 13.07959], [103.2131812, 13.0796383], [103.2131882, 13.0796734], [103.2131772, 13.0799067], [103.2131671, 13.0799453], [103.213145, 13.0799645], [103.2130947, 13.0799792], [103.2128117, 13.0800073], [103.2127795, 13.0800001], [103.2127561, 13.0799851], [103.2127402, 13.0799539], [103.2127297, 13.0797146], [103.2127467, 13.0796736], [103.2127722, 13.079635], [103.212809, 13.079605], [103.213087, 13.07944]]}}, {"type": "Feature", "properties": {"highway": "residential"}, "geometry": {"type": "LineString", "coordinates": [[103.2050046, 13.0858915], [103.2051621, 13.0858824], [103.2054102, 13.0858245]]}}, {"type": "Feature", "properties": {"highway": "residential"}, "geometry": {"type": "LineString", "coordinates": [[103.2050007, 13.0856762], [103.2050046, 13.0858915], [103.2050018, 13.086109], [103.204994, 13.0861623], [103.2049535, 13.0861861], [103.2049185, 13.0861948], [103.2045933, 13.0862754]]}}, {"type": "Feature", "properties": {"highway": "residential"}, "geometry": {"type": "LineString", "coordinates": [[103.2054296, 13.0857786], [103.2053394, 13.0857164], [103.2052392, 13.0856832], [103.2050007, 13.0856762], [103.2048342, 13.0856793], [103.2047591, 13.0856871], [103.2047259, 13.0857121], [103.2047041, 13.085742], [103.2046893, 13.0857563], [103.2046437, 13.0857707], [103.2044091, 13.0858308], [103.204291, 13.0858308], [103.2042052, 13.0858399], [103.2041032, 13.0858974], [103.2039187, 13.0859825]]}}, {"type": "Feature", "properties": {"highway": "unclassified"}, "geometry": {"type": "LineString", "coordinates": [[103.1766893, 13.0856951], [103.1767887, 13.0848485]]}}, {"type": "Feature", "properties": {"highway": "unclassified"}, "geometry": {"type": "LineString", "coordinates": [[103.1776368, 13.0855782], [103.1777125, 13.0849539]]}}, {"type": "Feature", "properties": {"highway": "unclassified"}, "geometry": {"type": "LineString", "coordinates": [[103.1781356, 13.0850022], [103.1777125, 13.0849539], [103.1772644, 13.0849028]]}}, {"type": "Feature", "properties": {"highway": "unclassified"}, "geometry": {"type": "LineString", "coordinates": [[103.1772644, 13.0849028], [103.1767887, 13.0848485], [103.17646, 13.084811], [103.1763081, 13.0847937], [103.1762262, 13.0856491], [103.1766893, 13.0856951], [103.1771636, 13.0857422], [103.1772644, 13.0849028]]}}, {"type": "Feature", "properties": {"highway": "residential"}, "geometry": {"type": "LineString", "coordinates": [[103.1793842, 13.0835166], [103.179548, 13.0819926]]}}, {"type": "Feature", "properties": {"highway": "residential"}, "geometry": {"type": "LineString", "coordinates": [[103.1788558, 13.0834646], [103.1789064, 13.0824845]]}}, {"type": "Feature", "properties": {"highway": "service"}, "geometry": {"type": "LineString", "coordinates": [[103.1781357, 13.0863192], [103.1782462, 13.0863205]]}}, {"type": "Feature", "properties": {"highway": "unclassified"}, "geometry": {"type": "LineString", "coordinates": [[103.1766767, 13.0868143], [103.1766768, 13.0863386], [103.1766769, 13.0858663]]}}, {"type": "Feature", "properties": {"highway": "unclassified"}, "geometry": {"type": "LineString", "coordinates": [[103.1781353, 13.0858353], [103.1766769, 13.0858663], [103.1745927, 13.0859106]]}}, {"type": "Feature", "properties": {"highway": "unclassified"}, "geometry": {"type": "LineString", "coordinates": [[103.1781361, 13.0867971], [103.1766767, 13.0868143], [103.1755118, 13.0868281]]}}, {"type": "Feature", "properties": {"highway": "residential"}, "geometry": {"type": "LineString", "coordinates": [[103.1789699, 13.0778105], [103.1790563, 13.0779107], [103.179433, 13.0791386], [103.1795255, 13.0794208], [103.1796214, 13.0797291], [103.1797253, 13.0800681], [103.1797701, 13.0801992], [103.1800385, 13.0806435], [103.1802068, 13.0809198], [103.1804006, 13.0812372], [103.1806198, 13.0815652], [103.1813487, 13.0826604], [103.1815443, 13.0829647], [103.1820902, 13.083814], [103.1823552, 13.0842006], [103.182551, 13.0845043], [103.1825744, 13.0845597], [103.1825852, 13.0846571], [103.1826147, 13.0849817], [103.1826402, 13.0855721], [103.1826567, 13.0865986], [103.1826962, 13.0878578]]}}, {"type": "Feature", "properties": {"highway": "residential"}, "geometry": {"type": "LineString", "coordinates": [[103.1825828, 13.0878595], [103.1826034, 13.0885948], [103.1825984, 13.0890499]]}}, {"type": "Feature", "properties": {"highway": "residential"}, "geometry": {"type": "LineString", "coordinates": [[103.1806385, 13.0884994], [103.1794934, 13.0885566], [103.1794634, 13.087995]]}}, {"type": "Feature", "properties": {"highway": "residential"}, "geometry": {"type": "LineString", "coordinates": [[103.1847406, 13.0902566], [103.1847463, 13.0911701], [103.1847586, 13.0920631]]}}, {"type": "Feature", "properties": {"highway": "service"}, "geometry": {"type": "LineString", "coordinates": [[103.179689, 13.0857643], [103.179692, 13.0852236], [103.1796952, 13.0846424]]}}, {"type": "Feature", "properties": {"highway": "service"}, "geometry": {"type": "LineString", "coordinates": [[103.1875019, 13.0884723], [103.1874619, 13.0886846]]}}, {"type": "Feature", "properties": {"highway": "service"}, "geometry": {"type": "LineString", "coordinates": [[103.1874619, 13.0886846], [103.1873695, 13.0891761], [103.1870329, 13.089116], [103.1871253, 13.0886245], [103.1874619, 13.0886846]]}}, {"type": "Feature", "properties": {"highway": "tertiary"}, "geometry": {"type": "LineString", "coordinates": [[103.1912454, 13.0915109], [103.1893686, 13.0914049], [103.1888691, 13.0913767], [103.1887727, 13.0913713], [103.1885899, 13.0913629], [103.1884741, 13.091339], [103.1883714, 13.091298], [103.1880824, 13.0911312], [103.188017, 13.0911096], [103.1878036, 13.0909734], [103.1876995, 13.0908671]]}}, {"type": "Feature", "properties": {"highway": "service"}, "geometry": {"type": "LineString", "coordinates": [[103.1877887, 13.0897559], [103.1869842, 13.0893363]]}}, {"type": "Feature", "properties": {"highway": "service"}, "geometry": {"type": "LineString", "coordinates": [[103.187896, 13.0898119], [103.1877887, 13.0897559]]}}, {"type": "Feature", "properties": {"highway": "unclassified"}, "geometry": {"type": "LineString", "coordinates": [[103.1826962, 13.0878578], [103.1826983, 13.0879271]]}}, {"type": "Feature", "properties": {"highway": "service"}, "geometry": {"type": "LineString", "coordinates": [[103.181712, 13.0877668], [103.1817135, 13.0878946]]}}, {"type": "Feature", "properties": {"highway": "service"}, "geometry": {"type": "LineString", "coordinates": [[103.1782462, 13.0863205], [103.1794772, 13.0863351]]}}, {"type": "Feature", "properties": {"highway": "service"}, "geometry": {"type": "LineString", "coordinates": [[103.1788079, 13.0852134], [103.1788059, 13.0848302], [103.179494, 13.0848302]]}}, {"type": "Feature", "properties": {"highway": "service"}, "geometry": {"type": "LineString", "coordinates": [[103.1782626, 13.0852081], [103.1781347, 13.0852069]]}}, {"type": "Feature", "properties": {"highway": "residential"}, "geometry": {"type": "LineString", "coordinates": [[103.1783174, 13.082245], [103.1770409, 13.082105], [103.176412, 13.0820294]]}}, {"type": "Feature", "properties": {"highway": "residential"}, "geometry": {"type": "LineString", "coordinates": [[103.1775678, 13.0826221], [103.176985, 13.0825555], [103.1763552, 13.0824835]]}}, {"type": "Feature", "properties": {"highway": "residential"}, "geometry": {"type": "LineString", "coordinates": [[103.1768942, 13.0832635], [103.176985, 13.0825555], [103.1770409, 13.082105]]}}, {"type": "Feature", "properties": {"highway": "service"}, "geometry": {"type": "LineString", "coordinates": [[103.2140708, 13.0786129], [103.2140847, 13.0784693]]}}, {"type": "Feature", "properties": {"highway": "service"}, "geometry": {"type": "LineString", "coordinates": [[103.2140847, 13.0784693], [103.2141874, 13.0773625], [103.2148047, 13.0774207]]}}, {"type": "Feature", "properties": {"highway": "service"}, "geometry": {"type": "LineString", "coordinates": [[103.2148655, 13.0884038], [103.2147872, 13.088162], [103.2147224, 13.0879643], [103.2150064, 13.0878681], [103.2150761, 13.0880689], [103.2151575, 13.0883046]]}}, {"type": "Feature", "properties": {"highway": "service"}, "geometry": {"type": "LineString", "coordinates": [[103.2096605, 13.0819069], [103.210586, 13.0817865]]}}, {"type": "Feature", "properties": {"highway": "service"}, "geometry": {"type": "LineString", "coordinates": [[103.209639, 13.0820933], [103.2096605, 13.0819069], [103.2097485, 13.0812974]]}}, {"type": "Feature", "properties": {"highway": "service"}, "geometry": {"type": "LineString", "coordinates": [[103.216124, 13.0844528], [103.2162418, 13.0844122]]}}, {"type": "Feature", "properties": {"highway": "service"}, "geometry": {"type": "LineString", "coordinates": [[103.2130991, 13.0786294], [103.2130909, 13.0790952]]}}, {"type": "Feature", "properties": {"highway": "residential"}, "geometry": {"type": "LineString", "coordinates": [[103.2095343, 13.0861723], [103.2093997, 13.0857227]]}}, {"type": "Feature", "properties": {"highway": "service"}, "geometry": {"type": "LineString", "coordinates": [[103.208636, 13.0880482], [103.2086464, 13.0878401], [103.2088594, 13.087856]]}}, {"type": "Feature", "properties": {"highway": "service"}, "geometry": {"type": "LineString", "coordinates": [[103.2163197, 13.0876638], [103.216109, 13.0877294]]}}, {"type": "Feature", "properties": {"highway": "service"}, "geometry": {"type": "LineString", "coordinates": [[103.216246, 13.0880872], [103.2163058, 13.0882477]]}}, {"type": "Feature", "properties": {"highway": "service"}, "geometry": {"type": "LineString", "coordinates": [[103.2163058, 13.0882477], [103.2164512, 13.0886408], [103.2164882, 13.0886649], [103.2165397, 13.0886769], [103.2170027, 13.0885526]]}}, {"type": "Feature", "properties": {"highway": "service"}, "geometry": {"type": "LineString", "coordinates": [[103.2180496, 13.087682], [103.2182231, 13.0881735], [103.218417, 13.0888046]]}}, {"type": "Feature", "properties": {"highway": "service"}, "geometry": {"type": "LineString", "coordinates": [[103.2209225, 13.0865381], [103.2208822, 13.0864121], [103.2208326, 13.0862874]]}}, {"type": "Feature", "properties": {"highway": "service"}, "geometry": {"type": "LineString", "coordinates": [[103.2189398, 13.0870437], [103.2188989, 13.0869208]]}}, {"type": "Feature", "properties": {"highway": "service"}, "geometry": {"type": "LineString", "coordinates": [[103.2198602, 13.0865924], [103.2198007, 13.0864247]]}}, {"type": "Feature", "properties": {"highway": "footway"}, "geometry": {"type": "LineString", "coordinates": [[103.2195183, 13.0868556], [103.2195613, 13.0869871]]}}, {"type": "Feature", "properties": {"highway": "footway"}, "geometry": {"type": "LineString", "coordinates": [[103.2200122, 13.086695], [103.2200564, 13.0868238]]}}, {"type": "Feature", "properties": {"highway": "residential"}, "geometry": {"type": "LineString", "coordinates": [[103.2200166, 13.0875324], [103.2217459, 13.0874846]]}}, {"type": "Feature", "properties": {"highway": "service"}, "geometry": {"type": "LineString", "coordinates": [[103.2196431, 13.0896716], [103.2194004, 13.0897631], [103.2186266, 13.09007]]}}, {"type": "Feature", "properties": {"highway": "residential"}, "geometry": {"type": "LineString", "coordinates": [[103.2197219, 13.0867894], [103.2197654, 13.0869198], [103.2197912, 13.0875386], [103.2198787, 13.0896043]]}}, {"type": "Feature", "properties": {"highway": "residential"}, "geometry": {"type": "LineString", "coordinates": [[103.2198913, 13.090136], [103.2199045, 13.0903429]]}}, {"type": "Feature", "properties": {"highway": "residential"}, "geometry": {"type": "LineString", "coordinates": [[103.2198787, 13.0896043], [103.2198913, 13.090136]]}}, {"type": "Feature", "properties": {"highway": "service"}, "geometry": {"type": "LineString", "coordinates": [[103.2147872, 13.088162], [103.2150761, 13.0880689]]}}, {"type": "Feature", "properties": {"highway": "service"}, "geometry": {"type": "LineString", "coordinates": [[103.211751, 13.0980504], [103.2113422, 13.0981442], [103.2113031, 13.0981923], [103.2113072, 13.0982625], [103.2113463, 13.0983106], [103.211406, 13.0983346], [103.2115089, 13.0983527], [103.2115706, 13.0984048], [103.2115998, 13.0984721], [103.2116282, 13.0985691], [103.2116632, 13.0987415]]}}, {"type": "Feature", "properties": {"highway": "path"}, "geometry": {"type": "LineString", "coordinates": [[103.2148479, 13.1127602], [103.2145721, 13.1128058], [103.2143283, 13.1128865], [103.213997, 13.1130388], [103.2137603, 13.1132032]]}}, {"type": "Feature", "properties": {"highway": "service"}, "geometry": {"type": "LineString", "coordinates": [[103.2131254, 13.0913367], [103.2137667, 13.0911199]]}}, {"type": "Feature", "properties": {"highway": "service"}, "geometry": {"type": "LineString", "coordinates": [[103.2130203, 13.0913723], [103.2131254, 13.0913367]]}}, {"type": "Feature", "properties": {"highway": "residential"}, "geometry": {"type": "LineString", "coordinates": [[103.212223, 13.0999589], [103.2122873, 13.0999437]]}}, {"type": "Feature", "properties": {"highway": "residential"}, "geometry": {"type": "LineString", "coordinates": [[103.2111196, 13.1058189], [103.2113526, 13.1057462], [103.2114559, 13.1056998], [103.2115041, 13.1056763], [103.2115383, 13.1056371], [103.2115618, 13.1056012], [103.2115853, 13.1055777], [103.2116195, 13.1055594], [103.2116611, 13.1055365], [103.2118434, 13.1055346], [103.2122746, 13.1055444]]}}, {"type": "Feature", "properties": {"highway": "service"}, "geometry": {"type": "LineString", "coordinates": [[103.2244984, 13.0853587], [103.22453481048402, 13.085467954927527]]}}, {"type": "Feature", "properties": {"highway": "service"}, "geometry": {"type": "LineString", "coordinates": [[103.2216916, 13.0862844], [103.2216959, 13.0864628]]}}, {"type": "Feature", "properties": {"highway": "service"}, "geometry": {"type": "LineString", "coordinates": [[103.214093, 13.0888107], [103.2140606, 13.0890308], [103.2138753, 13.0890864]]}}, {"type": "Feature", "properties": {"highway": "footway"}, "geometry": {"type": "LineString", "coordinates": [[103.2092916, 13.0902878], [103.209331, 13.090411]]}}, {"type": "Feature", "properties": {"highway": "residential"}, "geometry": {"type": "LineString", "coordinates": [[103.2246312, 13.0818789], [103.2247309, 13.0818422]]}}, {"type": "Feature", "properties": {"highway": "service"}, "geometry": {"type": "LineString", "coordinates": [[103.2172377, 13.0837605], [103.2171892, 13.0836517]]}}, {"type": "Feature", "properties": {"highway": "residential"}, "geometry": {"type": "LineString", "coordinates": [[103.2154343, 13.08719], [103.2153196, 13.0868577]]}}, {"type": "Feature", "properties": {"highway": "residential"}, "geometry": {"type": "LineString", "coordinates": [[103.1872802, 13.0831518], [103.1873442, 13.0830733]]}}, {"type": "Feature", "properties": {"highway": "service"}, "geometry": {"type": "LineString", "coordinates": [[103.1835811, 13.0804364], [103.183649, 13.0803319]]}}, {"type": "Feature", "properties": {"highway": "residential"}, "geometry": {"type": "LineString", "coordinates": [[103.1995017, 13.1243227], [103.1997098, 13.1253672], [103.1996793, 13.1254336], [103.1998942, 13.1267599]]}}, {"type": "Feature", "properties": {"highway": "tertiary"}, "geometry": {"type": "LineString", "coordinates": [[103.1979127, 13.1298206], [103.1980225, 13.1298482], [103.198266, 13.1299244]]}}, {"type": "Feature", "properties": {"highway": "tertiary"}, "geometry": {"type": "LineString", "coordinates": [[103.198266, 13.1299244], [103.1979953, 13.1299202], [103.1979312, 13.1299207]]}}, {"type": "Feature", "properties": {"highway": "track"}, "geometry": {"type": "LineString", "coordinates": [[103.1939543, 13.1446998], [103.1953872, 13.1446284], [103.1972235, 13.1445369], [103.1980838, 13.1444941]]}}, {"type": "Feature", "properties": {"highway": "unclassified"}, "geometry": {"type": "LineString", "coordinates": [[103.1945959, 13.1333716], [103.1937725, 13.1333997], [103.1937558, 13.1328631], [103.1937519, 13.1326299]]}}, {"type": "Feature", "properties": {"highway": "unclassified"}, "geometry": {"type": "LineString", "coordinates": [[103.192731, 13.1328993], [103.1937558, 13.1328631], [103.1945712, 13.1328344]]}}, {"type": "Feature", "properties": {"highway": "track"}, "geometry": {"type": "LineString", "coordinates": [[103.19375, 13.1447149], [103.1936078, 13.1447257], [103.1883628, 13.1449823]]}}, {"type": "Feature", "properties": {"highway": "track"}, "geometry": {"type": "LineString", "coordinates": [[103.1924755, 13.1495317], [103.1923933, 13.149483], [103.1887457, 13.1496168]]}}, {"type": "Feature", "properties": {"highway": "service"}, "geometry": {"type": "LineString", "coordinates": [[103.1924755, 13.1495317], [103.1923461, 13.1495984], [103.1905448, 13.149689]]}}, {"type": "Feature", "properties": {"highway": "service"}, "geometry": {"type": "LineString", "coordinates": [[103.1943561, 13.1424493], [103.1921298, 13.1425407], [103.1921031, 13.1425912]]}}, {"type": "Feature", "properties": {"highway": "service"}, "geometry": {"type": "LineString", "coordinates": [[103.1913072, 13.1426036], [103.1903173, 13.1426406]]}}, {"type": "Feature", "properties": {"highway": "service"}, "geometry": {"type": "LineString", "coordinates": [[103.1912775, 13.142129], [103.1920286, 13.1421041]]}}, {"type": "Feature", "properties": {"highway": "residential"}, "geometry": {"type": "LineString", "coordinates": [[103.1897707, 13.1437576], [103.1897541, 13.1432965], [103.1897381, 13.1428493], [103.1897214, 13.1423852]]}}, {"type": "Feature", "properties": {"highway": "residential"}, "geometry": {"type": "LineString", "coordinates": [[103.1903232, 13.1428212], [103.1897381, 13.1428493], [103.1892866, 13.1428709], [103.1888508, 13.1428918], [103.1886469, 13.1429016]]}}, {"type": "Feature", "properties": {"highway": "service"}, "geometry": {"type": "LineString", "coordinates": [[103.1903022, 13.14218], [103.1912775, 13.142129]]}}, {"type": "Feature", "properties": {"highway": "service"}, "geometry": {"type": "LineString", "coordinates": [[103.1886469, 13.1424245], [103.1888362, 13.1424205], [103.1892685, 13.1424044], [103.1893022, 13.142403], [103.1897214, 13.1423852], [103.1903081, 13.1423604]]}}, {"type": "Feature", "properties": {"highway": "service"}, "geometry": {"type": "LineString", "coordinates": [[103.1893219, 13.1437807], [103.1893039, 13.1433176], [103.1892866, 13.1428709], [103.1892685, 13.1424044]]}}, {"type": "Feature", "properties": {"highway": "service"}, "geometry": {"type": "LineString", "coordinates": [[103.190353, 13.1437277], [103.1897707, 13.1437576], [103.1893219, 13.1437807], [103.1888774, 13.1438036], [103.1888646, 13.1433381], [103.1888508, 13.1428918], [103.1888362, 13.1424205]]}}, {"type": "Feature", "properties": {"highway": "service"}, "geometry": {"type": "LineString", "coordinates": [[103.1913479, 13.1432221], [103.1903379, 13.1432693], [103.1897541, 13.1432965], [103.1893039, 13.1433176], [103.1888646, 13.1433381], [103.1886345, 13.1433506]]}}, {"type": "Feature", "properties": {"highway": "residential"}, "geometry": {"type": "LineString", "coordinates": [[103.1913853, 13.1438758], [103.1903595, 13.1439279], [103.190353, 13.1437277], [103.1903379, 13.1432693], [103.1903232, 13.1428212], [103.1903173, 13.1426406], [103.1903081, 13.1423604], [103.1903022, 13.14218], [103.1902895, 13.141795]]}}, {"type": "Feature", "properties": {"highway": "residential"}, "geometry": {"type": "LineString", "coordinates": [[103.1913682, 13.1435847], [103.1913479, 13.1432221], [103.1913072, 13.1426036]]}}, {"type": "Feature", "properties": {"highway": "service"}, "geometry": {"type": "LineString", "coordinates": [[103.1931756, 13.143535], [103.1921444, 13.1435535], [103.1913682, 13.1435847]]}}, {"type": "Feature", "properties": {"highway": "service"}, "geometry": {"type": "LineString", "coordinates": [[103.1913682, 13.1435847], [103.1913853, 13.1438758], [103.191397, 13.1440763], [103.1921545, 13.1440522], [103.1921444, 13.1435535]]}}, {"type": "Feature", "properties": {"highway": "unclassified"}, "geometry": {"type": "LineString", "coordinates": [[103.1972235, 13.1445369], [103.197273, 13.1455375]]}}, {"type": "Feature", "properties": {"highway": "unclassified"}, "geometry": {"type": "LineString", "coordinates": [[103.1943792, 13.1470382], [103.1943628, 13.1457438]]}}, {"type": "Feature", "properties": {"highway": "service"}, "geometry": {"type": "LineString", "coordinates": [[103.1955296, 13.136087], [103.195522, 13.1357204]]}}, {"type": "Feature", "properties": {"highway": "service"}, "geometry": {"type": "LineString", "coordinates": [[103.1950147, 13.1361047], [103.1950014, 13.1357401]]}}, {"type": "Feature", "properties": {"highway": "service"}, "geometry": {"type": "LineString", "coordinates": [[103.1961671, 13.135696], [103.195522, 13.1357204], [103.1950014, 13.1357401], [103.1947303, 13.1357504]]}}, {"type": "Feature", "properties": {"highway": "service"}, "geometry": {"type": "LineString", "coordinates": [[103.1960667, 13.1360686], [103.1955296, 13.136087], [103.1950147, 13.1361047], [103.1947598, 13.1361135]]}}, {"type": "Feature", "properties": {"highway": "service"}, "geometry": {"type": "LineString", "coordinates": [[103.1903958, 13.1417763], [103.1912457, 13.1417312], [103.1920695, 13.1416875]]}}, {"type": "Feature", "properties": {"highway": "residential"}, "geometry": {"type": "LineString", "coordinates": [[103.1891484543498, 13.153910522470905], [103.1891018, 13.1530129], [103.1890753, 13.1525043]]}}, {"type": "Feature", "properties": {"highway": "residential"}, "geometry": {"type": "LineString", "coordinates": [[103.1895916287432, 13.153607479447759], [103.1895639, 13.1529959], [103.1895405, 13.1524802]]}}, {"type": "Feature", "properties": {"highway": "residential"}, "geometry": {"type": "LineString", "coordinates": [[103.19003915023158, 13.153462555864612], [103.1900131, 13.1529794], [103.1899851, 13.1524602]]}}, {"type": "Feature", "properties": {"highway": "residential"}, "geometry": {"type": "LineString", "coordinates": [[103.1915763, 13.1529232], [103.1904994, 13.1529616], [103.1900131, 13.1529794], [103.1895639, 13.1529959], [103.1891018, 13.1530129], [103.188742, 13.1530281]]}}, {"type": "Feature", "properties": {"highway": "residential"}, "geometry": {"type": "LineString", "coordinates": [[103.19051596960685, 13.153412460090355], [103.1904994, 13.1529616], [103.1904792, 13.1524121]]}}, {"type": "Feature", "properties": {"highway": "unclassified"}, "geometry": {"type": "LineString", "coordinates": [[103.18852515423585, 13.154336735613342], [103.1880558, 13.1543592], [103.1855645, 13.1544785], [103.1854477, 13.1544841], [103.184642, 13.1545227], [103.184148, 13.1545464]]}}, {"type": "Feature", "properties": {"highway": "unclassified"}, "geometry": {"type": "LineString", "coordinates": [[103.1874995, 13.1536279], [103.1874591, 13.1526906], [103.1874403, 13.1522551], [103.1873931, 13.1511609]]}}, {"type": "Feature", "properties": {"highway": "unclassified"}, "geometry": {"type": "LineString", "coordinates": [[103.1870204, 13.153651], [103.1869754, 13.1527105], [103.1869546, 13.1522751], [103.1869032, 13.1512024]]}}, {"type": "Feature", "properties": {"highway": "unclassified"}, "geometry": {"type": "LineString", "coordinates": [[103.1887058, 13.1522031], [103.1874403, 13.1522551], [103.1869546, 13.1522751], [103.1865059, 13.1522935], [103.186033, 13.152313], [103.1858064, 13.1523223]]}}, {"type": "Feature", "properties": {"highway": "unclassified"}, "geometry": {"type": "LineString", "coordinates": [[103.18879206905177, 13.154154219037608], [103.188742, 13.1530281], [103.1887241, 13.1526385], [103.1887058, 13.1522031], [103.1886815, 13.1516224]]}}, {"type": "Feature", "properties": {"highway": "unclassified"}, "geometry": {"type": "LineString", "coordinates": [[103.1858277, 13.1527578], [103.1860538, 13.1527485], [103.1865242, 13.1527291], [103.1869754, 13.1527105], [103.1874591, 13.1526906], [103.1887241, 13.1526385]]}}, {"type": "Feature", "properties": {"highway": "unclassified"}, "geometry": {"type": "LineString", "coordinates": [[103.1865731, 13.1538984], [103.1865637, 13.153673], [103.1865242, 13.1527291], [103.1865059, 13.1522935], [103.1864613, 13.1512283]]}}, {"type": "Feature", "properties": {"highway": "unclassified"}, "geometry": {"type": "LineString", "coordinates": [[103.1861099, 13.1539243], [103.186099, 13.1536953], [103.1860538, 13.1527485], [103.186033, 13.152313], [103.1859821, 13.1512491]]}}, {"type": "Feature", "properties": {"highway": "unclassified"}, "geometry": {"type": "LineString", "coordinates": [[103.1880591, 13.1544325], [103.1880558, 13.1543592], [103.1880213, 13.1536028], [103.1874995, 13.1536279], [103.1870204, 13.153651], [103.1865637, 13.153673], [103.186099, 13.1536953], [103.185865, 13.1537065]]}}, {"type": "Feature", "properties": {"highway": "unclassified"}, "geometry": {"type": "LineString", "coordinates": [[103.1855143, 13.1529961], [103.1854052, 13.1530013]]}}, {"type": "Feature", "properties": {"highway": "unclassified"}, "geometry": {"type": "LineString", "coordinates": [[103.1855395, 13.1537328], [103.1854263, 13.1537377]]}}, {"type": "Feature", "properties": {"highway": "unclassified"}, "geometry": {"type": "LineString", "coordinates": [[103.185567, 13.1545553], [103.1855645, 13.1544785], [103.1855395, 13.1537328], [103.1855143, 13.1529961], [103.1854923, 13.1523223], [103.1853858, 13.1523274]]}}, {"type": "Feature", "properties": {"highway": "unclassified"}, "geometry": {"type": "LineString", "coordinates": [[103.1854499, 13.1545611], [103.1854477, 13.1544841], [103.1854263, 13.1537377], [103.1854052, 13.1530013], [103.1853858, 13.1523274]]}}, {"type": "Feature", "properties": {"highway": "unclassified"}, "geometry": {"type": "LineString", "coordinates": [[103.1846452, 13.1546007], [103.184642, 13.1545227], [103.1846032, 13.1535769]]}}, {"type": "Feature", "properties": {"highway": "unclassified"}, "geometry": {"type": "LineString", "coordinates": [[103.1844009, 13.154619], [103.1844435, 13.1555522]]}}, {"type": "Feature", "properties": {"highway": "unclassified"}, "geometry": {"type": "LineString", "coordinates": [[103.1853267, 13.1545671], [103.1853592, 13.1554952]]}}, {"type": "Feature", "properties": {"highway": "unclassified"}, "geometry": {"type": "LineString", "coordinates": [[103.1871801, 13.1557451], [103.1871321, 13.1544782]]}}, {"type": "Feature", "properties": {"highway": "unclassified"}, "geometry": {"type": "LineString", "coordinates": [[103.1868553, 13.1563299], [103.1868394, 13.1557605]]}}, {"type": "Feature", "properties": {"highway": "unclassified"}, "geometry": {"type": "LineString", "coordinates": [[103.1860993, 13.1557959], [103.1862856, 13.1557855], [103.1868394, 13.1557605], [103.1871801, 13.1557451], [103.1878935, 13.1557129]]}}, {"type": "Feature", "properties": {"highway": "unclassified"}, "geometry": {"type": "LineString", "coordinates": [[103.1862264, 13.1545228], [103.1862856, 13.1557855], [103.1863282, 13.1558425], [103.1863335, 13.1563765]]}}, {"type": "Feature", "properties": {"highway": "unclassified"}, "geometry": {"type": "LineString", "coordinates": [[103.184124, 13.1557492], [103.1838397, 13.155765], [103.1833961, 13.1557897], [103.1831923, 13.1558011]]}}, {"type": "Feature", "properties": {"highway": "unclassified"}, "geometry": {"type": "LineString", "coordinates": [[103.1838037, 13.154638], [103.1838397, 13.155765], [103.1838631, 13.156501]]}}, {"type": "Feature", "properties": {"highway": "unclassified"}, "geometry": {"type": "LineString", "coordinates": [[103.1833405, 13.1546585], [103.1833961, 13.1557897], [103.1834319, 13.1565165]]}}, {"type": "Feature", "properties": {"highway": "unclassified"}, "geometry": {"type": "LineString", "coordinates": [[103.1840974, 13.1546286], [103.184124, 13.1557492]]}}, {"type": "Feature", "properties": {"highway": "service"}, "geometry": {"type": "LineString", "coordinates": [[103.1890854, 13.0788468], [103.1890616, 13.079014]]}}, {"type": "Feature", "properties": {"highway": "service"}, "geometry": {"type": "LineString", "coordinates": [[103.1882018, 13.0788682], [103.1882208, 13.0787481]]}}, {"type": "Feature", "properties": {"highway": "service"}, "geometry": {"type": "LineString", "coordinates": [[103.1894492, 13.0787956], [103.1897268, 13.0779976]]}}, {"type": "Feature", "properties": {"highway": "service"}, "geometry": {"type": "LineString", "coordinates": [[103.1873202, 13.0786465], [103.1873611, 13.0785199]]}}, {"type": "Feature", "properties": {"highway": "unclassified"}, "geometry": {"type": "LineString", "coordinates": [[103.1741962, 13.1113305], [103.1742413, 13.1099254]]}}, {"type": "Feature", "properties": {"highway": "unclassified"}, "geometry": {"type": "LineString", "coordinates": [[103.174644, 13.1113541], [103.1746936, 13.1099501]]}}, {"type": "Feature", "properties": {"highway": "unclassified"}, "geometry": {"type": "LineString", "coordinates": [[103.1750516, 13.1113754], [103.175093, 13.1099719]]}}, {"type": "Feature", "properties": {"highway": "unclassified"}, "geometry": {"type": "LineString", "coordinates": [[103.1766339, 13.1108764], [103.1760857, 13.1108494], [103.1755709, 13.110824]]}}, {"type": "Feature", "properties": {"highway": "unclassified"}, "geometry": {"type": "LineString", "coordinates": [[103.1770069, 13.1115303], [103.1770852, 13.1100863], [103.176672, 13.110058], [103.1761347, 13.1100287], [103.1756247, 13.1100009], [103.175093, 13.1099719], [103.1746936, 13.1099501], [103.1742413, 13.1099254], [103.1735164, 13.1098859], [103.1728826, 13.1098562], [103.1723186, 13.1098298], [103.1722692, 13.1098578], [103.172265, 13.1100222]]}}, {"type": "Feature", "properties": {"highway": "service"}, "geometry": {"type": "LineString", "coordinates": [[103.166786, 13.1062999], [103.1666175, 13.1063121]]}}, {"type": "Feature", "properties": {"highway": "service"}, "geometry": {"type": "LineString", "coordinates": [[103.1666175, 13.1063121], [103.1665046, 13.1060325]]}}, {"type": "Feature", "properties": {"highway": "service"}, "geometry": {"type": "LineString", "coordinates": [[103.1669057, 13.1060025], [103.166786, 13.1062999]]}}, {"type": "Feature", "properties": {"highway": "residential"}, "geometry": {"type": "LineString", "coordinates": [[103.177965, 13.1056649], [103.1779607, 13.1058448], [103.1778316, 13.1076089]]}}, {"type": "Feature", "properties": {"highway": "residential"}, "geometry": {"type": "LineString", "coordinates": [[103.1759003, 13.1056319], [103.1758959, 13.1057996], [103.1758438, 13.1066112], [103.1757863, 13.1075083]]}}, {"type": "Feature", "properties": {"highway": "residential"}, "geometry": {"type": "LineString", "coordinates": [[103.1844373, 13.1071105], [103.1844853, 13.1076387]]}}, {"type": "Feature", "properties": {"highway": "residential"}, "geometry": {"type": "LineString", "coordinates": [[103.1824438, 13.1072367], [103.1824377, 13.1076395], [103.1824145, 13.1080208], [103.1823519, 13.1084911], [103.1822956, 13.1090436], [103.18227, 13.1092711]]}}, {"type": "Feature", "properties": {"highway": "residential"}, "geometry": {"type": "LineString", "coordinates": [[103.1691626, 13.1075603], [103.1693807, 13.1068449], [103.1693764, 13.1066231], [103.1693982, 13.1065919], [103.1694558, 13.1065815], [103.1695095, 13.1065475], [103.1695712, 13.1065135], [103.1696409, 13.1065057], [103.1698568, 13.1065162], [103.1700593, 13.1065488], [103.1701612, 13.106588], [103.1703258, 13.1066044]]}}, {"type": "Feature", "properties": {"highway": "residential"}, "geometry": {"type": "LineString", "coordinates": [[103.1683537, 13.1091071], [103.1685462, 13.1073646], [103.1691626, 13.1075603], [103.1693704, 13.1076266], [103.1695201, 13.1076616], [103.1700557, 13.1077349], [103.1702183, 13.1077429], [103.1702904, 13.1077128], [103.1703171, 13.1076587], [103.1703315, 13.1068569], [103.1703027, 13.1067326], [103.1703258, 13.1066044], [103.1703768, 13.1063217], [103.1704106, 13.1058837]]}}, {"type": "Feature", "properties": {"highway": "living_street"}, "geometry": {"type": "LineString", "coordinates": [[103.168568, 13.1059365], [103.1685615, 13.1063017], [103.1685492, 13.10645], [103.1685101, 13.1066845], [103.1685615, 13.1067006]]}}, {"type": "Feature", "properties": {"highway": "primary_link"}, "geometry": {"type": "LineString", "coordinates": [[103.1837814, 13.1061552], [103.1837628, 13.1063319]]}}, {"type": "Feature", "properties": {"highway": "service"}, "geometry": {"type": "LineString", "coordinates": [[103.181165, 13.1063208], [103.1810664, 13.1063139]]}}, {"type": "Feature", "properties": {"highway": "service"}, "geometry": {"type": "LineString", "coordinates": [[103.181226, 13.1060565], [103.1812051, 13.1063237], [103.181165, 13.1063208]]}}, {"type": "Feature", "properties": {"highway": "service"}, "geometry": {"type": "LineString", "coordinates": [[103.1810664, 13.1063139], [103.1810343, 13.1063116], [103.1810546, 13.1060431]]}}, {"type": "Feature", "properties": {"highway": "primary_link"}, "geometry": {"type": "LineString", "coordinates": [[103.1810228, 13.1060407], [103.1810356, 13.1058579]]}}, {"type": "Feature", "properties": {"highway": "primary_link"}, "geometry": {"type": "LineString", "coordinates": [[103.1800547, 13.1057808], [103.1800344, 13.1059638]]}}, {"type": "Feature", "properties": {"highway": "track"}, "geometry": {"type": "LineString", "coordinates": [[103.1738426, 13.105689], [103.1738395, 13.1056393]]}}, {"type": "Feature", "properties": {"highway": "service"}, "geometry": {"type": "LineString", "coordinates": [[103.1991932, 13.1300692], [103.1991911, 13.1302365]]}}, {"type": "Feature", "properties": {"highway": "unclassified"}, "geometry": {"type": "LineString", "coordinates": [[103.1761347, 13.1100287], [103.1760857, 13.1108494]]}}, {"type": "Feature", "properties": {"highway": "unclassified"}, "geometry": {"type": "LineString", "coordinates": [[103.1770852, 13.1100863], [103.1771217, 13.1095459]]}}, {"type": "Feature", "properties": {"highway": "service"}, "geometry": {"type": "LineString", "coordinates": [[103.1543636, 13.107968], [103.1547416, 13.10792]]}}, {"type": "Feature", "properties": {"highway": "service"}, "geometry": {"type": "LineString", "coordinates": [[103.1543273, 13.1079027], [103.1543636, 13.107968], [103.1545037, 13.1082197], [103.1547342, 13.1081957], [103.1547416, 13.10792], [103.1547652, 13.1077262]]}}, {"type": "Feature", "properties": {"highway": "service"}, "geometry": {"type": "LineString", "coordinates": [[103.1553393, 13.1137968], [103.1562298, 13.1136281], [103.1565839, 13.1135916], [103.156938, 13.1136281], [103.1571847, 13.1137222], [103.1573564, 13.1138841], [103.1579465, 13.1138946]]}}, {"type": "Feature", "properties": {"highway": "path"}, "geometry": {"type": "LineString", "coordinates": [[103.1592929, 13.1077688], [103.15925, 13.1077374], [103.1591373, 13.1070863]]}}, {"type": "Feature", "properties": {"highway": "residential"}, "geometry": {"type": "LineString", "coordinates": [[103.1607469, 13.1074901], [103.1592929, 13.1077688], [103.159386, 13.1083301]]}}, {"type": "Feature", "properties": {"highway": "unclassified"}, "geometry": {"type": "LineString", "coordinates": [[103.1644799, 13.1063098], [103.1645662, 13.1072306], [103.1645983, 13.1074422], [103.164762, 13.1082233], [103.1648076, 13.1086073], [103.1648344, 13.1089548], [103.1648678, 13.1090266]]}}, {"type": "Feature", "properties": {"highway": "path"}, "geometry": {"type": "LineString", "coordinates": [[103.1613955, 13.1067716], [103.161656, 13.1079621], [103.1608349, 13.108141]]}}, {"type": "Feature", "properties": {"highway": "service"}, "geometry": {"type": "LineString", "coordinates": [[103.1773121, 13.088087], [103.1772906, 13.0879221], [103.1772212, 13.087786], [103.1770813, 13.0876191], [103.1768721, 13.0875512], [103.1762659, 13.0875512]]}}, {"type": "Feature", "properties": {"highway": "residential"}, "geometry": {"type": "LineString", "coordinates": [[103.1749093, 13.0935519], [103.1749463, 13.0944273], [103.175016, 13.0945213], [103.175126, 13.0945344], [103.1760782, 13.0945736], [103.1760352, 13.0953912], [103.1760259, 13.0956342], [103.1760366, 13.0957335], [103.1760742, 13.0957844], [103.1761292, 13.0957962], [103.1762552, 13.0958106], [103.1763545, 13.0958145], [103.1764202, 13.0958262], [103.1764447, 13.0958396]]}}, {"type": "Feature", "properties": {"highway": "service"}, "geometry": {"type": "LineString", "coordinates": [[103.1723605, 13.0994635], [103.1723875, 13.1001799]]}}, {"type": "Feature", "properties": {"highway": "service"}, "geometry": {"type": "LineString", "coordinates": [[103.1730907, 13.1018598], [103.1728086, 13.1017812], [103.1728113, 13.101567], [103.1730789, 13.1014782]]}}, {"type": "Feature", "properties": {"highway": "service"}, "geometry": {"type": "LineString", "coordinates": [[103.1722424, 13.0863919], [103.1720441, 13.0863786]]}}, {"type": "Feature", "properties": {"highway": "service"}, "geometry": {"type": "LineString", "coordinates": [[103.1720441, 13.0863786], [103.1707191, 13.0862893], [103.1706467, 13.0863128], [103.1706226, 13.0863755], [103.1706092, 13.0866211], [103.1704214, 13.0866211]]}}, {"type": "Feature", "properties": {"highway": "service"}, "geometry": {"type": "LineString", "coordinates": [[103.1722925, 13.0870893], [103.1721383, 13.0870762]]}}, {"type": "Feature", "properties": {"highway": "service"}, "geometry": {"type": "LineString", "coordinates": [[103.2028577, 13.0949863], [103.2028549, 13.0948961]]}}, {"type": "Feature", "properties": {"highway": "service"}, "geometry": {"type": "LineString", "coordinates": [[103.2005824, 13.100725], [103.2006233, 13.1007196]]}}, {"type": "Feature", "properties": {"highway": "service"}, "geometry": {"type": "LineString", "coordinates": [[103.2006233, 13.1007196], [103.2008471, 13.1006775], [103.2008712, 13.1006527], [103.2008913, 13.1005874]]}}, {"type": "Feature", "properties": {"highway": "residential"}, "geometry": {"type": "LineString", "coordinates": [[103.2004305, 13.0906841], [103.2001935, 13.0906103]]}}, {"type": "Feature", "properties": {"highway": "residential"}, "geometry": {"type": "LineString", "coordinates": [[103.2012829, 13.0909595], [103.2004305, 13.0906841]]}}, {"type": "Feature", "properties": {"highway": "residential"}, "geometry": {"type": "LineString", "coordinates": [[103.200868, 13.0884619], [103.2008645, 13.0885413], [103.2003951, 13.0900096], [103.2002307, 13.0904997], [103.2001935, 13.0906103], [103.199772, 13.0918492]]}}, {"type": "Feature", "properties": {"highway": "service"}, "geometry": {"type": "LineString", "coordinates": [[103.2018178, 13.1073556], [103.2017864, 13.1076386]]}}, {"type": "Feature", "properties": {"highway": "service"}, "geometry": {"type": "LineString", "coordinates": [[103.2017173, 13.1076329], [103.201745, 13.1073373]]}}, {"type": "Feature", "properties": {"highway": "unclassified"}, "geometry": {"type": "LineString", "coordinates": [[103.16890013386953, 13.15055632543328], [103.1695662, 13.1505292]]}}, {"type": "Feature", "properties": {"highway": "residential"}, "geometry": {"type": "LineString", "coordinates": [[103.13163, 13.0485001], [103.1323196, 13.0459225]]}}, {"type": "Feature", "properties": {"highway": "residential"}, "geometry": {"type": "LineString", "coordinates": [[103.13163, 13.0485001], [103.133364, 13.0484593], [103.1341499, 13.048407], [103.135424, 13.0486317], [103.1355848, 13.0481765]]}}, {"type": "Feature", "properties": {"highway": "residential"}, "geometry": {"type": "LineString", "coordinates": [[103.13718699631544, 13.049167485731703], [103.1371781, 13.0491961], [103.1371904, 13.0494187], [103.1371796, 13.0495431], [103.137166, 13.0496348]]}}, {"type": "Feature", "properties": {"highway": "residential"}, "geometry": {"type": "LineString", "coordinates": [[103.1396976, 13.051444], [103.139812, 13.0512368], [103.139842, 13.0511686], [103.13984201918741, 13.051120852127443]]}}, {"type": "Feature", "properties": {"highway": "trunk"}, "geometry": {"type": "LineString", "coordinates": [[103.1450752, 13.0552851], [103.1449832, 13.055337]]}}, {"type": "Feature", "properties": {"highway": "trunk"}, "geometry": {"type": "LineString", "coordinates": [[103.161512, 13.0479178], [103.1593573, 13.0481614], [103.157958, 13.0484809], [103.1570624, 13.0487004], [103.1558224, 13.049212], [103.1481306, 13.053538]]}}, {"type": "Feature", "properties": {"highway": "trunk"}, "geometry": {"type": "LineString", "coordinates": [[103.144815, 13.0552217], [103.1449137, 13.0551648]]}}, {"type": "Feature", "properties": {"highway": "trunk"}, "geometry": {"type": "LineString", "coordinates": [[103.1480555, 13.0533893], [103.1557733, 13.0490317], [103.1570231, 13.0485167], [103.1579518, 13.0482866], [103.159358, 13.0479798], [103.1616109, 13.0477376]]}}, {"type": "Feature", "properties": {"highway": "primary"}, "geometry": {"type": "LineString", "coordinates": [[103.1449137, 13.0551648], [103.1450752, 13.0552851]]}}, {"type": "Feature", "properties": {"highway": "primary"}, "geometry": {"type": "LineString", "coordinates": [[103.1436419, 13.0543058], [103.1438309, 13.0543762], [103.1447012, 13.0550132], [103.1449137, 13.0551648]]}}, {"type": "Feature", "properties": {"highway": "primary"}, "geometry": {"type": "LineString", "coordinates": [[103.1449832, 13.055337], [103.144815, 13.0552217]]}}, {"type": "Feature", "properties": {"highway": "primary"}, "geometry": {"type": "LineString", "coordinates": [[103.144815, 13.0552217], [103.1445774, 13.0550458], [103.1437665, 13.0544702], [103.1436419, 13.0543058]]}}, {"type": "Feature", "properties": {"highway": "trunk_link"}, "geometry": {"type": "LineString", "coordinates": [[103.1452467, 13.0555289], [103.1451082, 13.0554903], [103.144965, 13.0554747], [103.1448212, 13.0554825], [103.1446807, 13.0555134]]}}, {"type": "Feature", "properties": {"highway": "trunk_link"}, "geometry": {"type": "LineString", "coordinates": [[103.1453847, 13.0551077], [103.1453212, 13.0551848], [103.1452883, 13.0552783], [103.14529, 13.0553771], [103.145326, 13.0554696]]}}, {"type": "Feature", "properties": {"highway": "trunk_link"}, "geometry": {"type": "LineString", "coordinates": [[103.1447012, 13.0550132], [103.1448141, 13.0550459], [103.1449312, 13.0550581], [103.1450487, 13.0550494], [103.1451626, 13.0550201]]}}, {"type": "Feature", "properties": {"highway": "trunk_link"}, "geometry": {"type": "LineString", "coordinates": [[103.144579, 13.0553572], [103.1446167, 13.055283], [103.1446294, 13.0552012], [103.1446158, 13.0551195], [103.1445774, 13.0550458]]}}, {"type": "Feature", "properties": {"highway": "primary"}, "geometry": {"type": "LineString", "coordinates": [[103.1450752, 13.0552851], [103.145326, 13.0554696], [103.1461161, 13.0560581], [103.1462085, 13.0561863]]}}, {"type": "Feature", "properties": {"highway": "primary"}, "geometry": {"type": "LineString", "coordinates": [[103.1462085, 13.0561863], [103.1477424, 13.0573283], [103.147839, 13.0574015], [103.1483929, 13.0578514], [103.1488502, 13.0581971], [103.1492571, 13.0585196], [103.1494027, 13.058635], [103.1498088, 13.0589295], [103.15339, 13.0614039], [103.1535095, 13.0614841], [103.1545325, 13.0621704], [103.1561116, 13.0632297], [103.1573042, 13.0642206], [103.1582026, 13.0649671], [103.1584443, 13.0651679], [103.1585374, 13.0652453], [103.1598592, 13.066366], [103.1607037, 13.067082], [103.1609845, 13.0673201], [103.1620625, 13.0682341], [103.1623928, 13.0684617], [103.1624642, 13.0685014], [103.1637475, 13.0693212], [103.1649918, 13.0699645], [103.1663798, 13.0706776], [103.1667755, 13.070882], [103.1679361, 13.0714726], [103.1686738, 13.0718591], [103.1691544, 13.0721109], [103.1701859, 13.0726063], [103.170931, 13.0729467], [103.1717168, 13.07323], [103.1741748, 13.0741162], [103.1747542, 13.0743251], [103.1750582, 13.0744312], [103.1756812, 13.0746484], [103.1761285, 13.0748045], [103.1772981, 13.0752124], [103.1781555, 13.0755114], [103.1782983, 13.0755554], [103.1784598, 13.0756175], [103.1791576, 13.0758609]]}}, {"type": "Feature", "properties": {"highway": "primary"}, "geometry": {"type": "LineString", "coordinates": [[103.1462085, 13.0561863], [103.1460421, 13.056114], [103.1452467, 13.0555289], [103.1449832, 13.055337]]}}, {"type": "Feature", "properties": {"highway": "residential"}, "geometry": {"type": "LineString", "coordinates": [[103.1546366, 13.0587933], [103.1545562, 13.059551], [103.1543067, 13.0595876], [103.1542665, 13.059888], [103.154009, 13.0599246], [103.153899, 13.0609201], [103.1535095, 13.0614841]]}}, {"type": "Feature", "properties": {"highway": "residential"}, "geometry": {"type": "LineString", "coordinates": [[103.1559804, 13.0618424], [103.1546795, 13.0619104], [103.1545325, 13.0621704]]}}, {"type": "Feature", "properties": {"highway": "residential"}, "geometry": {"type": "LineString", "coordinates": [[103.1628388, 13.0671412], [103.1628656, 13.0674286], [103.1628603, 13.0676402], [103.1627825, 13.0678361], [103.1626537, 13.0680661], [103.1623928, 13.0684617]]}}, {"type": "Feature", "properties": {"highway": "trunk"}, "geometry": {"type": "LineString", "coordinates": [[103.1922355, 13.0471251], [103.1919408, 13.0471321]]}}, {"type": "Feature", "properties": {"highway": "trunk"}, "geometry": {"type": "LineString", "coordinates": [[103.192211, 13.0469644], [103.1922969, 13.0469636]]}}, {"type": "Feature", "properties": {"highway": "trunk"}, "geometry": {"type": "LineString", "coordinates": [[103.1926061, 13.0469582], [103.1963636, 13.0468677]]}}, {"type": "Feature", "properties": {"highway": "trunk"}, "geometry": {"type": "LineString", "coordinates": [[103.1963538, 13.0470296], [103.1926821, 13.0471169]]}}, {"type": "Feature", "properties": {"highway": "trunk"}, "geometry": {"type": "LineString", "coordinates": [[103.1926821, 13.0471169], [103.192323, 13.0471241]]}}, {"type": "Feature", "properties": {"highway": "trunk"}, "geometry": {"type": "LineString", "coordinates": [[103.1918678, 13.046969], [103.192211, 13.0469644]]}}, {"type": "Feature", "properties": {"highway": "secondary"}, "geometry": {"type": "LineString", "coordinates": [[103.1922355, 13.0471251], [103.192211, 13.0469644]]}}, {"type": "Feature", "properties": {"highway": "secondary"}, "geometry": {"type": "LineString", "coordinates": [[103.1923848, 13.0478107], [103.1928436, 13.050632], [103.1928935, 13.051344], [103.1928934, 13.0514825], [103.1928721, 13.0516491], [103.1927463, 13.0521968], [103.192672, 13.0526245], [103.1926537, 13.0530409], [103.1927023, 13.0535153], [103.1927176, 13.0536644], [103.1929316, 13.0543061], [103.1931851, 13.0547496], [103.193278, 13.0548468], [103.1934027, 13.0549343], [103.1941745, 13.0550505], [103.1957473, 13.0556389], [103.196121, 13.055953], [103.1962104, 13.0563163], [103.1961999, 13.0566234], [103.1961327, 13.0569896], [103.1957711, 13.058145], [103.1952709, 13.059243], [103.1951808, 13.0597104], [103.1952824, 13.0606632], [103.1953739, 13.0611551], [103.1955085, 13.061622]]}}, {"type": "Feature", "properties": {"highway": "trunk_link"}, "geometry": {"type": "LineString", "coordinates": [[103.1926821, 13.0471169], [103.1925688, 13.0471683], [103.1924564, 13.0472302], [103.1923954, 13.0472963], [103.1923666, 13.0474149]]}}, {"type": "Feature", "properties": {"highway": "trunk_link"}, "geometry": {"type": "LineString", "coordinates": [[103.1922827, 13.0474342], [103.1922358, 13.0473256], [103.1921575, 13.0472348], [103.1920566, 13.0471686], [103.1919408, 13.0471321]]}}, {"type": "Feature", "properties": {"highway": "trunk_link"}, "geometry": {"type": "LineString", "coordinates": [[103.1922426, 13.0466334], [103.1922858, 13.0467537], [103.192355, 13.0468648], [103.1924609, 13.0469262], [103.1926061, 13.0469582]]}}, {"type": "Feature", "properties": {"highway": "trunk_link"}, "geometry": {"type": "LineString", "coordinates": [[103.1918678, 13.046969], [103.1919861, 13.0469244], [103.1920853, 13.0468473], [103.1921564, 13.046745], [103.1921604, 13.046633]]}}, {"type": "Feature", "properties": {"highway": "service"}, "geometry": {"type": "LineString", "coordinates": [[103.1679361, 13.0714726], [103.1678619, 13.0716225]]}}, {"type": "Feature", "properties": {"highway": "residential"}, "geometry": {"type": "LineString", "coordinates": [[103.1702683, 13.0724214], [103.1703741, 13.0721839]]}}, {"type": "Feature", "properties": {"highway": "secondary"}, "geometry": {"type": "LineString", "coordinates": [[103.1922969, 13.0469636], [103.192323, 13.0471241]]}}, {"type": "Feature", "properties": {"highway": "secondary"}, "geometry": {"type": "LineString", "coordinates": [[103.192323, 13.0471241], [103.1923666, 13.0474149], [103.1924006, 13.0476416], [103.1923848, 13.0478107]]}}, {"type": "Feature", "properties": {"highway": "trunk"}, "geometry": {"type": "LineString", "coordinates": [[103.1922969, 13.0469636], [103.1926061, 13.0469582]]}}, {"type": "Feature", "properties": {"highway": "trunk"}, "geometry": {"type": "LineString", "coordinates": [[103.192323, 13.0471241], [103.1922355, 13.0471251]]}}, {"type": "Feature", "properties": {"highway": "secondary"}, "geometry": {"type": "LineString", "coordinates": [[103.192211, 13.0469644], [103.1921604, 13.046633], [103.1921371, 13.0464802], [103.1921463, 13.0463182]]}}, {"type": "Feature", "properties": {"highway": "secondary"}, "geometry": {"type": "LineString", "coordinates": [[103.1923848, 13.0478107], [103.1923146, 13.0476436], [103.1922827, 13.0474342], [103.1922355, 13.0471251]]}}, {"type": "Feature", "properties": {"highway": "secondary"}, "geometry": {"type": "LineString", "coordinates": [[103.1921463, 13.0463182], [103.1922195, 13.0464932], [103.1922426, 13.0466334], [103.1922969, 13.0469636]]}}, {"type": "Feature", "properties": {"highway": "residential"}, "geometry": {"type": "LineString", "coordinates": [[103.1957711, 13.058145], [103.1928461, 13.0583056], [103.192502, 13.0581018]]}}, {"type": "Feature", "properties": {"highway": "residential"}, "geometry": {"type": "LineString", "coordinates": [[103.1913534, 13.053706], [103.1917933, 13.0536746], [103.1927023, 13.0535153]]}}, {"type": "Feature", "properties": {"highway": "residential"}, "geometry": {"type": "LineString", "coordinates": [[103.1952133, 13.0643378], [103.1953588, 13.0643478], [103.1968091, 13.0644907], [103.1968375, 13.0644937]]}}, {"type": "Feature", "properties": {"highway": "residential"}, "geometry": {"type": "LineString", "coordinates": [[103.193424, 13.0643298], [103.1934294, 13.0637994], [103.1934991, 13.06335]]}}, {"type": "Feature", "properties": {"highway": "residential"}, "geometry": {"type": "LineString", "coordinates": [[103.1960317, 13.0745078], [103.195982, 13.0744754], [103.1949408, 13.0743394], [103.1938507, 13.0742256]]}}, {"type": "Feature", "properties": {"highway": "trunk"}, "geometry": {"type": "LineString", "coordinates": [[103.1709305, 13.0476396], [103.170703, 13.0476458]]}}, {"type": "Feature", "properties": {"highway": "trunk"}, "geometry": {"type": "LineString", "coordinates": [[103.1709188, 13.0474896], [103.1710491, 13.0474864]]}}, {"type": "Feature", "properties": {"highway": "trunk"}, "geometry": {"type": "LineString", "coordinates": [[103.1919408, 13.0471321], [103.1710491, 13.0476367]]}}, {"type": "Feature", "properties": {"highway": "trunk"}, "geometry": {"type": "LineString", "coordinates": [[103.1710491, 13.0474864], [103.1918678, 13.046969]]}}, {"type": "Feature", "properties": {"highway": "trunk"}, "geometry": {"type": "LineString", "coordinates": [[103.1710491, 13.0476367], [103.1709305, 13.0476396]]}}, {"type": "Feature", "properties": {"highway": "trunk"}, "geometry": {"type": "LineString", "coordinates": [[103.1707084, 13.0474946], [103.1709188, 13.0474896]]}}, {"type": "Feature", "properties": {"highway": "residential"}, "geometry": {"type": "LineString", "coordinates": [[103.1709305, 13.0476396], [103.1709188, 13.0474896]]}}, {"type": "Feature", "properties": {"highway": "residential"}, "geometry": {"type": "LineString", "coordinates": [[103.1696273, 13.0565091], [103.1697061, 13.0561511], [103.1697922, 13.0554508], [103.1699689, 13.0549753], [103.1707575, 13.0542071], [103.1708436, 13.0540762], [103.1713905, 13.0519966], [103.1715407, 13.0511709], [103.1715716, 13.0508736], [103.1712781, 13.0492945], [103.1711813, 13.0485841], [103.1709305, 13.0476396]]}}, {"type": "Feature", "properties": {"highway": "trunk"}, "geometry": {"type": "LineString", "coordinates": [[103.1617778, 13.0478878], [103.161512, 13.0479178]]}}, {"type": "Feature", "properties": {"highway": "trunk"}, "geometry": {"type": "LineString", "coordinates": [[103.1616109, 13.0477376], [103.1619388, 13.0477023]]}}, {"type": "Feature", "properties": {"highway": "trunk"}, "geometry": {"type": "LineString", "coordinates": [[103.1621198, 13.047698], [103.1707084, 13.0474946]]}}, {"type": "Feature", "properties": {"highway": "trunk"}, "geometry": {"type": "LineString", "coordinates": [[103.1620286, 13.047881], [103.1617778, 13.0478878]]}}, {"type": "Feature", "properties": {"highway": "trunk"}, "geometry": {"type": "LineString", "coordinates": [[103.1619388, 13.0477023], [103.1621198, 13.047698]]}}, {"type": "Feature", "properties": {"highway": "residential"}, "geometry": {"type": "LineString", "coordinates": [[103.1617778, 13.0478878], [103.1619388, 13.0477023]]}}, {"type": "Feature", "properties": {"highway": "residential"}, "geometry": {"type": "LineString", "coordinates": [[103.1619388, 13.0477023], [103.1623672, 13.0472392], [103.1625314, 13.0470898]]}}, {"type": "Feature", "properties": {"highway": "trunk"}, "geometry": {"type": "LineString", "coordinates": [[103.170703, 13.0476458], [103.1620286, 13.047881]]}}, {"type": "Feature", "properties": {"highway": "trunk"}, "geometry": {"type": "LineString", "coordinates": [[103.1481306, 13.053538], [103.147962, 13.0536328]]}}, {"type": "Feature", "properties": {"highway": "trunk"}, "geometry": {"type": "LineString", "coordinates": [[103.147884, 13.0534861], [103.1480555, 13.0533893]]}}, {"type": "Feature", "properties": {"highway": "trunk"}, "geometry": {"type": "LineString", "coordinates": [[103.147962, 13.0536328], [103.1477823, 13.0537356]]}}, {"type": "Feature", "properties": {"highway": "trunk"}, "geometry": {"type": "LineString", "coordinates": [[103.1476982, 13.0535908], [103.147884, 13.0534861]]}}, {"type": "Feature", "properties": {"highway": "trunk"}, "geometry": {"type": "LineString", "coordinates": [[103.1449137, 13.0551648], [103.1451626, 13.0550201], [103.1476982, 13.0535908]]}}, {"type": "Feature", "properties": {"highway": "trunk"}, "geometry": {"type": "LineString", "coordinates": [[103.1477823, 13.0537356], [103.1453847, 13.0551077], [103.1450752, 13.0552851]]}}, {"type": "Feature", "properties": {"highway": "residential"}, "geometry": {"type": "LineString", "coordinates": [[103.147962, 13.0536328], [103.147884, 13.0534861]]}}, {"type": "Feature", "properties": {"highway": "residential"}, "geometry": {"type": "LineString", "coordinates": [[103.1387736, 13.0716406], [103.1407598, 13.071478], [103.1418021, 13.0715254], [103.1421078, 13.0715186], [103.1422537, 13.0714171], [103.1423975, 13.0708999], [103.1424691, 13.0702123], [103.1434628, 13.0689127], [103.1438103, 13.0682697], [103.1466801, 13.0638225], [103.1472082, 13.0627598], [103.1480281, 13.0615482], [103.148181, 13.0610134], [103.148229, 13.060838], [103.1483824, 13.0602769], [103.1485771, 13.0595649], [103.1488502, 13.0581971], [103.1489277, 13.0577858], [103.1488738, 13.0573343], [103.1487214, 13.0566699], [103.1484199, 13.0552132], [103.1481635, 13.0540215], [103.1480946, 13.0538599], [103.147962, 13.0536328]]}}, {"type": "Feature", "properties": {"highway": "residential"}, "geometry": {"type": "LineString", "coordinates": [[103.1934991, 13.06335], [103.1946498, 13.0634415], [103.1953265, 13.0633542]]}}, {"type": "Feature", "properties": {"highway": "residential"}, "geometry": {"type": "LineString", "coordinates": [[103.1941885, 13.0643037], [103.193424, 13.0643298]]}}, {"type": "Feature", "properties": {"highway": "residential"}, "geometry": {"type": "LineString", "coordinates": [[103.147839, 13.0574015], [103.1474331, 13.0586076], [103.146809, 13.0604575], [103.1465644, 13.0611801], [103.1463331, 13.0618633]]}}, {"type": "Feature", "properties": {"highway": "residential"}, "geometry": {"type": "LineString", "coordinates": [[103.1607017, 13.0680983], [103.1600654, 13.0679458], [103.1597838, 13.0678936], [103.1596336, 13.0678597], [103.1595933, 13.0678178], [103.1596014, 13.0677186], [103.1596497, 13.0674939], [103.1596443, 13.0673267], [103.1596094, 13.0671908], [103.1596121, 13.0666735], [103.1598592, 13.066366]]}}, {"type": "Feature", "properties": {"highway": "track"}, "geometry": {"type": "LineString", "coordinates": [[103.129291, 13.0510913], [103.1294024, 13.0510976]]}}, {"type": "Feature", "properties": {"highway": "trunk"}, "geometry": {"type": "LineString", "coordinates": [[103.1349159, 13.0609235], [103.1352417, 13.0607349]]}}, {"type": "Feature", "properties": {"highway": "trunk"}, "geometry": {"type": "LineString", "coordinates": [[103.1355636, 13.0607532], [103.1351309, 13.061001]]}}, {"type": "Feature", "properties": {"highway": "trunk"}, "geometry": {"type": "LineString", "coordinates": [[103.1359042, 13.0605571], [103.1355636, 13.0607532]]}}, {"type": "Feature", "properties": {"highway": "trunk"}, "geometry": {"type": "LineString", "coordinates": [[103.1352417, 13.0607349], [103.1356978, 13.0604722]]}}, {"type": "Feature", "properties": {"highway": "trunk"}, "geometry": {"type": "LineString", "coordinates": [[103.1449832, 13.055337], [103.1446807, 13.0555134], [103.1444491, 13.0556441], [103.1359042, 13.0605571]]}}, {"type": "Feature", "properties": {"highway": "residential"}, "geometry": {"type": "LineString", "coordinates": [[103.1355636, 13.0607532], [103.1352417, 13.0607349]]}}, {"type": "Feature", "properties": {"highway": "track"}, "geometry": {"type": "LineString", "coordinates": [[103.1352417, 13.0607349], [103.1292875, 13.0604387]]}}, {"type": "Feature", "properties": {"highway": "trunk"}, "geometry": {"type": "LineString", "coordinates": [[103.1356978, 13.0604722], [103.144579, 13.0553572], [103.144815, 13.0552217]]}}, {"type": "Feature", "properties": {"highway": "track"}, "geometry": {"type": "LineString", "coordinates": [[103.129138, 13.0604322], [103.1290213, 13.0647145]]}}, {"type": "Feature", "properties": {"highway": "trunk"}, "geometry": {"type": "LineString", "coordinates": [[103.1270168, 13.0706015], [103.1270326, 13.0704024]]}}, {"type": "Feature", "properties": {"highway": "trunk"}, "geometry": {"type": "LineString", "coordinates": [[103.1271752, 13.0704024], [103.1271592, 13.0705949]]}}, {"type": "Feature", "properties": {"highway": "trunk"}, "geometry": {"type": "LineString", "coordinates": [[103.1270326, 13.0704024], [103.1270468, 13.0702213], [103.1271484, 13.068923]]}}, {"type": "Feature", "properties": {"highway": "trunk"}, "geometry": {"type": "LineString", "coordinates": [[103.127278, 13.0689411], [103.1271877, 13.0702253], [103.1271752, 13.0704024]]}}, {"type": "Feature", "properties": {"highway": "trunk"}, "geometry": {"type": "LineString", "coordinates": [[103.1271484, 13.068923], [103.1272165, 13.0683581], [103.1273356, 13.0678139], [103.1275023, 13.0672735], [103.1276569, 13.0668585], [103.1278477, 13.0664227], [103.1280519, 13.0660438], [103.1283734, 13.0655105], [103.1286708, 13.0650956], [103.1290213, 13.0647145], [103.1294036, 13.0643328], [103.1298156, 13.0639636], [103.1302206, 13.0636406], [103.1349159, 13.0609235]]}}, {"type": "Feature", "properties": {"highway": "trunk"}, "geometry": {"type": "LineString", "coordinates": [[103.1351309, 13.061001], [103.1303354, 13.0637475], [103.129925, 13.0640642], [103.1294755, 13.0644469], [103.1290616, 13.0648759], [103.1287776, 13.0651973], [103.1285021, 13.0655871], [103.128177, 13.0661136], [103.1279729, 13.0664967], [103.1277884, 13.0669168], [103.1276291, 13.0673474], [103.1274681, 13.0678472], [103.1273531, 13.0683663], [103.127278, 13.0689411]]}}, {"type": "Feature", "properties": {"highway": "residential"}, "geometry": {"type": "LineString", "coordinates": [[103.1271752, 13.0704024], [103.1270326, 13.0704024]]}}, {"type": "Feature", "properties": {"highway": "trunk"}, "geometry": {"type": "LineString", "coordinates": [[103.1264717, 13.0788756], [103.1264402, 13.0792712]]}}, {"type": "Feature", "properties": {"highway": "trunk"}, "geometry": {"type": "LineString", "coordinates": [[103.1263622, 13.0788697], [103.1263781, 13.0786763]]}}, {"type": "Feature", "properties": {"highway": "trunk"}, "geometry": {"type": "LineString", "coordinates": [[103.1263289, 13.0792667], [103.1263622, 13.0788697]]}}, {"type": "Feature", "properties": {"highway": "trunk"}, "geometry": {"type": "LineString", "coordinates": [[103.1264894, 13.0786838], [103.1264717, 13.0788756]]}}, {"type": "Feature", "properties": {"highway": "trunk"}, "geometry": {"type": "LineString", "coordinates": [[103.1263781, 13.0786763], [103.1270168, 13.0706015]]}}, {"type": "Feature", "properties": {"highway": "trunk"}, "geometry": {"type": "LineString", "coordinates": [[103.1271592, 13.0705949], [103.1264894, 13.0786838]]}}, {"type": "Feature", "properties": {"highway": "track"}, "geometry": {"type": "LineString", "coordinates": [[103.1290269, 13.0789384], [103.1288854, 13.0789324]]}}, {"type": "Feature", "properties": {"highway": "residential"}, "geometry": {"type": "LineString", "coordinates": [[103.1264717, 13.0788756], [103.1263622, 13.0788697]]}}, {"type": "Feature", "properties": {"highway": "track"}, "geometry": {"type": "LineString", "coordinates": [[103.1263622, 13.0788697], [103.1193055, 13.0785435]]}}, {"type": "Feature", "properties": {"highway": "trunk"}, "geometry": {"type": "LineString", "coordinates": [[103.1255485, 13.0887739], [103.1257376, 13.0863223], [103.1263289, 13.0792667]]}}, {"type": "Feature", "properties": {"highway": "trunk"}, "geometry": {"type": "LineString", "coordinates": [[103.1264402, 13.0792712], [103.1258778, 13.0863298], [103.1256846, 13.0887682]]}}, {"type": "Feature", "properties": {"highway": "service"}, "geometry": {"type": "LineString", "coordinates": [[103.2098389, 13.0901034], [103.2098164, 13.0899612], [103.2098271, 13.0899272], [103.209866, 13.0899011], [103.2100028, 13.0898659], [103.2100779, 13.0898828], [103.2101575, 13.0899961]]}}, {"type": "Feature", "properties": {"highway": "service"}, "geometry": {"type": "LineString", "coordinates": [[103.2071617, 13.0922307], [103.207338, 13.0926233]]}}, {"type": "Feature", "properties": {"highway": "residential"}, "geometry": {"type": "LineString", "coordinates": [[103.1713854, 13.1071026], [103.1707755, 13.1070608]]}}, {"type": "Feature", "properties": {"highway": "residential"}, "geometry": {"type": "LineString", "coordinates": [[103.1714004, 13.1067709], [103.1706199, 13.1067003]]}}, {"type": "Feature", "properties": {"highway": "residential"}, "geometry": {"type": "LineString", "coordinates": [[103.1711617, 13.1042499], [103.1711858, 13.1047437], [103.1711939, 13.1058606]]}}, {"type": "Feature", "properties": {"highway": "residential"}, "geometry": {"type": "LineString", "coordinates": [[103.2158172, 13.0945809], [103.2161098, 13.0945105]]}}, {"type": "Feature", "properties": {"highway": "residential"}, "geometry": {"type": "LineString", "coordinates": [[103.2157671, 13.0944193], [103.2158172, 13.0945809]]}}, {"type": "Feature", "properties": {"highway": "secondary"}, "geometry": {"type": "LineString", "coordinates": [[103.18413701062079, 13.034230340007248], [103.1842686, 13.0348749], [103.1844836, 13.0362023], [103.1845305, 13.0364416], [103.1846323, 13.0369811], [103.1847497, 13.0375955], [103.1849712, 13.0383294], [103.1852561, 13.0387734], [103.1856934, 13.0392139], [103.1858458, 13.0393731], [103.1861859, 13.0395678], [103.1889147, 13.0405763], [103.1904308, 13.0411367], [103.1909665, 13.041572], [103.1909988, 13.0416258], [103.1910695, 13.0417436], [103.1913641, 13.0422844], [103.1914306, 13.0425005], [103.1914613, 13.0426345], [103.1918003, 13.0441154], [103.191955, 13.0451244], [103.1921463, 13.0463182]]}}, {"type": "Feature", "properties": {"highway": "track"}, "geometry": {"type": "LineString", "coordinates": [[103.1291623, 13.0604333], [103.129138, 13.0604322]]}}, {"type": "Feature", "properties": {"highway": "track"}, "geometry": {"type": "LineString", "coordinates": [[103.1291384, 13.0604002], [103.129138, 13.0604322]]}}, {"type": "Feature", "properties": {"highway": "service"}, "geometry": {"type": "LineString", "coordinates": [[103.21588534720267, 13.141865773553118], [103.2161018, 13.1417742], [103.2161633, 13.1417722], [103.2177085, 13.1410626], [103.2177195, 13.1410272], [103.2172801, 13.1401429], [103.2172285, 13.140126], [103.2156492, 13.1408405], [103.2153489, 13.1409763]]}}, {"type": "Feature", "properties": {"highway": "track"}, "geometry": {"type": "LineString", "coordinates": [[103.1290903, 13.0788748], [103.1290872, 13.078941]]}}, {"type": "Feature", "properties": {"highway": "track"}, "geometry": {"type": "LineString", "coordinates": [[103.1290942, 13.0787892], [103.1290903, 13.0788748]]}}, {"type": "Feature", "properties": {"highway": "track"}, "geometry": {"type": "LineString", "coordinates": [[103.1385329, 13.0792856], [103.1385336, 13.0792281]]}}, {"type": "Feature", "properties": {"highway": "track"}, "geometry": {"type": "LineString", "coordinates": [[103.1385336, 13.0792281], [103.1385343, 13.079173]]}}, {"type": "Feature", "properties": {"highway": "residential"}, "geometry": {"type": "LineString", "coordinates": [[103.2128755, 13.1070217], [103.2128701, 13.1070452], [103.212862, 13.107087], [103.2127507, 13.1075572], [103.2127467, 13.1076317]]}}, {"type": "Feature", "properties": {"highway": "residential"}, "geometry": {"type": "LineString", "coordinates": [[103.1545943, 13.0376711], [103.1544307, 13.0376593]]}}, {"type": "Feature", "properties": {"highway": "service"}, "geometry": {"type": "LineString", "coordinates": [[103.2114874, 13.1169627], [103.2119167, 13.1170573]]}}, {"type": "Feature", "properties": {"highway": "residential"}, "geometry": {"type": "LineString", "coordinates": [[103.2103039, 13.1150687], [103.2103246, 13.1155612], [103.2103488, 13.1156213], [103.2104024, 13.1156526], [103.2104909, 13.1156631], [103.2112599, 13.1157805], [103.2114834, 13.1158146], [103.2117113, 13.1158616], [103.2118428, 13.1158486], [103.2119366, 13.1158068], [103.2120493, 13.1158068], [103.2123032, 13.1158274]]}}, {"type": "Feature", "properties": {"highway": "residential"}, "geometry": {"type": "LineString", "coordinates": [[103.2112599, 13.1157805], [103.2112021, 13.1160282]]}}, {"type": "Feature", "properties": {"highway": "service"}, "geometry": {"type": "LineString", "coordinates": [[103.1972272, 13.0955724], [103.1972656, 13.0958243], [103.1972852, 13.0958451], [103.1973193, 13.095848], [103.197418, 13.095835]]}}, {"type": "Feature", "properties": {"highway": "residential"}, "geometry": {"type": "LineString", "coordinates": [[103.1913474, 13.1007652], [103.1911066, 13.1008277]]}}, {"type": "Feature", "properties": {"highway": "residential"}, "geometry": {"type": "LineString", "coordinates": [[103.1864771, 13.1038006], [103.1865375, 13.1037523], [103.1865992, 13.1037444], [103.1868727, 13.1037902], [103.1871812, 13.1038202], [103.1872094, 13.1038372], [103.1872228, 13.1038777], [103.1871919, 13.1042186], [103.1872094, 13.1042395], [103.1872341, 13.1042432]]}}, {"type": "Feature", "properties": {"highway": "service"}, "geometry": {"type": "LineString", "coordinates": [[103.1880548, 13.1051763], [103.1882286, 13.105227], [103.1882917, 13.1052257], [103.1883211, 13.1051982], [103.18829, 13.1050474]]}}, {"type": "Feature", "properties": {"highway": "service"}, "geometry": {"type": "LineString", "coordinates": [[103.2099974, 13.0946807], [103.2108424, 13.094457]]}}, {"type": "Feature", "properties": {"highway": "service"}, "geometry": {"type": "LineString", "coordinates": [[103.2066903, 13.0949114], [103.2067184, 13.0943084]]}}, {"type": "Feature", "properties": {"highway": "service"}, "geometry": {"type": "LineString", "coordinates": [[103.2081066, 13.0966238], [103.2085544, 13.0965133], [103.2086577, 13.0964872]]}}, {"type": "Feature", "properties": {"highway": "service"}, "geometry": {"type": "LineString", "coordinates": [[103.2065923, 13.0974211], [103.2065682, 13.0972147], [103.2065441, 13.0972017], [103.2064944, 13.0972004], [103.2062589, 13.0972075], [103.206234, 13.0972083]]}}, {"type": "Feature", "properties": {"highway": "service"}, "geometry": {"type": "LineString", "coordinates": [[103.2101236, 13.097247], [103.2102093, 13.0969039], [103.2102247, 13.0968346], [103.2102395, 13.0967223], [103.2102471, 13.0964648]]}}, {"type": "Feature", "properties": {"highway": "service"}, "geometry": {"type": "LineString", "coordinates": [[103.2075481, 13.0982508], [103.2077631, 13.0982571], [103.2082164, 13.0982963]]}}, {"type": "Feature", "properties": {"highway": "service"}, "geometry": {"type": "LineString", "coordinates": [[103.209595, 13.093333], [103.2097694, 13.0933346]]}}, {"type": "Feature", "properties": {"highway": "service"}, "geometry": {"type": "LineString", "coordinates": [[103.2024368, 13.1061991], [103.2024859, 13.1059284]]}}, {"type": "Feature", "properties": {"highway": "residential"}, "geometry": {"type": "LineString", "coordinates": [[103.2054259, 13.1043746], [103.2057528, 13.104425], [103.2059084, 13.1044589], [103.2060814, 13.104506]]}}, {"type": "Feature", "properties": {"highway": "residential"}, "geometry": {"type": "LineString", "coordinates": [[103.2046828, 13.1047469], [103.2047912, 13.1048103], [103.2049052, 13.1048377], [103.2050756, 13.1048482]]}}, {"type": "Feature", "properties": {"highway": "service"}, "geometry": {"type": "LineString", "coordinates": [[103.2023585, 13.1028014], [103.2025141, 13.1027792], [103.2025596, 13.1027896], [103.2026079, 13.1028079], [103.2027863, 13.1029477]]}}, {"type": "Feature", "properties": {"highway": "service"}, "geometry": {"type": "LineString", "coordinates": [[103.2028669, 13.1031592], [103.2028319, 13.1031462], [103.2028145, 13.103124], [103.2027863, 13.1029477], [103.2027957, 13.1029255], [103.2028265, 13.1029163], [103.2030062, 13.1028877]]}}, {"type": "Feature", "properties": {"highway": "residential"}, "geometry": {"type": "LineString", "coordinates": [[103.1978609, 13.1066122], [103.1977331, 13.1058531]]}}, {"type": "Feature", "properties": {"highway": "residential"}, "geometry": {"type": "LineString", "coordinates": [[103.2108366, 13.0900805], [103.2108504, 13.0900276]]}}, {"type": "Feature", "properties": {"highway": "residential"}, "geometry": {"type": "LineString", "coordinates": [[103.2108504, 13.0900276], [103.2108953, 13.0900678]]}}, {"type": "Feature", "properties": {"highway": "residential"}, "geometry": {"type": "LineString", "coordinates": [[103.2108953, 13.0900678], [103.2110442, 13.0905097], [103.2113217, 13.0913038], [103.211512, 13.0918374], [103.2116247, 13.0921377], [103.2117597, 13.0925186], [103.211809, 13.0926426]]}}, {"type": "Feature", "properties": {"highway": "residential"}, "geometry": {"type": "LineString", "coordinates": [[103.1886865, 13.0935741], [103.1885623, 13.0934946], [103.1878675, 13.0934225], [103.1875932, 13.0934048]]}}, {"type": "Feature", "properties": {"highway": "service"}, "geometry": {"type": "LineString", "coordinates": [[103.1870817, 13.0950427], [103.1877624, 13.095045]]}}, {"type": "Feature", "properties": {"highway": "residential"}, "geometry": {"type": "LineString", "coordinates": [[103.2116857, 13.1345261], [103.2119051, 13.133979], [103.2119578, 13.1339192], [103.2120602, 13.1339363], [103.2121743, 13.133942], [103.2122094, 13.133885], [103.2124295, 13.1331345]]}}, {"type": "Feature", "properties": {"highway": "residential"}, "geometry": {"type": "LineString", "coordinates": [[103.2128253, 13.1321142], [103.2132159, 13.1325629], [103.2133007, 13.1325487], [103.213763, 13.1322153]]}}, {"type": "Feature", "properties": {"highway": "residential"}, "geometry": {"type": "LineString", "coordinates": [[103.21266, 13.1331869], [103.2126966, 13.1324888], [103.2127024, 13.1322552], [103.2127273, 13.1321726], [103.2128253, 13.1321142], [103.2137674, 13.1316355], [103.2138727, 13.1315771], [103.2138771, 13.1315414], [103.2138991, 13.1315016], [103.2141643, 13.1313246]]}}, {"type": "Feature", "properties": {"highway": "residential"}, "geometry": {"type": "LineString", "coordinates": [[103.2123711, 13.1302894], [103.2120178, 13.1305755]]}}, {"type": "Feature", "properties": {"highway": "service"}, "geometry": {"type": "LineString", "coordinates": [[103.2114079, 13.1287646], [103.2109981, 13.1290412], [103.2108782, 13.1291409]]}}, {"type": "Feature", "properties": {"highway": "residential"}, "geometry": {"type": "LineString", "coordinates": [[103.1892033, 13.0827359], [103.1886739, 13.0827297], [103.1885947, 13.0827323], [103.1885505, 13.0827493], [103.1885344, 13.0827911], [103.1885089, 13.0833084]]}}, {"type": "Feature", "properties": {"highway": "service"}, "geometry": {"type": "LineString", "coordinates": [[103.1867793, 13.0827792], [103.186866, 13.0827571], [103.1870645, 13.0828851], [103.1870657, 13.0829923]]}}, {"type": "Feature", "properties": {"highway": "service"}, "geometry": {"type": "LineString", "coordinates": [[103.2025757, 13.1031567], [103.2028145, 13.103124]]}}, {"type": "Feature", "properties": {"highway": "residential"}, "geometry": {"type": "LineString", "coordinates": [[103.2046906, 13.104914], [103.2049079, 13.1050049], [103.2049455, 13.1050467], [103.2049227, 13.1051852]]}}, {"type": "Feature", "properties": {"highway": "service"}, "geometry": {"type": "LineString", "coordinates": [[103.199404, 13.1040083], [103.1993464, 13.104071], [103.1993117, 13.1041424], [103.1993027, 13.1041915], [103.1992824, 13.1042228], [103.1992362, 13.1042366], [103.1991345, 13.1042577], [103.199095, 13.1042831]]}}, {"type": "Feature", "properties": {"highway": "service"}, "geometry": {"type": "LineString", "coordinates": [[103.1996508, 13.1046758], [103.2000956, 13.1045483]]}}, {"type": "Feature", "properties": {"highway": "service"}, "geometry": {"type": "LineString", "coordinates": [[103.2001866, 13.1074414], [103.200202, 13.1075402], [103.2002141, 13.1075637], [103.2002476, 13.1075728], [103.2003146, 13.1075689]]}}, {"type": "Feature", "properties": {"highway": "service"}, "geometry": {"type": "LineString", "coordinates": [[103.1989199, 13.1081632], [103.1988074, 13.107672]]}}, {"type": "Feature", "properties": {"highway": "service"}, "geometry": {"type": "LineString", "coordinates": [[103.1983244, 13.1044772], [103.1986168, 13.1044655], [103.1986704, 13.1044419], [103.1987321, 13.1044002], [103.1987751, 13.1043518], [103.199095, 13.1042831]]}}, {"type": "Feature", "properties": {"highway": "service"}, "geometry": {"type": "LineString", "coordinates": [[103.1994823, 13.1064958], [103.1993222, 13.1065671], [103.199282, 13.1066246], [103.1992713, 13.1066977], [103.1993302, 13.1069877]]}}, {"type": "Feature", "properties": {"highway": "service"}, "geometry": {"type": "LineString", "coordinates": [[103.1989015, 13.1052029], [103.1990685, 13.1060753], [103.1988509, 13.1061138], [103.1985875, 13.1061604], [103.198413, 13.1053315], [103.1984398, 13.1053001], [103.1984881, 13.1052923], [103.1989015, 13.1052029]]}}, {"type": "Feature", "properties": {"highway": "service"}, "geometry": {"type": "LineString", "coordinates": [[103.1989015, 13.1052029], [103.1992471, 13.1051282]]}}, {"type": "Feature", "properties": {"highway": "residential"}, "geometry": {"type": "LineString", "coordinates": [[103.1628603, 13.0676402], [103.1634048, 13.0676663]]}}, {"type": "Feature", "properties": {"highway": "residential"}, "geometry": {"type": "LineString", "coordinates": [[103.1607037, 13.067082], [103.1609613, 13.0667989], [103.1613448, 13.0663756]]}}, {"type": "Feature", "properties": {"highway": "service"}, "geometry": {"type": "LineString", "coordinates": [[103.1961031, 13.0940104], [103.1962833, 13.0940236]]}}, {"type": "Feature", "properties": {"highway": "service"}, "geometry": {"type": "LineString", "coordinates": [[103.1958293, 13.0937931], [103.1960939, 13.0938668]]}}, {"type": "Feature", "properties": {"highway": "residential"}, "geometry": {"type": "LineString", "coordinates": [[103.201067, 13.0777161], [103.2016564, 13.0776036]]}}, {"type": "Feature", "properties": {"highway": "service"}, "geometry": {"type": "LineString", "coordinates": [[103.2000384, 13.0772079], [103.2001069, 13.0768164]]}}, {"type": "Feature", "properties": {"highway": "residential"}, "geometry": {"type": "LineString", "coordinates": [[103.1994443, 13.0777448], [103.1996012, 13.0787794], [103.199632, 13.0788186], [103.1996897, 13.078829], [103.2000223, 13.0787951], [103.2001882, 13.0787389]]}}, {"type": "Feature", "properties": {"highway": "service"}, "geometry": {"type": "LineString", "coordinates": [[103.2001108, 13.0780113], [103.2006097, 13.0781001]]}}, {"type": "Feature", "properties": {"highway": "service"}, "geometry": {"type": "LineString", "coordinates": [[103.1981113, 13.0932442], [103.1980482, 13.093509]]}}, {"type": "Feature", "properties": {"highway": "secondary"}, "geometry": {"type": "LineString", "coordinates": [[103.2061077, 13.0914511], [103.2059273, 13.0915878], [103.2057509, 13.0916465], [103.2048674, 13.0919483], [103.2046488, 13.0919743]]}}, {"type": "Feature", "properties": {"highway": "secondary"}, "geometry": {"type": "LineString", "coordinates": [[103.2061077, 13.0914511], [103.2072848, 13.091033], [103.2083458, 13.090682]]}}, {"type": "Feature", "properties": {"highway": "secondary"}, "geometry": {"type": "LineString", "coordinates": [[103.2046488, 13.0919743], [103.2048339, 13.0918318], [103.2058928, 13.0914708], [103.2061077, 13.0914511]]}}, {"type": "Feature", "properties": {"highway": "residential"}, "geometry": {"type": "LineString", "coordinates": [[103.2022324, 13.083405], [103.2021278, 13.083324], [103.2021097, 13.0832953], [103.2021151, 13.0832528], [103.2021372, 13.083134], [103.2021352, 13.0831222], [103.2021218, 13.0831026], [103.2020008, 13.083]]}}, {"type": "Feature", "properties": {"highway": "residential"}, "geometry": {"type": "LineString", "coordinates": [[103.2021707, 13.0837656], [103.2022029, 13.0834364], [103.2022324, 13.083405], [103.2022887, 13.083405], [103.2024738, 13.083452], [103.2025677, 13.0834468], [103.2028812, 13.0833567]]}}, {"type": "Feature", "properties": {"highway": "residential"}, "geometry": {"type": "LineString", "coordinates": [[103.1861016, 13.1017081], [103.1860855, 13.1019929], [103.1860882, 13.1021026]]}}, {"type": "Feature", "properties": {"highway": "residential"}, "geometry": {"type": "LineString", "coordinates": [[103.189648, 13.1042943], [103.1898661, 13.1043009], [103.190019, 13.1042865]]}}, {"type": "Feature", "properties": {"highway": "residential"}, "geometry": {"type": "LineString", "coordinates": [[103.1905754, 13.1034876], [103.1909913, 13.1035577]]}}, {"type": "Feature", "properties": {"highway": "residential"}, "geometry": {"type": "LineString", "coordinates": [[103.1704925, 13.0670223], [103.1706561, 13.0670171], [103.1710316, 13.0669948]]}}, {"type": "Feature", "properties": {"highway": "residential"}, "geometry": {"type": "LineString", "coordinates": [[103.1695041, 13.0674077], [103.1701076, 13.0672535], [103.1702149, 13.067183], [103.170349, 13.0671098], [103.1704603, 13.0670549], [103.1704925, 13.0670223], [103.1705099, 13.0669766], [103.1705032, 13.0668289], [103.170514, 13.0667884], [103.1705368, 13.0667688], [103.1705904, 13.0667597]]}}, {"type": "Feature", "properties": {"highway": "residential"}, "geometry": {"type": "LineString", "coordinates": [[103.1694318, 13.069112], [103.169999, 13.0691477], [103.1701411, 13.069166], [103.1702162, 13.0691935], [103.1702498, 13.0692261], [103.1702699, 13.0692914], [103.1702806, 13.0694417]]}}, {"type": "Feature", "properties": {"highway": "residential"}, "geometry": {"type": "LineString", "coordinates": [[103.1715587, 13.0695005], [103.1723928, 13.0695148], [103.1727238, 13.0695042]]}}, {"type": "Feature", "properties": {"highway": "residential"}, "geometry": {"type": "LineString", "coordinates": [[103.1714796, 13.0690563], [103.1717277, 13.069072], [103.1718551, 13.0690628], [103.1719194, 13.0690576], [103.1720348, 13.0690667], [103.1721608, 13.0690837], [103.1722359, 13.069085], [103.1726373, 13.0690244]]}}, {"type": "Feature", "properties": {"highway": "residential"}, "geometry": {"type": "LineString", "coordinates": [[103.1725066, 13.0682179], [103.1739512, 13.0681863]]}}, {"type": "Feature", "properties": {"highway": "residential"}, "geometry": {"type": "LineString", "coordinates": [[103.1725698, 13.0686082], [103.1732297, 13.06862]]}}, {"type": "Feature", "properties": {"highway": "residential"}, "geometry": {"type": "LineString", "coordinates": [[103.172366, 13.0673502], [103.1725066, 13.0682179], [103.1725698, 13.0686082], [103.1726373, 13.0690244], [103.1726611, 13.0691713], [103.1727238, 13.0695042], [103.17283, 13.0700674], [103.1728622, 13.0701145], [103.1729293, 13.0701354], [103.1743562, 13.0701354], [103.1744313, 13.070151], [103.1744689, 13.0701902], [103.1744867, 13.0702574]]}}, {"type": "Feature", "properties": {"highway": "service"}, "geometry": {"type": "LineString", "coordinates": [[103.1463732, 13.1047459], [103.1463808, 13.1049945]]}}, {"type": "Feature", "properties": {"highway": "service"}, "geometry": {"type": "LineString", "coordinates": [[103.14611424295155, 13.10897197661059], [103.1460779, 13.1085484], [103.1460589, 13.1083004], [103.1460723, 13.1082272], [103.1460991, 13.1081776], [103.1461769, 13.1080901]]}}, {"type": "Feature", "properties": {"highway": "service"}, "geometry": {"type": "LineString", "coordinates": [[103.1454876, 13.1063111], [103.1454742, 13.1068649], [103.1454983, 13.1069746], [103.1455225, 13.1070504]]}}, {"type": "Feature", "properties": {"highway": "service"}, "geometry": {"type": "LineString", "coordinates": [[103.2027782, 13.0844135], [103.2032645, 13.0843183]]}}, {"type": "Feature", "properties": {"highway": "service"}, "geometry": {"type": "LineString", "coordinates": [[103.2029258, 13.0849765], [103.2029244, 13.0848994], [103.2029445, 13.0848668], [103.2029821, 13.0848537], [103.2034428, 13.0847656]]}}, {"type": "Feature", "properties": {"highway": "service"}, "geometry": {"type": "LineString", "coordinates": [[103.2049185, 13.0861948], [103.2049495, 13.0863742], [103.2049589, 13.0864121], [103.2049884, 13.0864251], [103.2051131, 13.0864251]]}}, {"type": "Feature", "properties": {"highway": "service"}, "geometry": {"type": "LineString", "coordinates": [[103.2021632, 13.0866359], [103.2025824, 13.0865492], [103.2027045, 13.0865466], [103.202856, 13.0865545], [103.2031658, 13.0865897]]}}, {"type": "Feature", "properties": {"highway": "service"}, "geometry": {"type": "LineString", "coordinates": [[103.2012193, 13.101608], [103.2012239, 13.1015017], [103.2012534, 13.1014547], [103.2013419, 13.1014207], [103.2015243, 13.1013607]]}}, {"type": "Feature", "properties": {"highway": "service"}, "geometry": {"type": "LineString", "coordinates": [[103.2017702, 13.1002909], [103.2020339, 13.1002243]]}}, {"type": "Feature", "properties": {"highway": "service"}, "geometry": {"type": "LineString", "coordinates": [[103.2030129, 13.1016768], [103.2029795, 13.1014873]]}}, {"type": "Feature", "properties": {"highway": "service"}, "geometry": {"type": "LineString", "coordinates": [[103.20285, 13.1016974], [103.2030129, 13.1016768], [103.2031819, 13.1016428], [103.2032114, 13.1016167], [103.2032275, 13.1015775], [103.2032092, 13.1014402]]}}, {"type": "Feature", "properties": {"highway": "service"}, "geometry": {"type": "LineString", "coordinates": [[103.2037063, 13.1013707], [103.203821, 13.1018857]]}}, {"type": "Feature", "properties": {"highway": "service"}, "geometry": {"type": "LineString", "coordinates": [[103.2040923, 13.1011009], [103.2041213, 13.101293], [103.2041971, 13.1017956]]}}, {"type": "Feature", "properties": {"highway": "service"}, "geometry": {"type": "LineString", "coordinates": [[103.2041213, 13.101293], [103.2040483, 13.1013136], [103.2039356, 13.1013293], [103.2037063, 13.1013707]]}}, {"type": "Feature", "properties": {"highway": "service"}, "geometry": {"type": "LineString", "coordinates": [[103.1888268, 13.0797416], [103.1888539, 13.0794138]]}}, {"type": "Feature", "properties": {"highway": "service"}, "geometry": {"type": "LineString", "coordinates": [[103.2218256, 13.0890804], [103.2225206, 13.0890664]]}}, {"type": "Feature", "properties": {"highway": "service"}, "geometry": {"type": "LineString", "coordinates": [[103.221714, 13.0868334], [103.2219627, 13.0867909], [103.2220486, 13.0867935], [103.2221237, 13.0868588], [103.2221371, 13.0879221], [103.2221612, 13.0879535], [103.2221961, 13.0879666], [103.2227808, 13.087943], [103.2228103, 13.0879483], [103.2228271, 13.0879763], [103.222813, 13.0882383], [103.2227472, 13.0882516]]}}, {"type": "Feature", "properties": {"highway": "service"}, "geometry": {"type": "LineString", "coordinates": [[103.1966279, 13.0915143], [103.1965904, 13.0916319], [103.1964362, 13.0921845]]}}, {"type": "Feature", "properties": {"highway": "service"}, "geometry": {"type": "LineString", "coordinates": [[103.1973666, 13.0900826], [103.1974916, 13.0901219], [103.1975386, 13.0901114], [103.1975694, 13.0901088], [103.1976204, 13.0901284], [103.1976338, 13.0901637], [103.1976432, 13.0901924], [103.1978779, 13.090276]]}}, {"type": "Feature", "properties": {"highway": "residential"}, "geometry": {"type": "LineString", "coordinates": [[103.1563268, 13.0794272], [103.156262, 13.0798545], [103.1562835, 13.0799277], [103.1563586, 13.0799486], [103.1566107, 13.0799747], [103.1567609, 13.0800844]]}}, {"type": "Feature", "properties": {"highway": "residential"}, "geometry": {"type": "LineString", "coordinates": [[103.1606175, 13.0836901], [103.1609854, 13.0835278], [103.1616291, 13.0833084], [103.1618115, 13.0832613]]}}, {"type": "Feature", "properties": {"highway": "residential"}, "geometry": {"type": "LineString", "coordinates": [[103.1609237, 13.0814221], [103.1600535, 13.0813373], [103.1583492, 13.0811713], [103.1550818, 13.0808549]]}}, {"type": "Feature", "properties": {"highway": "residential"}, "geometry": {"type": "LineString", "coordinates": [[103.1955215, 13.0748539], [103.1959978, 13.074912]]}}, {"type": "Feature", "properties": {"highway": "residential"}, "geometry": {"type": "LineString", "coordinates": [[103.1960317, 13.0745078], [103.1961787, 13.0735998], [103.1962082, 13.0735384], [103.1962363, 13.0735188], [103.1964375, 13.073524], [103.1975976, 13.0736063]]}}, {"type": "Feature", "properties": {"highway": "residential"}, "geometry": {"type": "LineString", "coordinates": [[103.1940706, 13.0726298], [103.1949288, 13.072701]]}}, {"type": "Feature", "properties": {"highway": "service"}, "geometry": {"type": "LineString", "coordinates": [[103.198311, 13.0965355], [103.1983352, 13.0966949], [103.1983593, 13.0967314], [103.1984049, 13.0967497], [103.198654, 13.0966993]]}}, {"type": "Feature", "properties": {"highway": "residential"}, "geometry": {"type": "LineString", "coordinates": [[103.2012024, 13.0997488], [103.2016209, 13.0996846], [103.2016457, 13.0996808]]}}, {"type": "Feature", "properties": {"highway": "track"}, "geometry": {"type": "LineString", "coordinates": [[103.1927119, 13.1307588], [103.1907156, 13.1308428], [103.189913, 13.1308424]]}}, {"type": "Feature", "properties": {"highway": "service"}, "geometry": {"type": "LineString", "coordinates": [[103.1934068, 13.0773552], [103.1937942, 13.0773986], [103.1938612, 13.0773882], [103.193939, 13.0773333], [103.1940141, 13.0772889], [103.1940973, 13.0772706], [103.1945432, 13.0773282]]}}, {"type": "Feature", "properties": {"highway": "residential"}, "geometry": {"type": "LineString", "coordinates": [[103.1922519, 13.0767193], [103.1934853, 13.0768258]]}}, {"type": "Feature", "properties": {"highway": "residential"}, "geometry": {"type": "LineString", "coordinates": [[103.1908116, 13.0797343], [103.19112, 13.0798414], [103.191487, 13.0799993]]}}, {"type": "Feature", "properties": {"highway": "service"}, "geometry": {"type": "LineString", "coordinates": [[103.19438, 13.0783767], [103.1938505, 13.0783157]]}}, {"type": "Feature", "properties": {"highway": "residential"}, "geometry": {"type": "LineString", "coordinates": [[103.1976584, 13.081126], [103.1976453, 13.0810412], [103.1976217, 13.0809022], [103.1975949, 13.0808225], [103.197556, 13.0807506], [103.1975386, 13.0806971], [103.1975292, 13.0805847], [103.1975345, 13.0805312], [103.1975694, 13.080475], [103.1976646, 13.0803613], [103.1976901, 13.0803091], [103.1977022, 13.0802725], [103.1977038, 13.0799364]]}}, {"type": "Feature", "properties": {"highway": "residential"}, "geometry": {"type": "LineString", "coordinates": [[103.1920454, 13.0800792], [103.1922653, 13.0801105], [103.1923324, 13.0801314], [103.1924263, 13.0801602], [103.1929981, 13.0802506]]}}, {"type": "Feature", "properties": {"highway": "service"}, "geometry": {"type": "LineString", "coordinates": [[103.192087, 13.0809871], [103.1921835, 13.0810119], [103.1922224, 13.0810276], [103.1922694, 13.0810641], [103.1923163, 13.0810837], [103.1924008, 13.0810942], [103.1928703, 13.0811489]]}}, {"type": "Feature", "properties": {"highway": "service"}, "geometry": {"type": "LineString", "coordinates": [[103.1922734, 13.0805468], [103.192941, 13.080652]]}}, {"type": "Feature", "properties": {"highway": "residential"}, "geometry": {"type": "LineString", "coordinates": [[103.1910878, 13.0800687], [103.1914446, 13.0801341]]}}, {"type": "Feature", "properties": {"highway": "residential"}, "geometry": {"type": "LineString", "coordinates": [[103.1961331, 13.0813176], [103.1961036, 13.0810563], [103.1961036, 13.0809518], [103.1961089, 13.0808995], [103.1961492, 13.0807846], [103.1961706, 13.0806461], [103.1962742, 13.0800681]]}}, {"type": "Feature", "properties": {"highway": "residential"}, "geometry": {"type": "LineString", "coordinates": [[103.1950092, 13.0817042], [103.1952383, 13.079972]]}}, {"type": "Feature", "properties": {"highway": "service"}, "geometry": {"type": "LineString", "coordinates": [[103.1900646, 13.1413571], [103.1912138, 13.1413307]]}}, {"type": "Feature", "properties": {"highway": "service"}, "geometry": {"type": "LineString", "coordinates": [[103.1911643, 13.1402457], [103.1910825, 13.1402248], [103.1900525, 13.1402744], [103.1900176, 13.1402927], [103.1900123, 13.1403319], [103.1900726, 13.1413322], [103.1900646, 13.1413571], [103.1900579, 13.1413779], [103.1900096, 13.1414001], [103.1893149, 13.1414106], [103.1892706, 13.1414145], [103.1892398, 13.141438], [103.1892318, 13.1414785], [103.1893022, 13.142403]]}}, {"type": "Feature", "properties": {"highway": "residential"}, "geometry": {"type": "LineString", "coordinates": [[103.1697949, 13.0424773], [103.1693646, 13.0427394], [103.1691501, 13.0428283], [103.169091, 13.04284], [103.1690159, 13.0428348], [103.1689247, 13.0428074], [103.1688416, 13.0427708], [103.1684312, 13.0426414], [103.1681979, 13.0425931], [103.1680249, 13.0425826], [103.1678653, 13.0425434], [103.1674035, 13.04243]]}}, {"type": "Feature", "properties": {"highway": "service"}, "geometry": {"type": "LineString", "coordinates": [[103.1992713, 13.1066977], [103.1992083, 13.106677], [103.1991732, 13.1066507], [103.1991326, 13.1065059], [103.199111, 13.1064822], [103.1988921, 13.1064155]]}}, {"type": "Feature", "properties": {"highway": "residential"}, "geometry": {"type": "LineString", "coordinates": [[103.1630239, 13.0717814], [103.1632975, 13.07175], [103.1633458, 13.07175], [103.1639862, 13.0720242]]}}, {"type": "Feature", "properties": {"highway": "residential"}, "geometry": {"type": "LineString", "coordinates": [[103.1687806, 13.0729096], [103.1685305, 13.0729048]]}}, {"type": "Feature", "properties": {"highway": "residential"}, "geometry": {"type": "LineString", "coordinates": [[103.1685701, 13.0722852], [103.168686, 13.072462], [103.168737, 13.0726279], [103.1687806, 13.0729096], [103.1688335, 13.0733255], [103.1688255, 13.0733647], [103.1687973, 13.0734013]]}}, {"type": "Feature", "properties": {"highway": "residential"}, "geometry": {"type": "LineString", "coordinates": [[103.1686738, 13.0718591], [103.1686083, 13.0720505], [103.1685701, 13.0722852], [103.1685318, 13.0726018], [103.1685305, 13.0729048], [103.1685171, 13.073349], [103.1685318, 13.0733869], [103.1685707, 13.0734051], [103.1687973, 13.0734013]]}}, {"type": "Feature", "properties": {"highway": "service"}, "geometry": {"type": "LineString", "coordinates": [[103.1997809, 13.110624], [103.1998734, 13.1106097], [103.1998976, 13.1106214], [103.1999311, 13.1107638], [103.1999271, 13.1108252], [103.1999083, 13.11085], [103.1995878, 13.110914]]}}, {"type": "Feature", "properties": {"highway": "service"}, "geometry": {"type": "LineString", "coordinates": [[103.2001651, 13.1107327], [103.1999311, 13.1107638]]}}, {"type": "Feature", "properties": {"highway": "residential"}, "geometry": {"type": "LineString", "coordinates": [[103.1966615, 13.1100754], [103.1971982, 13.109968]]}}, {"type": "Feature", "properties": {"highway": "service"}, "geometry": {"type": "LineString", "coordinates": [[103.1987853, 13.1090421], [103.1987981, 13.1090399], [103.1990151, 13.1090031], [103.1990647, 13.10931]]}}, {"type": "Feature", "properties": {"highway": "service"}, "geometry": {"type": "LineString", "coordinates": [[103.1986662, 13.1068104], [103.1987147, 13.1070922]]}}, {"type": "Feature", "properties": {"highway": "residential"}, "geometry": {"type": "LineString", "coordinates": [[103.202767, 13.0936145], [103.2027831, 13.0932195]]}}, {"type": "Feature", "properties": {"highway": "service"}, "geometry": {"type": "LineString", "coordinates": [[103.2031697, 13.0948972], [103.2031832, 13.0954654]]}}, {"type": "Feature", "properties": {"highway": "service"}, "geometry": {"type": "LineString", "coordinates": [[103.2014642, 13.0935378], [103.2013991, 13.0937119], [103.2014112, 13.0937422], [103.201345, 13.094195]]}}, {"type": "Feature", "properties": {"highway": "residential"}, "geometry": {"type": "LineString", "coordinates": [[103.1732525, 13.0778689], [103.1731009, 13.0778375]]}}, {"type": "Feature", "properties": {"highway": "residential"}, "geometry": {"type": "LineString", "coordinates": [[103.1738422, 13.0784822], [103.1739335, 13.0779763]]}}, {"type": "Feature", "properties": {"highway": "residential"}, "geometry": {"type": "LineString", "coordinates": [[103.1732001, 13.0784251], [103.1732525, 13.0778689], [103.1739335, 13.0779763], [103.1750079, 13.0781457]]}}, {"type": "Feature", "properties": {"highway": "residential"}, "geometry": {"type": "LineString", "coordinates": [[103.1812589, 13.1150584], [103.1815191, 13.1150636]]}}, {"type": "Feature", "properties": {"highway": "residential"}, "geometry": {"type": "LineString", "coordinates": [[103.181634, 13.1159864], [103.1816284, 13.1164931], [103.1816334, 13.1165078], [103.1816438, 13.1165199], [103.1817256, 13.1165232], [103.1817373, 13.1165147], [103.181744, 13.116497], [103.1817541, 13.115987]]}}, {"type": "Feature", "properties": {"highway": "residential"}, "geometry": {"type": "LineString", "coordinates": [[103.182109, 13.1136934], [103.1825839, 13.1138998], [103.1826013, 13.1139312], [103.1826067, 13.113986], [103.182604, 13.1150361], [103.1825812, 13.1150584], [103.1825343, 13.1150636], [103.1820944, 13.1150557]]}}, {"type": "Feature", "properties": {"highway": "residential"}, "geometry": {"type": "LineString", "coordinates": [[103.173746, 13.1195266], [103.174664, 13.1194618], [103.1748524, 13.1194534]]}}, {"type": "Feature", "properties": {"highway": "residential"}, "geometry": {"type": "LineString", "coordinates": [[103.1762136, 13.1221022], [103.1761466, 13.1204199], [103.1761546, 13.1204033], [103.1761761, 13.1203925], [103.1765825, 13.1203638], [103.1765982, 13.1203726], [103.1766063, 13.1203889], [103.1766978, 13.1220871]]}}, {"type": "Feature", "properties": {"highway": "residential"}, "geometry": {"type": "LineString", "coordinates": [[103.177772, 13.1189298], [103.1786206, 13.1188889], [103.1786417, 13.1188784], [103.1786518, 13.1188536], [103.1786364, 13.1184699], [103.1786266, 13.118452], [103.1786062, 13.1184425], [103.177744, 13.1184672]]}}, {"type": "Feature", "properties": {"highway": "residential"}, "geometry": {"type": "LineString", "coordinates": [[103.1723043, 13.1145816], [103.1721977, 13.1147024], [103.1721863, 13.114724], [103.1721582, 13.1155472], [103.1721662, 13.1155641], [103.1721883, 13.1155762], [103.1725739, 13.1155769], [103.1725994, 13.1155655], [103.1726141, 13.1155429], [103.1726436, 13.1145959]]}}, {"type": "Feature", "properties": {"highway": "residential"}, "geometry": {"type": "LineString", "coordinates": [[103.2011827, 13.1114669], [103.2012507, 13.1118453], [103.2012601, 13.1119171], [103.2012494, 13.1119981], [103.2012145, 13.1121378], [103.2012132, 13.1121953], [103.2012279, 13.1123174], [103.2012475, 13.1124021], [103.2012563, 13.1124403]]}}, {"type": "Feature", "properties": {"highway": "residential"}, "geometry": {"type": "LineString", "coordinates": [[103.2160329, 13.1099649], [103.2159023, 13.1093309]]}}, {"type": "Feature", "properties": {"highway": "residential"}, "geometry": {"type": "LineString", "coordinates": [[103.2168926, 13.1097987], [103.2167673, 13.1091703]]}}, {"type": "Feature", "properties": {"highway": "residential"}, "geometry": {"type": "LineString", "coordinates": [[103.2164604, 13.1098853], [103.2163328, 13.1092382]]}}, {"type": "Feature", "properties": {"highway": "residential"}, "geometry": {"type": "LineString", "coordinates": [[103.2163804, 13.1105992], [103.2162416, 13.1099292]]}}, {"type": "Feature", "properties": {"highway": "residential"}, "geometry": {"type": "LineString", "coordinates": [[103.2168451, 13.1105163], [103.2167078, 13.1098357]]}}, {"type": "Feature", "properties": {"highway": "residential"}, "geometry": {"type": "LineString", "coordinates": [[103.215786, 13.1100072], [103.2159238, 13.1106743], [103.2163804, 13.1105992], [103.2168451, 13.1105163], [103.2172749, 13.1104467], [103.2172856, 13.1104408], [103.2172934, 13.1104258], [103.2172981, 13.1104056], [103.2172531, 13.1097266], [103.2172246, 13.1091539]]}}, {"type": "Feature", "properties": {"highway": "residential"}, "geometry": {"type": "LineString", "coordinates": [[103.2194126, 13.1058572], [103.2195005, 13.1062674]]}}, {"type": "Feature", "properties": {"highway": "residential"}, "geometry": {"type": "LineString", "coordinates": [[103.2205859, 13.1056502], [103.2194126, 13.1058572], [103.2182707, 13.1060499], [103.2182533, 13.106059], [103.2182445, 13.1060773], [103.2182388, 13.1060939], [103.2182378, 13.1061125], [103.2182408, 13.1061367], [103.2183261, 13.1064711]]}}, {"type": "Feature", "properties": {"highway": "residential"}, "geometry": {"type": "LineString", "coordinates": [[103.2172275, 13.1029169], [103.2173279, 13.1033637], [103.2174338, 13.1037993], [103.2174667, 13.104024], [103.2174989, 13.1042336], [103.2175907, 13.104632], [103.2175964, 13.1046699], [103.2175978, 13.1047081], [103.2175941, 13.1047254], [103.21758, 13.1047378], [103.2175485, 13.1047496], [103.2168552, 13.1048645], [103.2160961, 13.1050003], [103.215217, 13.1051447], [103.2148643, 13.105195]]}}, {"type": "Feature", "properties": {"highway": "residential"}, "geometry": {"type": "LineString", "coordinates": [[103.2074326, 13.1347931], [103.207449, 13.1335056]]}}, {"type": "Feature", "properties": {"highway": "residential"}, "geometry": {"type": "LineString", "coordinates": [[103.2078449, 13.134803], [103.2078578, 13.1336579]]}}, {"type": "Feature", "properties": {"highway": "residential"}, "geometry": {"type": "LineString", "coordinates": [[103.20825, 13.1348058], [103.2082613, 13.1338222]]}}, {"type": "Feature", "properties": {"highway": "residential"}, "geometry": {"type": "LineString", "coordinates": [[103.2047876, 13.1348317], [103.2057582, 13.134765], [103.2061431, 13.1347382], [103.2065588, 13.1347134], [103.2067627, 13.1347193], [103.2070101, 13.1347369], [103.2072307, 13.1347768], [103.2074326, 13.1347931], [103.2078449, 13.134803], [103.20825, 13.1348058], [103.208659, 13.1348061]]}}, {"type": "Feature", "properties": {"highway": "residential"}, "geometry": {"type": "LineString", "coordinates": [[103.2082513, 13.1360821], [103.2086449, 13.1360802]]}}, {"type": "Feature", "properties": {"highway": "residential"}, "geometry": {"type": "LineString", "coordinates": [[103.208659, 13.1348061], [103.2086449, 13.1360802], [103.2086375, 13.137219], [103.2086342, 13.137249], [103.2086292, 13.1372614], [103.2086224, 13.1372663], [103.2086114, 13.1372712], [103.2082872, 13.1372954], [103.2082677, 13.1372925], [103.2082533, 13.1372853], [103.2082459, 13.1372742], [103.2082409, 13.1372611], [103.2082513, 13.1360821], [103.20825, 13.1348058]]}}, {"type": "Feature", "properties": {"highway": "residential"}, "geometry": {"type": "LineString", "coordinates": [[103.2086699, 13.1339689], [103.208659, 13.1348061]]}}, {"type": "Feature", "properties": {"highway": "residential"}, "geometry": {"type": "LineString", "coordinates": [[103.1987181, 13.1252165], [103.1984579, 13.1253393], [103.1983975, 13.1253517]]}}, {"type": "Feature", "properties": {"highway": "residential"}, "geometry": {"type": "LineString", "coordinates": [[103.197792, 13.1253873], [103.1977786, 13.1250435], [103.1977833, 13.1249997], [103.1977954, 13.1249866], [103.1978235, 13.1249814], [103.1982064, 13.1249649], [103.1986684, 13.1249475]]}}, {"type": "Feature", "properties": {"highway": "residential"}, "geometry": {"type": "LineString", "coordinates": [[103.1981854, 13.1245608], [103.1978641, 13.1245611]]}}, {"type": "Feature", "properties": {"highway": "service"}, "geometry": {"type": "LineString", "coordinates": [[103.2128419, 13.0979018], [103.2127574, 13.097877], [103.2127346, 13.097862], [103.2127145, 13.0978319], [103.2126984, 13.097783], [103.2126577, 13.0972532]]}}, {"type": "Feature", "properties": {"highway": "residential"}, "geometry": {"type": "LineString", "coordinates": [[103.1973267, 13.1216307], [103.1962109, 13.1217365]]}}, {"type": "Feature", "properties": {"highway": "footway"}, "geometry": {"type": "LineString", "coordinates": [[103.2141501, 13.0935145], [103.2142287, 13.0938073], [103.2142865, 13.0940224]]}}, {"type": "Feature", "properties": {"highway": "service"}, "geometry": {"type": "LineString", "coordinates": [[103.2137842, 13.0936202], [103.2138278, 13.0936076], [103.2141501, 13.0935145], [103.2143185, 13.0934685]]}}, {"type": "Feature", "properties": {"highway": "service"}, "geometry": {"type": "LineString", "coordinates": [[103.2118079, 13.0939218], [103.2118267, 13.093991], [103.2118307, 13.0940812], [103.2118522, 13.0942287], [103.2118481, 13.0943006], [103.2118106, 13.0943633]]}}, {"type": "Feature", "properties": {"highway": "service"}, "geometry": {"type": "LineString", "coordinates": [[103.211486, 13.0899573], [103.2116644, 13.0898801], [103.2119355, 13.0897867]]}}, {"type": "Feature", "properties": {"highway": "service"}, "geometry": {"type": "LineString", "coordinates": [[103.212111, 13.0903126], [103.2119355, 13.0897867], [103.2119045, 13.0897026], [103.2118626, 13.0895602]]}}, {"type": "Feature", "properties": {"highway": "residential"}, "geometry": {"type": "LineString", "coordinates": [[103.1946552, 13.0562875], [103.1950548, 13.0560759], [103.1952935, 13.0559426], [103.1953281, 13.0559195], [103.1954733, 13.0558224], [103.1957473, 13.0556389]]}}, {"type": "Feature", "properties": {"highway": "service"}, "geometry": {"type": "LineString", "coordinates": [[103.1764148, 13.1083285], [103.1767642, 13.1083435]]}}, {"type": "Feature", "properties": {"highway": "service"}, "geometry": {"type": "LineString", "coordinates": [[103.1764621, 13.1076959], [103.1761748, 13.1076813], [103.176166, 13.1076881], [103.176163, 13.1076956], [103.1761251, 13.1082782], [103.1761318, 13.1083017], [103.17616, 13.1083141], [103.1764148, 13.1083285], [103.1764101, 13.1084937]]}}, {"type": "Feature", "properties": {"highway": "service"}, "geometry": {"type": "LineString", "coordinates": [[103.1771544, 13.1077302], [103.1764789, 13.1077071], [103.1764621, 13.1076959], [103.1764567, 13.1076809], [103.176465, 13.1075443]]}}, {"type": "Feature", "properties": {"highway": "service"}, "geometry": {"type": "LineString", "coordinates": [[103.1771646, 13.107577], [103.1771504, 13.1077028], [103.1771544, 13.1077302], [103.1771746, 13.1077466], [103.1773992, 13.1077577], [103.1774206, 13.1077668], [103.1774347, 13.107789], [103.1774059, 13.1083343], [103.1773898, 13.1083657], [103.1773482, 13.1083748], [103.1767642, 13.1083435], [103.1767495, 13.1085072]]}}, {"type": "Feature", "properties": {"highway": "residential"}, "geometry": {"type": "LineString", "coordinates": [[103.1818653, 13.0759327], [103.1820676, 13.0765456], [103.1820649, 13.0765809], [103.1820461, 13.0766109]]}}, {"type": "Feature", "properties": {"highway": "service"}, "geometry": {"type": "LineString", "coordinates": [[103.1812374, 13.1016415], [103.1812562, 13.1015788], [103.1812964, 13.1015435], [103.18133, 13.1015161], [103.1813514, 13.1014782], [103.1813635, 13.101409], [103.181334, 13.1007141]]}}, {"type": "Feature", "properties": {"highway": "service"}, "geometry": {"type": "LineString", "coordinates": [[103.1811891, 13.1006684], [103.1811409, 13.1004019], [103.1811261, 13.1001864], [103.1810964, 13.0996677]]}}, {"type": "Feature", "properties": {"highway": "residential"}, "geometry": {"type": "LineString", "coordinates": [[103.185773, 13.0696205], [103.1858227, 13.0702294], [103.1858709, 13.0703627], [103.1859004, 13.0704881], [103.1858951, 13.0706265], [103.1858812, 13.0707611]]}}, {"type": "Feature", "properties": {"highway": "residential"}, "geometry": {"type": "LineString", "coordinates": [[103.1857191, 13.0711127], [103.1852755, 13.0711047], [103.1852316, 13.0710789], [103.1852136, 13.0710473], [103.1852017, 13.0709897], [103.1852084, 13.0702686], [103.1852379, 13.0702033], [103.1852968, 13.0701613], [103.1853539, 13.0701205], [103.1853989, 13.070057], [103.1854504, 13.0699842], [103.185477, 13.0696635], [103.1855169, 13.0696259], [103.1855974, 13.0695971], [103.185773, 13.0696205], [103.1870538, 13.0696572], [103.187088, 13.069692], [103.1871045, 13.0697577], [103.1871074, 13.0698506], [103.1870924, 13.0706078], [103.1870444, 13.0706984], [103.1869814, 13.0707572], [103.1869179, 13.0708021]]}}, {"type": "Feature", "properties": {"highway": "service"}, "geometry": {"type": "LineString", "coordinates": [[103.1891299, 13.0755428], [103.1890708, 13.0762909]]}}, {"type": "Feature", "properties": {"highway": "residential"}, "geometry": {"type": "LineString", "coordinates": [[103.1892665, 13.0755377], [103.1894356, 13.0746788]]}}, {"type": "Feature", "properties": {"highway": "residential"}, "geometry": {"type": "LineString", "coordinates": [[103.1902778, 13.0755838], [103.1904924, 13.074428]]}}, {"type": "Feature", "properties": {"highway": "residential"}, "geometry": {"type": "LineString", "coordinates": [[103.1873462, 13.0737722], [103.1883386, 13.0739003]]}}, {"type": "Feature", "properties": {"highway": "residential"}, "geometry": {"type": "LineString", "coordinates": [[103.1872979, 13.074219], [103.1882895, 13.0743548]]}}, {"type": "Feature", "properties": {"highway": "residential"}, "geometry": {"type": "LineString", "coordinates": [[103.1871664, 13.0746579], [103.188242, 13.0747938]]}}, {"type": "Feature", "properties": {"highway": "residential"}, "geometry": {"type": "LineString", "coordinates": [[103.1881375, 13.0755799], [103.188242, 13.0747938], [103.1882895, 13.0743548], [103.1883386, 13.0739003], [103.1883815, 13.0734221]]}}, {"type": "Feature", "properties": {"highway": "residential"}, "geometry": {"type": "LineString", "coordinates": [[103.1870268, 13.0756214], [103.1870484, 13.0753007], [103.1871664, 13.0746579], [103.1872979, 13.074219], [103.1873462, 13.0737722], [103.1874025, 13.0733686], [103.1874374, 13.0733314], [103.187495, 13.0733255], [103.1883815, 13.0734221], [103.1893283, 13.0735267]]}}, {"type": "Feature", "properties": {"highway": "residential"}, "geometry": {"type": "LineString", "coordinates": [[103.1731667, 13.0718441], [103.1732927, 13.0718153], [103.173455, 13.0717592], [103.1736749, 13.0716377], [103.1737541, 13.0715201], [103.1737956, 13.0713836]]}}, {"type": "Feature", "properties": {"highway": "residential"}, "geometry": {"type": "LineString", "coordinates": [[103.1745701, 13.0712812], [103.1738468, 13.0713589], [103.1738224, 13.0713684], [103.1737956, 13.0713836], [103.1732029, 13.071767], [103.1731667, 13.0718441], [103.1731519, 13.0719277], [103.1731626, 13.0726671]]}}, {"type": "Feature", "properties": {"highway": "residential"}, "geometry": {"type": "LineString", "coordinates": [[103.2203159, 13.1399609], [103.2206391, 13.1398016], [103.2206713, 13.1397611], [103.220686, 13.1396775], [103.2206994, 13.1393419], [103.22068320846404, 13.139276263863167]]}}, {"type": "Feature", "properties": {"highway": "residential"}, "geometry": {"type": "LineString", "coordinates": [[103.22014148337706, 13.138901561423122], [103.2198921, 13.1388809]]}}, {"type": "Feature", "properties": {"highway": "residential"}, "geometry": {"type": "LineString", "coordinates": [[103.220046, 13.1407603], [103.2201490553777, 13.140766543869274]]}}, {"type": "Feature", "properties": {"highway": "service"}, "geometry": {"type": "LineString", "coordinates": [[103.1876052, 13.1156894], [103.187772, 13.1156827], [103.187782, 13.1156778], [103.1878139, 13.1156507], [103.1878283, 13.1156471], [103.1879704, 13.1156562], [103.1881579, 13.1156967], [103.1881696, 13.1157042], [103.188176, 13.1157157], [103.1881911, 13.1158081]]}}, {"type": "Feature", "properties": {"highway": "residential"}, "geometry": {"type": "LineString", "coordinates": [[103.1638594, 13.1263717], [103.1637692, 13.1243088], [103.1637493, 13.1238538], [103.1636971, 13.1226598]]}}, {"type": "Feature", "properties": {"highway": "residential"}, "geometry": {"type": "LineString", "coordinates": [[103.1639573, 13.1226429], [103.1640169, 13.1242957], [103.1640914, 13.12636]]}}, {"type": "Feature", "properties": {"highway": "residential"}, "geometry": {"type": "LineString", "coordinates": [[103.1643931, 13.1226233], [103.1644537, 13.1242725], [103.1645286, 13.126313]]}}, {"type": "Feature", "properties": {"highway": "residential"}, "geometry": {"type": "LineString", "coordinates": [[103.1615676, 13.1200672], [103.1624848, 13.1200268]]}}, {"type": "Feature", "properties": {"highway": "residential"}, "geometry": {"type": "LineString", "coordinates": [[103.1615822, 13.120509], [103.1625035, 13.1204696]]}}, {"type": "Feature", "properties": {"highway": "residential"}, "geometry": {"type": "LineString", "coordinates": [[103.1599501, 13.1203571], [103.1605351, 13.1203239], [103.1615749, 13.1202864]]}}, {"type": "Feature", "properties": {"highway": "residential"}, "geometry": {"type": "LineString", "coordinates": [[103.1599636, 13.1207541], [103.1605586, 13.1207336], [103.1615889, 13.1207125]]}}, {"type": "Feature", "properties": {"highway": "residential"}, "geometry": {"type": "LineString", "coordinates": [[103.1606756, 13.1227722], [103.1605586, 13.1207336], [103.1605351, 13.1203239], [103.1605109, 13.1199026]]}}, {"type": "Feature", "properties": {"highway": "residential"}, "geometry": {"type": "LineString", "coordinates": [[103.1600332, 13.1228023], [103.1599636, 13.1207541], [103.1599501, 13.1203571], [103.1599367, 13.1199628], [103.1599514, 13.119938], [103.1599809, 13.1199249], [103.1605109, 13.1199026], [103.1615607, 13.1198583]]}}, {"type": "Feature", "properties": {"highway": "residential"}, "geometry": {"type": "LineString", "coordinates": [[103.1612161, 13.1188134], [103.1611974, 13.1179981]]}}, {"type": "Feature", "properties": {"highway": "residential"}, "geometry": {"type": "LineString", "coordinates": [[103.1608084, 13.1180089], [103.1608192, 13.1188339]]}}, {"type": "Feature", "properties": {"highway": "residential"}, "geometry": {"type": "LineString", "coordinates": [[103.1607145, 13.1188369], [103.1608192, 13.1188339], [103.1612161, 13.1188134], [103.161487, 13.1188043]]}}, {"type": "Feature", "properties": {"highway": "residential"}, "geometry": {"type": "LineString", "coordinates": [[103.1616962, 13.1227238], [103.1616868, 13.1223921], [103.1615889, 13.1207125], [103.1615822, 13.120509], [103.1615749, 13.1202864], [103.1615676, 13.1200672], [103.1615607, 13.1198583], [103.1615138, 13.1189675], [103.161487, 13.1188043], [103.1614709, 13.1179906]]}}, {"type": "Feature", "properties": {"highway": "service"}, "geometry": {"type": "LineString", "coordinates": [[103.2130909, 13.0790952], [103.2130846, 13.0792803], [103.213087, 13.07944]]}}, {"type": "Feature", "properties": {"highway": "service"}, "geometry": {"type": "LineString", "coordinates": [[103.2140248, 13.0790759], [103.2139666, 13.0788419]]}}, {"type": "Feature", "properties": {"highway": "service"}, "geometry": {"type": "LineString", "coordinates": [[103.2136573, 13.0790864], [103.2136828, 13.0790224], [103.2137418, 13.0789479], [103.2138383, 13.0788839], [103.2139666, 13.0788419], [103.2141052, 13.0787965], [103.2141372, 13.078786]]}}, {"type": "Feature", "properties": {"highway": "residential"}, "geometry": {"type": "LineString", "coordinates": [[103.1704853, 13.0603913], [103.1704556, 13.0600315], [103.1704334, 13.0599882], [103.1703914, 13.0599785], [103.170001, 13.0600002], [103.1699355, 13.0599773], [103.1699108, 13.0599436], [103.1699059, 13.0599075]]}}, {"type": "Feature", "properties": {"highway": "residential"}, "geometry": {"type": "LineString", "coordinates": [[103.1683675, 13.0603443], [103.1692598, 13.0605068], [103.1693364, 13.0605008], [103.1694142, 13.0604575], [103.1694945, 13.0603805], [103.1695514, 13.0603492], [103.1696514, 13.0603504], [103.1698256, 13.0603817], [103.1704853, 13.0603913], [103.1711153, 13.0603395], [103.1715723, 13.0602685], [103.1716168, 13.0602517], [103.1716304, 13.0602168], [103.1716563, 13.0597908]]}}, {"type": "Feature", "properties": {"highway": "service"}, "geometry": {"type": "LineString", "coordinates": [[103.1715716, 13.0508736], [103.170636, 13.0508135]]}}, {"type": "Feature", "properties": {"highway": "residential"}, "geometry": {"type": "LineString", "coordinates": [[103.1492571, 13.0585196], [103.1493661, 13.0583099], [103.1494465, 13.0581322], [103.1494753, 13.0580597]]}}, {"type": "Feature", "properties": {"highway": "service"}, "geometry": {"type": "LineString", "coordinates": [[103.15253052795903, 13.107975126605842], [103.1524157, 13.1070817], [103.1524479, 13.1069877], [103.1525767, 13.1068727], [103.1526947, 13.1067578], [103.15292, 13.1065645]]}}, {"type": "Feature", "properties": {"highway": "residential"}, "geometry": {"type": "LineString", "coordinates": [[103.1927642, 13.1195292], [103.193357, 13.1197323]]}}, {"type": "Feature", "properties": {"highway": "service"}, "geometry": {"type": "LineString", "coordinates": [[103.202405, 13.0755396], [103.2014653, 13.075157], [103.2013862, 13.0751452], [103.2013325, 13.0751596], [103.201303, 13.0751896], [103.2011931, 13.0755044], [103.2011743, 13.0755671], [103.201189, 13.0756181], [103.2012159, 13.0756664], [103.2022038, 13.0760425]]}}, {"type": "Feature", "properties": {"highway": "residential"}, "geometry": {"type": "LineString", "coordinates": [[103.1889147, 13.0405763], [103.1889662, 13.0403929], [103.1889984, 13.0403302], [103.1890413, 13.0402753], [103.1891137, 13.0402283], [103.1891969, 13.0401734], [103.1892639, 13.0401029], [103.1893042, 13.0400297], [103.1893149, 13.0399539], [103.1893444, 13.0398991], [103.1895536, 13.0397318], [103.1899559, 13.039528]]}}, {"type": "Feature", "properties": {"highway": "residential"}, "geometry": {"type": "LineString", "coordinates": [[103.2045901, 13.1400498], [103.2045174, 13.1408402]]}}, {"type": "Feature", "properties": {"highway": "residential"}, "geometry": {"type": "LineString", "coordinates": [[103.2045174, 13.1408402], [103.204237, 13.140812]]}}, {"type": "Feature", "properties": {"highway": "residential"}, "geometry": {"type": "LineString", "coordinates": [[103.2045174, 13.1408402], [103.2046069, 13.1408579], [103.2048777, 13.1409379], [103.2050663, 13.1410109], [103.2052379, 13.1411545], [103.2055595, 13.1412605], [103.2060769, 13.1413947], [103.2062413, 13.1414359], [103.20629007573814, 13.141420913350297]]}}, {"type": "Feature", "properties": {"highway": "residential"}, "geometry": {"type": "LineString", "coordinates": [[103.1802587, 13.1158341], [103.1802674, 13.1153633], [103.1802998, 13.1136231], [103.1803038, 13.1135136]]}}, {"type": "Feature", "properties": {"highway": "residential"}, "geometry": {"type": "LineString", "coordinates": [[103.1784077, 13.1158626], [103.1802587, 13.1158341], [103.1802606, 13.1171946]]}}, {"type": "Feature", "properties": {"highway": "residential"}, "geometry": {"type": "LineString", "coordinates": [[103.1784228, 13.1153893], [103.1802674, 13.1153633]]}}, {"type": "Feature", "properties": {"highway": "service"}, "geometry": {"type": "LineString", "coordinates": [[103.215799, 13.1369192], [103.2154973, 13.1368879], [103.2150051, 13.136901]]}}, {"type": "Feature", "properties": {"highway": "residential"}, "geometry": {"type": "LineString", "coordinates": [[103.2141471, 13.1362799], [103.2138973, 13.1358679], [103.2138839, 13.1358157], [103.2139081, 13.1357844], [103.2141716, 13.1356779], [103.2141803, 13.1356577], [103.2141843, 13.1356302], [103.2142085, 13.1355467], [103.2142219, 13.1355375], [103.2142447, 13.1355401], [103.2142889, 13.1355832], [103.2143372, 13.135612], [103.2143801, 13.1356302], [103.2144847, 13.1356015], [103.2149005, 13.1354605], [103.2151017, 13.1354161], [103.215504, 13.1353586]]}}, {"type": "Feature", "properties": {"highway": "service"}, "geometry": {"type": "LineString", "coordinates": [[103.2152645, 13.1382455], [103.214018, 13.137934]]}}, {"type": "Feature", "properties": {"highway": "residential"}, "geometry": {"type": "LineString", "coordinates": [[103.1738078, 13.1149204], [103.1743938, 13.1149157]]}}, {"type": "Feature", "properties": {"highway": "residential"}, "geometry": {"type": "LineString", "coordinates": [[103.1748096, 13.11743], [103.1748149, 13.1173375], [103.1749218, 13.114924], [103.1749275, 13.1147279]]}}, {"type": "Feature", "properties": {"highway": "residential"}, "geometry": {"type": "LineString", "coordinates": [[103.1765766, 13.112045], [103.1775361, 13.1120764]]}}, {"type": "Feature", "properties": {"highway": "residential"}, "geometry": {"type": "LineString", "coordinates": [[103.176468, 13.1125329], [103.1765508, 13.1125435], [103.1775098, 13.1125829]]}}, {"type": "Feature", "properties": {"highway": "residential"}, "geometry": {"type": "LineString", "coordinates": [[103.1765269, 13.1114888], [103.176468, 13.1125329], [103.1764188, 13.1134061], [103.1764188, 13.1134714], [103.1764403, 13.1135054], [103.1764859, 13.1135106], [103.176502, 13.1134845], [103.1765508, 13.1125435], [103.1765766, 13.112045], [103.1766051, 13.111496]]}}, {"type": "Feature", "properties": {"highway": "residential"}, "geometry": {"type": "LineString", "coordinates": [[103.1757832, 13.1158838], [103.1758194, 13.1150257], [103.1758408, 13.1149826], [103.1758744, 13.1149695], [103.1762742, 13.1149788], [103.1773956, 13.1150336]]}}, {"type": "Feature", "properties": {"highway": "residential"}, "geometry": {"type": "LineString", "coordinates": [[103.176223, 13.1158982], [103.1762364, 13.1158028], [103.1762742, 13.1149788], [103.1763035, 13.1143374], [103.1763129, 13.1143152], [103.1763437, 13.1142982], [103.1774291, 13.1143281]]}}, {"type": "Feature", "properties": {"highway": "residential"}, "geometry": {"type": "LineString", "coordinates": [[103.1762107, 13.1173615], [103.1762056, 13.117139], [103.1761694, 13.1170502]]}}, {"type": "Feature", "properties": {"highway": "residential"}, "geometry": {"type": "LineString", "coordinates": [[103.1761237, 13.1173663], [103.1761412, 13.117139], [103.1761694, 13.1170502]]}}, {"type": "Feature", "properties": {"highway": "residential"}, "geometry": {"type": "LineString", "coordinates": [[103.175767, 13.1173832], [103.1757617, 13.1171547], [103.1757389, 13.1170175]]}}, {"type": "Feature", "properties": {"highway": "residential"}, "geometry": {"type": "LineString", "coordinates": [[103.1756678, 13.1173881], [103.1757013, 13.1171508], [103.1757389, 13.1170175]]}}, {"type": "Feature", "properties": {"highway": "residential"}, "geometry": {"type": "LineString", "coordinates": [[103.1757389, 13.1170175], [103.1757765, 13.1158995], [103.1757832, 13.1158838], [103.1758033, 13.1158708], [103.1761935, 13.1158838], [103.176223, 13.1158982], [103.1762324, 13.1159295], [103.1761694, 13.1170502]]}}, {"type": "Feature", "properties": {"highway": "tertiary"}, "geometry": {"type": "LineString", "coordinates": [[103.2016424, 13.0910509], [103.2013964, 13.0910057]]}}, {"type": "Feature", "properties": {"highway": "residential"}, "geometry": {"type": "LineString", "coordinates": [[103.1994107, 13.0816272], [103.1994738, 13.0812627]]}}, {"type": "Feature", "properties": {"highway": "residential"}, "geometry": {"type": "LineString", "coordinates": [[103.2011876, 13.0796298], [103.2012266, 13.0798271], [103.2012293, 13.0799172], [103.2011837, 13.0799577], [103.2010858, 13.0799773], [103.2010268, 13.0799838]]}}, {"type": "Feature", "properties": {"highway": "residential"}, "geometry": {"type": "LineString", "coordinates": [[103.1996884, 13.0799335], [103.1996964, 13.0802007], [103.1996883, 13.0802699], [103.1996629, 13.0802973], [103.1993209, 13.0803235]]}}, {"type": "Feature", "properties": {"highway": "residential"}, "geometry": {"type": "LineString", "coordinates": [[103.1958192, 13.1145111], [103.1957321, 13.1139651], [103.1956892, 13.1138306], [103.1956315, 13.1136908]]}}, {"type": "Feature", "properties": {"highway": "residential"}, "geometry": {"type": "LineString", "coordinates": [[103.1851397, 13.0933117], [103.1860775, 13.0933562]]}}, {"type": "Feature", "properties": {"highway": "service"}, "geometry": {"type": "LineString", "coordinates": [[103.2088089, 13.0911096], [103.2088117, 13.0911312]]}}, {"type": "Feature", "properties": {"highway": "service"}, "geometry": {"type": "LineString", "coordinates": [[103.2087882, 13.0909485], [103.2088089, 13.0911096]]}}, {"type": "Feature", "properties": {"highway": "residential"}, "geometry": {"type": "LineString", "coordinates": [[103.1960488, 13.1041587], [103.1961421, 13.1046785], [103.1962614, 13.1053138], [103.1964079, 13.1060862], [103.1964519, 13.1063142], [103.1965609, 13.1068796]]}}, {"type": "Feature", "properties": {"highway": "footway"}, "geometry": {"type": "LineString", "coordinates": [[103.1955374, 13.1080958], [103.1961322, 13.1079941], [103.196774, 13.1078842], [103.1975508, 13.1077513], [103.1984008, 13.1075954]]}}, {"type": "Feature", "properties": {"highway": "footway"}, "geometry": {"type": "LineString", "coordinates": [[103.2012745, 13.1071207], [103.2004278, 13.1072678], [103.1997649, 13.1073758]]}}, {"type": "Feature", "properties": {"highway": "service"}, "geometry": {"type": "LineString", "coordinates": [[103.2014671, 13.1438189], [103.2009517, 13.1437744]]}}, {"type": "Feature", "properties": {"highway": "residential"}, "geometry": {"type": "LineString", "coordinates": [[103.2016982, 13.14159], [103.2017684, 13.1412839], [103.2017818, 13.1410501], [103.2017764, 13.1406988]]}}, {"type": "Feature", "properties": {"highway": "service"}, "geometry": {"type": "LineString", "coordinates": [[103.1975506, 13.0956316], [103.197501, 13.0956564], [103.1974863, 13.0956747], [103.1974675, 13.0957126], [103.1974376, 13.0958044], [103.1974299, 13.0958217], [103.197418, 13.095835]]}}, {"type": "Feature", "properties": {"highway": "residential"}, "geometry": {"type": "LineString", "coordinates": [[103.1979372, 13.0941625], [103.1979878, 13.0945278]]}}, {"type": "Feature", "properties": {"highway": "service"}, "geometry": {"type": "LineString", "coordinates": [[103.1967939, 13.0949692], [103.1968398, 13.0947212], [103.1968264, 13.0946728], [103.1967607, 13.0946167]]}}, {"type": "Feature", "properties": {"highway": "service"}, "geometry": {"type": "LineString", "coordinates": [[103.1966105, 13.0959425], [103.1965689, 13.0957753]]}}, {"type": "Feature", "properties": {"highway": "service"}, "geometry": {"type": "LineString", "coordinates": [[103.1964531, 13.0959706], [103.196573, 13.0959516], [103.1966105, 13.0959425], [103.196691, 13.0961306]]}}, {"type": "Feature", "properties": {"highway": "residential"}, "geometry": {"type": "LineString", "coordinates": [[103.2019776, 13.0945067], [103.2016115, 13.0945069]]}}, {"type": "Feature", "properties": {"highway": "service"}, "geometry": {"type": "LineString", "coordinates": [[103.1925986, 13.0934279], [103.1925946, 13.0931935]]}}, {"type": "Feature", "properties": {"highway": "service"}, "geometry": {"type": "LineString", "coordinates": [[103.1918865, 13.0934789], [103.1919247, 13.0931204]]}}, {"type": "Feature", "properties": {"highway": "service"}, "geometry": {"type": "LineString", "coordinates": [[103.1914697, 13.0942476], [103.1915425, 13.0939374]]}}, {"type": "Feature", "properties": {"highway": "living_street"}, "geometry": {"type": "LineString", "coordinates": [[103.1781601, 13.105255], [103.1770249, 13.1052694], [103.1762345, 13.1052795], [103.1757001, 13.1052863]]}}, {"type": "Feature", "properties": {"highway": "residential"}, "geometry": {"type": "LineString", "coordinates": [[103.1959196, 13.1034075], [103.1965525, 13.1033042], [103.1974131, 13.1031638], [103.1977284, 13.1031124]]}}, {"type": "Feature", "properties": {"highway": "residential"}, "geometry": {"type": "LineString", "coordinates": [[103.1959196, 13.1034075], [103.1959875, 13.1038069], [103.1960488, 13.1041587]]}}, {"type": "Feature", "properties": {"highway": "residential"}, "geometry": {"type": "LineString", "coordinates": [[103.1939323, 13.11013], [103.1942287, 13.1100741], [103.1943078, 13.110065], [103.1943709, 13.1100611], [103.1944567, 13.1100728], [103.194513, 13.1100898]]}}, {"type": "Feature", "properties": {"highway": "service"}, "geometry": {"type": "LineString", "coordinates": [[103.2050827, 13.0933429], [103.2051809, 13.0933231]]}}, {"type": "Feature", "properties": {"highway": "service"}, "geometry": {"type": "LineString", "coordinates": [[103.2066079, 13.0927062], [103.206363, 13.0927853], [103.2058467, 13.0929708]]}}, {"type": "Feature", "properties": {"highway": "service"}, "geometry": {"type": "LineString", "coordinates": [[103.2057509, 13.0916465], [103.2057971, 13.0918487], [103.2057595, 13.0919532], [103.2057193, 13.0920264], [103.2057086, 13.0921074], [103.2057461, 13.0922798]]}}, {"type": "Feature", "properties": {"highway": "residential"}, "geometry": {"type": "LineString", "coordinates": [[103.1906144, 13.0418497], [103.1909988, 13.0416258]]}}, {"type": "Feature", "properties": {"highway": "residential"}, "geometry": {"type": "LineString", "coordinates": [[103.1929907, 13.0426458], [103.1929842, 13.0428048], [103.1929775, 13.0428466], [103.1929426, 13.0429001], [103.1928889, 13.0429459], [103.192842, 13.0429916], [103.1928018, 13.0430138], [103.1927602, 13.0431732]]}}, {"type": "Feature", "properties": {"highway": "residential"}, "geometry": {"type": "LineString", "coordinates": [[103.1938781, 13.0429803], [103.1938063, 13.0432686], [103.1937768, 13.0432934], [103.1937379, 13.0433143], [103.1937151, 13.0433509], [103.1937097, 13.043492]]}}, {"type": "Feature", "properties": {"highway": "residential"}, "geometry": {"type": "LineString", "coordinates": [[103.191955, 13.0451244], [103.192433, 13.0450585], [103.192834, 13.045014]]}}, {"type": "Feature", "properties": {"highway": "residential"}, "geometry": {"type": "LineString", "coordinates": [[103.1918003, 13.0441154], [103.1911348, 13.0441988], [103.1910101, 13.0442432], [103.1909417, 13.0443059], [103.1909041, 13.0444078]]}}, {"type": "Feature", "properties": {"highway": "service"}, "geometry": {"type": "LineString", "coordinates": [[103.1941282, 13.1062397], [103.1946439, 13.1061483]]}}, {"type": "Feature", "properties": {"highway": "service"}, "geometry": {"type": "LineString", "coordinates": [[103.1948456, 13.1067225], [103.1947612, 13.1067393]]}}, {"type": "Feature", "properties": {"highway": "service"}, "geometry": {"type": "LineString", "coordinates": [[103.194924, 13.1065024], [103.1948979, 13.1063473]]}}, {"type": "Feature", "properties": {"highway": "residential"}, "geometry": {"type": "LineString", "coordinates": [[103.1942143, 13.0928477], [103.1938987, 13.092886]]}}, {"type": "Feature", "properties": {"highway": "residential"}, "geometry": {"type": "LineString", "coordinates": [[103.2077596, 13.1031554], [103.2082164, 13.1031684]]}}, {"type": "Feature", "properties": {"highway": "residential"}, "geometry": {"type": "LineString", "coordinates": [[103.2077675, 13.102851], [103.2077596, 13.1031554], [103.2077564, 13.1032755]]}}, {"type": "Feature", "properties": {"highway": "tertiary"}, "geometry": {"type": "LineString", "coordinates": [[103.1978031, 13.1299613], [103.1977731, 13.1299351]]}}, {"type": "Feature", "properties": {"highway": "tertiary"}, "geometry": {"type": "LineString", "coordinates": [[103.1977731, 13.1299351], [103.1977592, 13.1299062], [103.1977566, 13.1298743], [103.1977663, 13.1298425], [103.1977873, 13.1298164], [103.1978169, 13.1297994], [103.1978509, 13.1297943], [103.1978843, 13.1298017], [103.1979127, 13.1298206], [103.1979307, 13.1298457], [103.1979389, 13.1298753], [103.1979363, 13.1299059], [103.1979312, 13.1299207], [103.1979013, 13.1299557], [103.197873, 13.1299691], [103.1978418, 13.1299724], [103.1978031, 13.1299613]]}}, {"type": "Feature", "properties": {"highway": "service"}, "geometry": {"type": "LineString", "coordinates": [[103.2017324, 13.1078845], [103.2017071, 13.1078114], [103.2017128, 13.1077376], [103.2017173, 13.1076329]]}}, {"type": "Feature", "properties": {"highway": "service"}, "geometry": {"type": "LineString", "coordinates": [[103.2000278, 13.1163113], [103.2000692, 13.1163022], [103.200316, 13.1162482], [103.2006539, 13.1161921], [103.2007639, 13.1161659], [103.2010013, 13.1161699]]}}, {"type": "Feature", "properties": {"highway": "residential"}, "geometry": {"type": "LineString", "coordinates": [[103.1995767, 13.1136713], [103.2000089, 13.1136216]]}}, {"type": "Feature", "properties": {"highway": "residential"}, "geometry": {"type": "LineString", "coordinates": [[103.1831287, 13.0817021], [103.1827851, 13.0815827], [103.1824672, 13.0814077], [103.1823613, 13.0813842], [103.1822567, 13.0814325]]}}, {"type": "Feature", "properties": {"highway": "residential"}, "geometry": {"type": "LineString", "coordinates": [[103.1833405, 13.0802141], [103.1836192, 13.0798323], [103.1837936, 13.0794874]]}}, {"type": "Feature", "properties": {"highway": "residential"}, "geometry": {"type": "LineString", "coordinates": [[103.18187, 13.0808093], [103.1813085, 13.0807611], [103.1810711, 13.0807389]]}}, {"type": "Feature", "properties": {"highway": "residential"}, "geometry": {"type": "LineString", "coordinates": [[103.1818302, 13.0786216], [103.1819382, 13.0785194], [103.181963, 13.0784724], [103.1819563, 13.0784398], [103.1819201, 13.0783731], [103.1819247, 13.0783189], [103.1819724, 13.0782151], [103.1821755, 13.0780426]]}}, {"type": "Feature", "properties": {"highway": "residential"}, "geometry": {"type": "LineString", "coordinates": [[103.1831475, 13.0800357], [103.183237, 13.0798937], [103.183288, 13.0797069], [103.1833255, 13.0794966]]}}, {"type": "Feature", "properties": {"highway": "trunk"}, "geometry": {"type": "LineString", "coordinates": [[103.1256724, 13.088922], [103.12559025596481, 13.089958854165623]]}}, {"type": "Feature", "properties": {"highway": "trunk"}, "geometry": {"type": "LineString", "coordinates": [[103.1256846, 13.0887682], [103.1256724, 13.088922]]}}, {"type": "Feature", "properties": {"highway": "trunk"}, "geometry": {"type": "LineString", "coordinates": [[103.1255374, 13.0889175], [103.1255485, 13.0887739]]}}, {"type": "Feature", "properties": {"highway": "trunk"}, "geometry": {"type": "LineString", "coordinates": [[103.1254576261151, 13.089951669307668], [103.1255374, 13.0889175]]}}, {"type": "Feature", "properties": {"highway": "primary"}, "geometry": {"type": "LineString", "coordinates": [[103.1791576, 13.0758609], [103.1794125, 13.0758998], [103.1795248, 13.075917], [103.1797755, 13.0759472]]}}, {"type": "Feature", "properties": {"highway": "tertiary"}, "geometry": {"type": "LineString", "coordinates": [[103.1799009, 13.0761081], [103.1799762, 13.0762237], [103.1800842, 13.0763749], [103.1801174, 13.0764122], [103.1816662, 13.0784235], [103.1818302, 13.0786216], [103.1825237, 13.0794593], [103.1831475, 13.0800357], [103.1833405, 13.0802141], [103.1835811, 13.0804364], [103.1841451, 13.0808344], [103.1846447, 13.0812165], [103.1850136, 13.0814765], [103.185123, 13.0815566], [103.1866223, 13.0826625], [103.1867793, 13.0827792], [103.1870657, 13.0829923], [103.1872802, 13.0831518], [103.1878358, 13.083565], [103.1879988, 13.0836628], [103.1881048, 13.0837184], [103.1883004, 13.0837837], [103.1884873, 13.0838293], [103.1886153, 13.0838528], [103.1888248, 13.0838873], [103.1891563, 13.0839215], [103.189808, 13.0839939], [103.1908921, 13.0840981], [103.1919839, 13.084214], [103.1921882, 13.0842881]]}}, {"type": "Feature", "properties": {"highway": "primary"}, "geometry": {"type": "LineString", "coordinates": [[103.1796672, 13.0761312], [103.1794844, 13.0760118], [103.1791576, 13.0758609]]}}, {"type": "Feature", "properties": {"highway": "secondary"}, "geometry": {"type": "LineString", "coordinates": [[103.1798159, 13.0764727], [103.1789699, 13.0778105], [103.1789213, 13.0778956], [103.1788628, 13.0781172], [103.1784033, 13.0816735], [103.1783983, 13.0817121], [103.1783174, 13.082245], [103.1781429, 13.0833945]]}}, {"type": "Feature", "properties": {"highway": "secondary"}, "geometry": {"type": "LineString", "coordinates": [[103.1803846, 13.0759796], [103.1810263, 13.0759753], [103.1818653, 13.0759327], [103.1844844, 13.075768], [103.1865034, 13.075641], [103.1870268, 13.0756214], [103.1881375, 13.0755799], [103.1891299, 13.0755428], [103.1892665, 13.0755377], [103.1902778, 13.0755838], [103.1910101, 13.0756562], [103.1936039, 13.0759921], [103.1947175, 13.0761288], [103.1957775, 13.0762725], [103.1967927, 13.0764035], [103.1996659, 13.0767555], [103.2001069, 13.0768164], [103.2015353, 13.0770138], [103.2017072, 13.0770376], [103.2021486, 13.0770864]]}}, {"type": "Feature", "properties": {"highway": "residential"}, "geometry": {"type": "LineString", "coordinates": [[103.201203, 13.1219225], [103.2023418, 13.1217344], [103.2033797, 13.1215631]]}}, {"type": "Feature", "properties": {"highway": "service"}, "geometry": {"type": "LineString", "coordinates": [[103.1988932, 13.1237579], [103.1988784, 13.1233836]]}}, {"type": "Feature", "properties": {"highway": "residential"}, "geometry": {"type": "LineString", "coordinates": [[103.1975816, 13.1259928], [103.1966932, 13.1260933]]}}, {"type": "Feature", "properties": {"highway": "residential"}, "geometry": {"type": "LineString", "coordinates": [[103.1981632, 13.1241678], [103.1974873, 13.1241933]]}}, {"type": "Feature", "properties": {"highway": "residential"}, "geometry": {"type": "LineString", "coordinates": [[103.2007602, 13.1251851], [103.2010379, 13.1266702]]}}, {"type": "Feature", "properties": {"highway": "service"}, "geometry": {"type": "LineString", "coordinates": [[103.1999235, 13.1253302], [103.2001129, 13.1262127], [103.2001998, 13.1262362], [103.2003639, 13.1261986], [103.2003808, 13.1261492], [103.2002303, 13.125277]]}}, {"type": "Feature", "properties": {"highway": "residential"}, "geometry": {"type": "LineString", "coordinates": [[103.1997098, 13.1253672], [103.1999235, 13.1253302], [103.2002303, 13.125277], [103.2007602, 13.1251851], [103.201906, 13.1249865]]}}, {"type": "Feature", "properties": {"highway": "residential"}, "geometry": {"type": "LineString", "coordinates": [[103.2023418, 13.1217344], [103.2026287, 13.1227706]]}}, {"type": "Feature", "properties": {"highway": "residential"}, "geometry": {"type": "LineString", "coordinates": [[103.1899758, 13.1134438], [103.1896335, 13.1133791], [103.1887551, 13.1132431]]}}, {"type": "Feature", "properties": {"highway": "residential"}, "geometry": {"type": "LineString", "coordinates": [[103.1897841, 13.1124265], [103.189761, 13.1125848], [103.1896335, 13.1133791]]}}, {"type": "Feature", "properties": {"highway": "residential"}, "geometry": {"type": "LineString", "coordinates": [[103.1880338, 13.1191146], [103.1882503, 13.1178848], [103.1883062, 13.1178338], [103.1886869, 13.1178372]]}}, {"type": "Feature", "properties": {"highway": "residential"}, "geometry": {"type": "LineString", "coordinates": [[103.1887576, 13.1180268], [103.1896199, 13.118085]]}}, {"type": "Feature", "properties": {"highway": "tertiary"}, "geometry": {"type": "LineString", "coordinates": [[103.2016424, 13.0910509], [103.2025973, 13.0913681], [103.2035205, 13.0916754], [103.2035503, 13.0916853], [103.2045382, 13.0920142]]}}, {"type": "Feature", "properties": {"highway": "tertiary"}, "geometry": {"type": "LineString", "coordinates": [[103.1995464, 13.090275], [103.1998421, 13.0893834], [103.2002282, 13.0882187], [103.2003179, 13.0879484], [103.2004622, 13.0875131]]}}, {"type": "Feature", "properties": {"highway": "residential"}, "geometry": {"type": "LineString", "coordinates": [[103.2013964, 13.0910057], [103.2012829, 13.0909595]]}}, {"type": "Feature", "properties": {"highway": "tertiary"}, "geometry": {"type": "LineString", "coordinates": [[103.2013126, 13.090851], [103.2014298, 13.0908943], [103.2016424, 13.0910509]]}}, {"type": "Feature", "properties": {"highway": "primary"}, "geometry": {"type": "LineString", "coordinates": [[103.1938689, 13.1074849], [103.1943591, 13.1073746], [103.1948698, 13.1072598], [103.1953489, 13.1071521], [103.1959564, 13.1070155], [103.1965609, 13.1068796], [103.1978609, 13.1066122], [103.1983359, 13.1065146], [103.1984497, 13.1064943], [103.1986766, 13.1064539], [103.1988921, 13.1064155], [103.1989206, 13.1064104], [103.1994496, 13.1063162], [103.2003519, 13.1061502], [103.2004429, 13.1061279], [103.2005273, 13.1061029], [103.2005957, 13.1060754]]}}, {"type": "Feature", "properties": {"highway": "primary"}, "geometry": {"type": "LineString", "coordinates": [[103.193365, 13.107719], [103.1932112, 13.1077337], [103.1930991, 13.1077415], [103.1929914, 13.1077441], [103.1927578, 13.1077333], [103.1926629, 13.1077244], [103.1925242, 13.1077087], [103.192429, 13.1076979], [103.1923782, 13.1076922], [103.1920753, 13.1076579], [103.1919221, 13.1076406], [103.1911678, 13.1075552], [103.1903983, 13.1074451], [103.1894339, 13.1073133], [103.1887652, 13.107216], [103.1880489, 13.1070892], [103.1878331, 13.1070489], [103.1863863, 13.1067864], [103.185357, 13.106602], [103.1847557, 13.1064911], [103.1837628, 13.1063319], [103.1834127, 13.1062821], [103.182553, 13.1061758], [103.1816442, 13.106089], [103.181226, 13.1060565], [103.1810546, 13.1060431], [103.1810228, 13.1060407], [103.1800344, 13.1059638], [103.1791999, 13.1059071], [103.1781702, 13.1058527], [103.1779607, 13.1058448], [103.1772851, 13.105821], [103.1765759, 13.1058109], [103.1758959, 13.1057996], [103.1752914, 13.1058116], [103.1736101, 13.1058697], [103.1735542, 13.105876], [103.1734148, 13.1058876], [103.1733456, 13.1058939]]}}, {"type": "Feature", "properties": {"highway": "tertiary"}, "geometry": {"type": "LineString", "coordinates": [[103.1970083, 13.084802], [103.1973871, 13.0849804], [103.1976946, 13.0852222], [103.1986994, 13.0860536], [103.1995994, 13.0868009], [103.2004622, 13.0875131]]}}, {"type": "Feature", "properties": {"highway": "residential"}, "geometry": {"type": "LineString", "coordinates": [[103.1965609, 13.1068796], [103.1967062, 13.1062966], [103.1967714, 13.1060052], [103.1969549, 13.1051965], [103.1972328, 13.1039651], [103.1974131, 13.1031638]]}}, {"type": "Feature", "properties": {"highway": "tertiary"}, "geometry": {"type": "LineString", "coordinates": [[103.1970083, 13.084802], [103.1964834, 13.084746], [103.1957192, 13.0846645], [103.1955114, 13.0846423], [103.1954102, 13.0846315], [103.1947889, 13.0845652], [103.1943732, 13.0845209], [103.1941209, 13.084494], [103.1931599, 13.0843914], [103.1929919, 13.0843735], [103.1928442, 13.0843578], [103.1923549, 13.0843056]]}}, {"type": "Feature", "properties": {"highway": "primary"}, "geometry": {"type": "LineString", "coordinates": [[103.15274138815505, 13.108013680179953], [103.1543143, 13.1077887], [103.1547652, 13.1077262], [103.1548497, 13.1077119], [103.1580698, 13.107235], [103.1590622, 13.1070967], [103.1591373, 13.1070863], [103.1606596, 13.1068742], [103.1613955, 13.1067716], [103.1628492, 13.1065691], [103.1641154, 13.1063634], [103.1644799, 13.1063098], [103.1650904, 13.1062195], [103.1663145, 13.1060487], [103.1665046, 13.1060325], [103.1666839, 13.1060195], [103.1669057, 13.1060025], [103.1670502, 13.1059957], [103.167479, 13.1059776], [103.1678085, 13.1059635], [103.1684766, 13.1059391], [103.168568, 13.1059365], [103.1704106, 13.1058837], [103.1711939, 13.1058606], [103.1714416, 13.1058533], [103.1727476, 13.1058087]]}}, {"type": "Feature", "properties": {"highway": "residential"}, "geometry": {"type": "LineString", "coordinates": [[103.2214873, 13.1090751], [103.2218917, 13.1089966]]}}, {"type": "Feature", "properties": {"highway": "residential"}, "geometry": {"type": "LineString", "coordinates": [[103.22135122900723, 13.109735416506759], [103.2212989, 13.1095347], [103.2211909, 13.1090552]]}}, {"type": "Feature", "properties": {"highway": "residential"}, "geometry": {"type": "LineString", "coordinates": [[103.2205967, 13.1084604], [103.2207772, 13.1091226], [103.2209006, 13.1095739], [103.2209113, 13.1095909], [103.2209321, 13.1095961], [103.2210387, 13.1095843], [103.2212989, 13.1095347]]}}, {"type": "Feature", "properties": {"highway": "residential"}, "geometry": {"type": "LineString", "coordinates": [[103.2230048, 13.1080522], [103.2212994, 13.1083492], [103.2205967, 13.1084604], [103.2201653, 13.1085287]]}}, {"type": "Feature", "properties": {"highway": "residential"}, "geometry": {"type": "LineString", "coordinates": [[103.2214705, 13.1090103], [103.2211909, 13.1090552], [103.2207772, 13.1091226]]}}, {"type": "Feature", "properties": {"highway": "residential"}, "geometry": {"type": "LineString", "coordinates": [[103.184263, 13.0836114], [103.1843307, 13.0832169]]}}, {"type": "Feature", "properties": {"highway": "residential"}, "geometry": {"type": "LineString", "coordinates": [[103.1839475, 13.0834911], [103.183626, 13.0834699]]}}, {"type": "Feature", "properties": {"highway": "residential"}, "geometry": {"type": "LineString", "coordinates": [[103.1833118, 13.0811071], [103.1832055, 13.0811366], [103.1831056, 13.0811425], [103.1830506, 13.0811797], [103.1830017, 13.0813019]]}}, {"type": "Feature", "properties": {"highway": "residential"}, "geometry": {"type": "LineString", "coordinates": [[103.1842563, 13.0818917], [103.1846412, 13.0821209]]}}, {"type": "Feature", "properties": {"highway": "residential"}, "geometry": {"type": "LineString", "coordinates": [[103.1818755, 13.0807532], [103.1822084, 13.0808564]]}}, {"type": "Feature", "properties": {"highway": "residential"}, "geometry": {"type": "LineString", "coordinates": [[103.1810815, 13.0820326], [103.1812079, 13.0820412], [103.1815962, 13.0820837], [103.1816116, 13.0820889], [103.181625, 13.0821085], [103.1816384, 13.0822307], [103.181623, 13.0824364], [103.1816136, 13.0824854], [103.1815982, 13.0825213], [103.1815264, 13.0825755], [103.1814519, 13.0826262]]}}, {"type": "Feature", "properties": {"highway": "residential"}, "geometry": {"type": "LineString", "coordinates": [[103.1815443, 13.0829647], [103.1815935, 13.0829197], [103.1815975, 13.0829028], [103.1815881, 13.0828446], [103.1814519, 13.0826262], [103.1810815, 13.0820326], [103.1809846, 13.0818773]]}}, {"type": "Feature", "properties": {"highway": "residential"}, "geometry": {"type": "LineString", "coordinates": [[103.1809705, 13.0811033], [103.1814064, 13.0811882], [103.1814694, 13.0811765], [103.1815298, 13.0811151], [103.1815915, 13.0811046], [103.1817082, 13.0811203], [103.1818123, 13.0811379]]}}, {"type": "Feature", "properties": {"highway": "residential"}, "geometry": {"type": "LineString", "coordinates": [[103.1809303, 13.0802203], [103.1816518, 13.0803796], [103.1819353, 13.0804213]]}}, {"type": "Feature", "properties": {"highway": "residential"}, "geometry": {"type": "LineString", "coordinates": [[103.1830111, 13.0818756], [103.1831539, 13.0819785], [103.1832477, 13.0820334]]}}, {"type": "Feature", "properties": {"highway": "residential"}, "geometry": {"type": "LineString", "coordinates": [[103.1884072, 13.0343595], [103.18831434203881, 13.03422969748099]]}}, {"type": "Feature", "properties": {"highway": "service"}, "geometry": {"type": "LineString", "coordinates": [[103.2186232, 13.1064196], [103.2188522, 13.1073165]]}}, {"type": "Feature", "properties": {"highway": "residential"}, "geometry": {"type": "LineString", "coordinates": [[103.2146733, 13.1089441], [103.2156461, 13.1087667], [103.2156931, 13.1087386], [103.2157045, 13.1086831], [103.2157025, 13.108606], [103.215681, 13.1085081], [103.2155979, 13.1082442]]}}, {"type": "Feature", "properties": {"highway": "service"}, "geometry": {"type": "LineString", "coordinates": [[103.2184942, 13.1073745], [103.2185537, 13.1076094], [103.2185751, 13.1077662], [103.2185724, 13.1081319], [103.218559, 13.108495], [103.2185832, 13.1085708], [103.2186449, 13.1086256], [103.2187307, 13.1086308], [103.2189882, 13.1085603]]}}, {"type": "Feature", "properties": {"highway": "service"}, "geometry": {"type": "LineString", "coordinates": [[103.217466, 13.1075411], [103.2174996, 13.1076094], [103.2175612, 13.1076695], [103.2177155, 13.1077688], [103.2179958, 13.107932]]}}, {"type": "Feature", "properties": {"highway": "residential"}, "geometry": {"type": "LineString", "coordinates": [[103.219188, 13.1103027], [103.2192355709985, 13.110505036052494]]}}, {"type": "Feature", "properties": {"highway": "residential"}, "geometry": {"type": "LineString", "coordinates": [[103.2113177, 13.1064237], [103.2118522, 13.1062771]]}}, {"type": "Feature", "properties": {"highway": "service"}, "geometry": {"type": "LineString", "coordinates": [[103.2235676, 13.1018493], [103.2237746, 13.1025989]]}}, {"type": "Feature", "properties": {"highway": "service"}, "geometry": {"type": "LineString", "coordinates": [[103.2222924, 13.1020709], [103.2223771, 13.1025101]]}}, {"type": "Feature", "properties": {"highway": "residential"}, "geometry": {"type": "LineString", "coordinates": [[103.2146778, 13.1014964], [103.2155295, 13.1013241]]}}, {"type": "Feature", "properties": {"highway": "residential"}, "geometry": {"type": "LineString", "coordinates": [[103.2145831, 13.1011522], [103.2145505, 13.1009923], [103.2145599, 13.100957], [103.2145894, 13.1009361], [103.214639, 13.1009244], [103.2152465, 13.1008329]]}}, {"type": "Feature", "properties": {"highway": "service"}, "geometry": {"type": "LineString", "coordinates": [[103.2223046, 13.1039356], [103.2225086, 13.1047502], [103.2225421, 13.1047894], [103.2225984, 13.1048077], [103.2226762, 13.1048011], [103.2229069, 13.1047515], [103.2229444, 13.1047228], [103.2229605, 13.1046744], [103.2229619, 13.1046], [103.2229391, 13.1044942], [103.2227715, 13.1038572]]}}, {"type": "Feature", "properties": {"highway": "service"}, "geometry": {"type": "LineString", "coordinates": [[103.2116577, 13.1049357], [103.2109097, 13.1051785]]}}, {"type": "Feature", "properties": {"highway": "service"}, "geometry": {"type": "LineString", "coordinates": [[103.2188326, 13.1017995], [103.2190533, 13.1026241]]}}, {"type": "Feature", "properties": {"highway": "residential"}, "geometry": {"type": "LineString", "coordinates": [[103.2165273, 13.1030611], [103.2163864, 13.1024892]]}}, {"type": "Feature", "properties": {"highway": "residential"}, "geometry": {"type": "LineString", "coordinates": [[103.2151762, 13.1032909], [103.2153833, 13.1040044]]}}, {"type": "Feature", "properties": {"highway": "residential"}, "geometry": {"type": "LineString", "coordinates": [[103.2154981, 13.1032362], [103.2156837, 13.1040096]]}}, {"type": "Feature", "properties": {"highway": "residential"}, "geometry": {"type": "LineString", "coordinates": [[103.2099971, 13.1046619], [103.2099454, 13.1050435], [103.209925, 13.1051943]]}}, {"type": "Feature", "properties": {"highway": "residential"}, "geometry": {"type": "LineString", "coordinates": [[103.2103783, 13.1056319], [103.2110348, 13.1055604]]}}, {"type": "Feature", "properties": {"highway": "residential"}, "geometry": {"type": "LineString", "coordinates": [[103.2102603, 13.1058461], [103.2110788, 13.1056945]]}}, {"type": "Feature", "properties": {"highway": "residential"}, "geometry": {"type": "LineString", "coordinates": [[103.2120399, 13.1023387], [103.2120574, 13.1025584], [103.2120936, 13.1026668], [103.212119, 13.1027465], [103.2121405, 13.102838], [103.2122478, 13.1032194]]}}, {"type": "Feature", "properties": {"highway": "residential"}, "geometry": {"type": "LineString", "coordinates": [[103.2101155, 13.1006796], [103.210279, 13.1011647], [103.2103246, 13.1012039], [103.2103944, 13.1012261], [103.2105204, 13.1012353], [103.2115337, 13.1011739]]}}, {"type": "Feature", "properties": {"highway": "residential"}, "geometry": {"type": "LineString", "coordinates": [[103.2148158, 13.0969053], [103.2141803, 13.097058], [103.2140939, 13.0970244]]}}, {"type": "Feature", "properties": {"highway": "residential"}, "geometry": {"type": "LineString", "coordinates": [[103.2140939, 13.0970244], [103.2141589, 13.0969731], [103.2147956, 13.0968175]]}}, {"type": "Feature", "properties": {"highway": "residential"}, "geometry": {"type": "LineString", "coordinates": [[103.2229009, 13.0972372], [103.2228801, 13.0971723], [103.2228573, 13.0971479], [103.2222085, 13.0969071], [103.221438, 13.0966248], [103.2206515, 13.0963308], [103.2199157, 13.0960425], [103.2192577, 13.0957798], [103.2191877, 13.0957089]]}}, {"type": "Feature", "properties": {"highway": "residential"}, "geometry": {"type": "LineString", "coordinates": [[103.216373, 13.099788], [103.2188817, 13.099122], [103.2189679, 13.0990993], [103.2206386, 13.0986749], [103.2231209, 13.0980208], [103.2231957, 13.0980041], [103.2239047, 13.0978052], [103.2239744, 13.0978078], [103.2240227, 13.0978339], [103.224071, 13.0981814], [103.2240468, 13.0982362], [103.2240093, 13.0982832], [103.2233201, 13.0984342]]}}, {"type": "Feature", "properties": {"highway": "residential"}, "geometry": {"type": "LineString", "coordinates": [[103.2237491, 13.0987509], [103.2234272, 13.0988371], [103.2233495, 13.0988556], [103.2228774, 13.0989677], [103.2222819, 13.0990696], [103.2208228, 13.0993204], [103.2191803, 13.0995295]]}}, {"type": "Feature", "properties": {"highway": "residential"}, "geometry": {"type": "LineString", "coordinates": [[103.216483, 13.100223], [103.2182655, 13.099763], [103.2190136, 13.0995699], [103.2190928, 13.0995529], [103.2191803, 13.0995295], [103.2198492, 13.0993596], [103.220765, 13.0991177], [103.2224858, 13.0986437], [103.2232395, 13.0984544], [103.2233201, 13.0984342]]}}, {"type": "Feature", "properties": {"highway": "residential"}, "geometry": {"type": "LineString", "coordinates": [[103.2176042, 13.0976288], [103.2183941, 13.0974251], [103.218504, 13.0973911], [103.2201791, 13.0969692], [103.221438, 13.0966248], [103.2215503, 13.0965941]]}}, {"type": "Feature", "properties": {"highway": "residential"}, "geometry": {"type": "LineString", "coordinates": [[103.2151798, 13.09823], [103.2167207, 13.0978218], [103.2174794, 13.0976194], [103.2176042, 13.0976288]]}}, {"type": "Feature", "properties": {"highway": "residential"}, "geometry": {"type": "LineString", "coordinates": [[103.2140556, 13.0985367], [103.2151891, 13.098263]]}}, {"type": "Feature", "properties": {"highway": "residential"}, "geometry": {"type": "LineString", "coordinates": [[103.2199157, 13.0960425], [103.2200408, 13.0964883], [103.2201791, 13.0969692], [103.2203017, 13.0974357], [103.2204158, 13.0978698], [103.2204956, 13.0981735], [103.2206386, 13.0986749], [103.220765, 13.0991177], [103.2208228, 13.0993204]]}}, {"type": "Feature", "properties": {"highway": "residential"}, "geometry": {"type": "LineString", "coordinates": [[103.2178888, 13.0951867], [103.2179697, 13.0955021], [103.2180989, 13.0959377], [103.2181218, 13.0960274]]}}, {"type": "Feature", "properties": {"highway": "residential"}, "geometry": {"type": "LineString", "coordinates": [[103.2182345, 13.0959569], [103.21861, 13.0958602], [103.2190197, 13.0957465], [103.2191877, 13.0957089]]}}, {"type": "Feature", "properties": {"highway": "residential"}, "geometry": {"type": "LineString", "coordinates": [[103.2236394, 13.0973829], [103.2230726, 13.0975323], [103.2229987, 13.0975477], [103.2204956, 13.0981735], [103.2188353, 13.0986333], [103.2187441, 13.0986543], [103.2170787, 13.0990771], [103.2163241, 13.0992766], [103.2162932, 13.0993105], [103.2162818, 13.099323], [103.2162644, 13.0994], [103.2162872, 13.0995163], [103.216373, 13.099788], [103.216483, 13.100223], [103.2165849, 13.100607], [103.2166158, 13.1006383], [103.2166748, 13.1006553], [103.216766, 13.100654], [103.2184035, 13.1002125], [103.2185309, 13.1006932]]}}, {"type": "Feature", "properties": {"highway": "residential"}, "geometry": {"type": "LineString", "coordinates": [[103.2228371, 13.0994667], [103.2234736, 13.0993154], [103.2235575, 13.0992954]]}}, {"type": "Feature", "properties": {"highway": "residential"}, "geometry": {"type": "LineString", "coordinates": [[103.2229303, 13.0971142], [103.2229545, 13.0971577], [103.2229748, 13.0972197], [103.2230726, 13.0975323], [103.2231957, 13.0980041], [103.2233201, 13.0984342], [103.2234272, 13.0988371], [103.2235575, 13.0992954], [103.2236586, 13.0996724], [103.2236485, 13.0997129], [103.2236237, 13.0997325]]}}, {"type": "Feature", "properties": {"highway": "residential"}, "geometry": {"type": "LineString", "coordinates": [[103.1939609, 13.0996971], [103.1940114, 13.1002452]]}}, {"type": "Feature", "properties": {"highway": "service"}, "geometry": {"type": "LineString", "coordinates": [[103.1892197, 13.0987757], [103.189398, 13.0982623]]}}, {"type": "Feature", "properties": {"highway": "service"}, "geometry": {"type": "LineString", "coordinates": [[103.1913297, 13.097837], [103.1911731, 13.0978854], [103.1909001, 13.0979697]]}}, {"type": "Feature", "properties": {"highway": "service"}, "geometry": {"type": "LineString", "coordinates": [[103.191254, 13.0974833], [103.1917503, 13.0973741]]}}, {"type": "Feature", "properties": {"highway": "residential"}, "geometry": {"type": "LineString", "coordinates": [[103.191651, 13.0960475], [103.1917262, 13.0965825]]}}, {"type": "Feature", "properties": {"highway": "residential"}, "geometry": {"type": "LineString", "coordinates": [[103.1916713, 13.0950114], [103.1917047, 13.0952319], [103.191698, 13.0952933], [103.1916739, 13.0953521], [103.1916645, 13.0953929], [103.1916612, 13.0954618], [103.19169, 13.0955532], [103.1917631, 13.0957596], [103.1918364, 13.0960405]]}}, {"type": "Feature", "properties": {"highway": "residential"}, "geometry": {"type": "LineString", "coordinates": [[103.1909461, 13.0960738], [103.191651, 13.0960475], [103.1918364, 13.0960405], [103.1920481, 13.0960326]]}}, {"type": "Feature", "properties": {"highway": "service"}, "geometry": {"type": "LineString", "coordinates": [[103.1895178, 13.1121039], [103.1899264, 13.1121196]]}}, {"type": "Feature", "properties": {"highway": "residential"}, "geometry": {"type": "LineString", "coordinates": [[103.1864074, 13.1100467], [103.1864382, 13.1099487], [103.1864651, 13.1099357], [103.1865254, 13.109937], [103.1867239, 13.1099762], [103.18698, 13.1100167], [103.1871705, 13.1100363], [103.187318, 13.1100232], [103.1873931, 13.1100023], [103.1874266, 13.1099696], [103.1874628, 13.1099305], [103.1875004, 13.1099226], [103.1875621, 13.1099252], [103.1878569, 13.1099422]]}}, {"type": "Feature", "properties": {"highway": "residential"}, "geometry": {"type": "LineString", "coordinates": [[103.1892546, 13.1119341], [103.1892222, 13.1114739], [103.1892318, 13.1111217], [103.1892613, 13.1107716]]}}, {"type": "Feature", "properties": {"highway": "residential"}, "geometry": {"type": "LineString", "coordinates": [[103.1870511, 13.1112301], [103.1871101, 13.1113058], [103.1871758, 13.111345], [103.1872697, 13.1113659], [103.1877872, 13.1113926]]}}, {"type": "Feature", "properties": {"highway": "primary"}, "geometry": {"type": "LineString", "coordinates": [[103.2085664, 13.090496], [103.2088883, 13.0904237], [103.2092916, 13.0902878], [103.2094122, 13.0902472], [103.2098389, 13.0901034], [103.2101575, 13.0899961], [103.2102989, 13.0899484], [103.2107692, 13.08979], [103.2123042, 13.0892728], [103.2128622, 13.0890846], [103.2137624, 13.0887788], [103.2148655, 13.0884038], [103.2151575, 13.0883046], [103.2161793, 13.0879572], [103.2163862, 13.0878869], [103.2172276, 13.0876007], [103.2179387, 13.0873692], [103.2182187, 13.0872782], [103.2189398, 13.0870437], [103.2195183, 13.0868556], [103.2197219, 13.0867894], [103.2199089, 13.0867286], [103.2200122, 13.086695], [103.2208822, 13.0864121], [103.2226744, 13.0858293], [103.2245216, 13.0852287], [103.2253694, 13.084953], [103.2254525, 13.0849149], [103.2255516, 13.0848564]]}}, {"type": "Feature", "properties": {"highway": "secondary"}, "geometry": {"type": "LineString", "coordinates": [[103.21009804064974, 13.078100240673912], [103.2103427, 13.0781318], [103.2121625, 13.0783666], [103.2130705, 13.0784838], [103.2140708, 13.0786129], [103.2141597, 13.0786243], [103.21479321636919, 13.07870605472476]]}}, {"type": "Feature", "properties": {"highway": "secondary"}, "geometry": {"type": "LineString", "coordinates": [[103.22457291321335, 13.081705846107056], [103.2246312, 13.0818789], [103.224795, 13.0823255], [103.22562, 13.0847942]]}}, {"type": "Feature", "properties": {"highway": "residential"}, "geometry": {"type": "LineString", "coordinates": [[103.1937961, 13.1037889], [103.1946692, 13.1036321], [103.1955615, 13.1034718], [103.1959196, 13.1034075]]}}, {"type": "Feature", "properties": {"highway": "tertiary"}, "geometry": {"type": "LineString", "coordinates": [[103.1983359, 13.1065146], [103.1982028, 13.1057693], [103.1981483, 13.1054637], [103.1981328, 13.1053769], [103.1981046, 13.1052193], [103.198081, 13.1050869], [103.1980669, 13.1050084], [103.1978622, 13.103862], [103.1977284, 13.1031124], [103.1976271, 13.1025453], [103.1975755, 13.1022561], [103.1975304, 13.1020037], [103.1974589, 13.1016033], [103.1974252, 13.1014147], [103.1972718, 13.1005552], [103.1970334, 13.0992206], [103.1967367, 13.097559], [103.1965834, 13.0967004], [103.1965757, 13.0966572], [103.1965543, 13.0965371], [103.1965306, 13.0964048], [103.1964531, 13.0959706], [103.1964082, 13.0957189], [103.196329, 13.0952756], [103.1962669, 13.0949277], [103.1961834, 13.0944602], [103.1961517, 13.0942823], [103.1961031, 13.0940104], [103.1960939, 13.0938668], [103.1961358, 13.0937289], [103.1963023, 13.0932822], [103.1964782, 13.0927523], [103.1965486, 13.0925366], [103.196868, 13.0915804], [103.1970481, 13.0910395], [103.1970692, 13.0909761], [103.1973666, 13.0900826], [103.1974728, 13.0897637], [103.1976512, 13.0892153], [103.1978033, 13.0887709], [103.1978175, 13.0887282], [103.1980589, 13.0880118], [103.1980651, 13.0879933], [103.198146, 13.0877221], [103.1982779, 13.0873244], [103.1985031, 13.0866454], [103.1986994, 13.0860536]]}}, {"type": "Feature", "properties": {"highway": "tertiary"}, "geometry": {"type": "LineString", "coordinates": [[103.2078414, 13.0957072], [103.2079512, 13.0961293], [103.2081066, 13.0966238], [103.2083402, 13.0973367], [103.2083964, 13.0975082], [103.208516, 13.0978732], [103.2085736, 13.0980488], [103.2087793, 13.0986766], [103.2088904, 13.0990158], [103.209056, 13.0995213], [103.2093488, 13.1004147], [103.2094929, 13.1008546], [103.2095414, 13.1010027], [103.2096759, 13.101413], [103.2099843, 13.1023543], [103.2100126, 13.1024407], [103.2102197, 13.1030728], [103.2102548, 13.1031799], [103.2105269, 13.1040101], [103.2107348, 13.1046446], [103.2109097, 13.1051785], [103.2109325, 13.1052482], [103.2110348, 13.1055604], [103.2110788, 13.1056945], [103.2111196, 13.1058189], [103.2112759, 13.1062959], [103.2113177, 13.1064237], [103.2115206, 13.1070428], [103.2116864, 13.1075489], [103.2117207, 13.1077087], [103.2117087, 13.1078236], [103.2116443, 13.1079579], [103.2115666, 13.1079897], [103.2105754, 13.1082886]]}}, {"type": "Feature", "properties": {"highway": "residential"}, "geometry": {"type": "LineString", "coordinates": [[103.2026562, 13.0827922], [103.2028812, 13.0833567], [103.2031504, 13.0840319], [103.2032645, 13.0843183], [103.2034428, 13.0847656], [103.2035682, 13.0850862], [103.2039187, 13.0859825], [103.2039342, 13.0860195], [103.2045201, 13.0874683], [103.2050247, 13.0887342], [103.2052303, 13.0892501], [103.2054624, 13.0898323], [103.2057315, 13.0905074], [103.2059278, 13.091], [103.2061077, 13.0914511], [103.2065137, 13.0924699], [103.2066079, 13.0927062], [103.2068391, 13.0932648], [103.207062, 13.0938379], [103.2074898, 13.0949083], [103.2076725, 13.0955417], [103.2077377, 13.0957156]]}}, {"type": "Feature", "properties": {"highway": "primary"}, "geometry": {"type": "LineString", "coordinates": [[103.2077834, 13.0961185], [103.2078414, 13.0957072], [103.2078564, 13.0956012], [103.207878, 13.0954485]]}}, {"type": "Feature", "properties": {"highway": "primary"}, "geometry": {"type": "LineString", "coordinates": [[103.2077834, 13.0961185], [103.2078085, 13.0963063], [103.2075745, 13.0980534], [103.2075481, 13.0982508], [103.2075084, 13.098547], [103.2074477, 13.0990008], [103.2070728, 13.1018007], [103.2069323, 13.1028497], [103.2068992, 13.103062], [103.2068773, 13.1031585], [103.2068384, 13.1032384], [103.206765, 13.1033151], [103.2066831, 13.1033751], [103.2066634, 13.1033879], [103.2054233, 13.1039438], [103.2045415, 13.1043422], [103.2034327, 13.1048432], [103.2033245, 13.1048921], [103.2021084, 13.1054415], [103.2019085, 13.1054874]]}}, {"type": "Feature", "properties": {"highway": "residential"}, "geometry": {"type": "LineString", "coordinates": [[103.2078564, 13.0956012], [103.2080579, 13.0956209], [103.2093951, 13.0955831], [103.2095674, 13.0955472], [103.209822, 13.0954363], [103.2110106, 13.0950092]]}}, {"type": "Feature", "properties": {"highway": "primary"}, "geometry": {"type": "LineString", "coordinates": [[103.207878, 13.0954485], [103.2078421, 13.0952333], [103.2082999, 13.0918106], [103.20838, 13.0912063], [103.2084184, 13.090917], [103.2083818, 13.0907372]]}}, {"type": "Feature", "properties": {"highway": "residential"}, "geometry": {"type": "LineString", "coordinates": [[103.2074772, 13.0980482], [103.2075745, 13.0980534]]}}, {"type": "Feature", "properties": {"highway": "residential"}, "geometry": {"type": "LineString", "coordinates": [[103.1974131, 13.1031638], [103.1975002, 13.1027523], [103.1976271, 13.1025453]]}}, {"type": "Feature", "properties": {"highway": "residential"}, "geometry": {"type": "LineString", "coordinates": [[103.2086995, 13.1010569], [103.2085491, 13.1005614]]}}, {"type": "Feature", "properties": {"highway": "service"}, "geometry": {"type": "LineString", "coordinates": [[103.2075084, 13.098547], [103.2080996, 13.0986245]]}}, {"type": "Feature", "properties": {"highway": "residential"}, "geometry": {"type": "LineString", "coordinates": [[103.206636, 13.0997759], [103.2067303, 13.099801], [103.2068556, 13.099801], [103.2072358, 13.0998498]]}}, {"type": "Feature", "properties": {"highway": "residential"}, "geometry": {"type": "LineString", "coordinates": [[103.2034984, 13.0804919], [103.2038404, 13.0805599], [103.2041475, 13.0806304]]}}, {"type": "Feature", "properties": {"highway": "residential"}, "geometry": {"type": "LineString", "coordinates": [[103.2045713, 13.0800269], [103.2045887, 13.0801994], [103.2045901, 13.08036], [103.20457, 13.0805495]]}}, {"type": "Feature", "properties": {"highway": "path"}, "geometry": {"type": "LineString", "coordinates": [[103.2164094, 13.0819211], [103.2161182, 13.0819537], [103.2158647, 13.0820439], [103.2153631, 13.0822825]]}}, {"type": "Feature", "properties": {"highway": "residential"}, "geometry": {"type": "LineString", "coordinates": [[103.2092544, 13.1142238], [103.208836, 13.1144379]]}}, {"type": "Feature", "properties": {"highway": "residential"}, "geometry": {"type": "LineString", "coordinates": [[103.2080354, 13.1126485], [103.2085718, 13.1124683]]}}, {"type": "Feature", "properties": {"highway": "service"}, "geometry": {"type": "LineString", "coordinates": [[103.2025928, 13.1083542], [103.2029316, 13.108309]]}}, {"type": "Feature", "properties": {"highway": "residential"}, "geometry": {"type": "LineString", "coordinates": [[103.1894375, 13.093045], [103.1894892, 13.0926351]]}}, {"type": "Feature", "properties": {"highway": "residential"}, "geometry": {"type": "LineString", "coordinates": [[103.1896812, 13.0930836], [103.1897199, 13.0928715], [103.1897548, 13.0927853], [103.1897601, 13.0927331], [103.1897508, 13.0925763]]}}, {"type": "Feature", "properties": {"highway": "residential"}, "geometry": {"type": "LineString", "coordinates": [[103.1900981, 13.0935247], [103.1904374, 13.0936344], [103.1905983, 13.0936997], [103.1907378, 13.0937363], [103.1909051, 13.0937802]]}}, {"type": "Feature", "properties": {"highway": "residential"}, "geometry": {"type": "LineString", "coordinates": [[103.1856671, 13.0937271], [103.1858817, 13.0937546], [103.1860091, 13.0937859], [103.1861497, 13.0938043]]}}, {"type": "Feature", "properties": {"highway": "residential"}, "geometry": {"type": "LineString", "coordinates": [[103.186512, 13.0920382], [103.1867051, 13.0920708], [103.1868231, 13.0920734], [103.186968, 13.092076], [103.187094, 13.0920826], [103.1872416, 13.0921113], [103.1874924, 13.0921283]]}}, {"type": "Feature", "properties": {"highway": "residential"}, "geometry": {"type": "LineString", "coordinates": [[103.18525, 13.0924409], [103.184849, 13.0924], [103.1848115, 13.0923843], [103.1847833, 13.0923517], [103.1847699, 13.0922785], [103.1847586, 13.0920631]]}}, {"type": "Feature", "properties": {"highway": "service"}, "geometry": {"type": "LineString", "coordinates": [[103.1838392, 13.0871906], [103.1838539, 13.0875433], [103.1838472, 13.0877301], [103.1838235, 13.0878813]]}}, {"type": "Feature", "properties": {"highway": "residential"}, "geometry": {"type": "LineString", "coordinates": [[103.1845915, 13.0853396], [103.184898, 13.08532]]}}, {"type": "Feature", "properties": {"highway": "residential"}, "geometry": {"type": "LineString", "coordinates": [[103.1860406, 13.0846166], [103.1859568, 13.0846891], [103.1859139, 13.0847897], [103.1858897, 13.0849922], [103.1858905, 13.085192], [103.1858911, 13.0853422], [103.1858736, 13.0857302], [103.1858508, 13.0861103], [103.185828, 13.0862841], [103.1858093, 13.0866733]]}}, {"type": "Feature", "properties": {"highway": "service"}, "geometry": {"type": "LineString", "coordinates": [[103.1849947, 13.0978392], [103.1855585, 13.0978261]]}}, {"type": "Feature", "properties": {"highway": "service"}, "geometry": {"type": "LineString", "coordinates": [[103.1488202, 13.1004907], [103.1487948, 13.100381], [103.1487679, 13.1002621], [103.1487559, 13.1001198], [103.1487518, 13.0999245]]}}, {"type": "Feature", "properties": {"highway": "service"}, "geometry": {"type": "LineString", "coordinates": [[103.1486296, 13.1043175], [103.1485373, 13.1033513], [103.148438, 13.1023377], [103.1484139, 13.1023089], [103.1483495, 13.102292], [103.1480585, 13.1022946], [103.1480169, 13.1022711], [103.1479727, 13.1022332], [103.1479646, 13.1021783], [103.1479029, 13.1015409], [103.1478184, 13.1007859], [103.1478171, 13.100684], [103.1478479, 13.1005795], [103.1479391, 13.1005155], [103.1480612, 13.1004894], [103.148426, 13.1004607], [103.1488202, 13.1004907], [103.1489302, 13.1005613], [103.1490536, 13.1006775], [103.1491059, 13.1008003], [103.1491528, 13.1014678], [103.1491834, 13.1017682]]}}, {"type": "Feature", "properties": {"highway": "track"}, "geometry": {"type": "LineString", "coordinates": [[103.1524157, 13.1070817], [103.1519222, 13.1069433], [103.1518042, 13.1068545], [103.1516339, 13.1066899], [103.1515709, 13.1065945], [103.1515467, 13.1064992], [103.151473, 13.1059676], [103.1514394, 13.1056436], [103.1514153, 13.1056123], [103.1513683, 13.1055914], [103.1512879, 13.1055809], [103.1509647, 13.105611], [103.1509204, 13.1055914], [103.1509003, 13.1055418], [103.1509057, 13.1054882], [103.1509861, 13.1053106], [103.1512436, 13.1049213], [103.1513147, 13.1047724], [103.1513254, 13.1046784], [103.1513254, 13.1045909], [103.1512704, 13.1044615], [103.1510679, 13.1039952], [103.151029, 13.1039116], [103.151021, 13.1038346], [103.1510076, 13.1036204], [103.1509767, 13.103286], [103.1509177, 13.10277], [103.1508614, 13.1021496], [103.1507984, 13.1016389], [103.1507166, 13.1010328], [103.1506522, 13.1004868], [103.1506079, 13.1000584], [103.1506173, 13.1000218], [103.1506495, 13.0999983], [103.150679, 13.0999695], [103.1506978, 13.0998986]]}}, {"type": "Feature", "properties": {"highway": "tertiary_link"}, "geometry": {"type": "LineString", "coordinates": [[103.1980737, 13.0939499], [103.1982654, 13.0938238], [103.1983995, 13.0936592], [103.1985199, 13.093396]]}}, {"type": "Feature", "properties": {"highway": "tertiary"}, "geometry": {"type": "LineString", "coordinates": [[103.1984988, 13.0941976], [103.1984569, 13.0941037], [103.1984547, 13.0940358], [103.1984639, 13.0939792], [103.1984813, 13.0939339], [103.1985089, 13.0939048], [103.1985362, 13.0938893], [103.1985648, 13.0938693], [103.1986459, 13.0938398], [103.1987324, 13.0938411], [103.1988124, 13.0938732], [103.1988748, 13.0939316], [103.1989109, 13.0940082], [103.1989158, 13.0940924], [103.1988887, 13.0941724], [103.1988334, 13.0942372], [103.1987507, 13.09428], [103.1986574, 13.0942874], [103.1985686, 13.0942584], [103.1984988, 13.0941976]]}}, {"type": "Feature", "properties": {"highway": "tertiary"}, "geometry": {"type": "LineString", "coordinates": [[103.1988334, 13.0942372], [103.1986088, 13.0946128], [103.1985066, 13.0948559], [103.1984545, 13.0949302]]}}, {"type": "Feature", "properties": {"highway": "tertiary"}, "geometry": {"type": "LineString", "coordinates": [[103.1984545, 13.0949302], [103.198433, 13.0948505], [103.1984988, 13.0941976]]}}, {"type": "Feature", "properties": {"highway": "tertiary"}, "geometry": {"type": "LineString", "coordinates": [[103.1985089, 13.0939048], [103.1985199, 13.093396], [103.1985205, 13.0933675], [103.1985825, 13.0931814], [103.1986982, 13.0928337], [103.1987278, 13.0927447], [103.1987892, 13.092566], [103.1988558, 13.0923719]]}}, {"type": "Feature", "properties": {"highway": "tertiary"}, "geometry": {"type": "LineString", "coordinates": [[103.1989801, 13.0919867], [103.1990855, 13.0916701]]}}, {"type": "Feature", "properties": {"highway": "residential"}, "geometry": {"type": "LineString", "coordinates": [[103.1934906, 13.1010261], [103.1936245, 13.1010413], [103.1937949, 13.1010635], [103.1939223, 13.1010668], [103.1941865, 13.1010543]]}}, {"type": "Feature", "properties": {"highway": "service"}, "geometry": {"type": "LineString", "coordinates": [[103.1968871, 13.0884319], [103.1967473, 13.0888757]]}}, {"type": "Feature", "properties": {"highway": "service"}, "geometry": {"type": "LineString", "coordinates": [[103.1977672, 13.0871812], [103.197847, 13.0869137]]}}, {"type": "Feature", "properties": {"highway": "service"}, "geometry": {"type": "LineString", "coordinates": [[103.1992014, 13.0879186], [103.199003, 13.0878294], [103.1989494, 13.0877602], [103.198889, 13.0876988], [103.1987099, 13.0876364], [103.1983875, 13.0875525]]}}, {"type": "Feature", "properties": {"highway": "service"}, "geometry": {"type": "LineString", "coordinates": [[103.197649, 13.0875791], [103.1975721, 13.0878007], [103.1975774, 13.0878411], [103.1976271, 13.0878647], [103.1980589, 13.0880118]]}}, {"type": "Feature", "properties": {"highway": "service"}, "geometry": {"type": "LineString", "coordinates": [[103.1971329, 13.0874343], [103.1964228, 13.0872115]]}}, {"type": "Feature", "properties": {"highway": "service"}, "geometry": {"type": "LineString", "coordinates": [[103.1970906, 13.086659], [103.1970064, 13.086948], [103.1969243, 13.0872128]]}}, {"type": "Feature", "properties": {"highway": "service"}, "geometry": {"type": "LineString", "coordinates": [[103.1972502, 13.0870254], [103.1970064, 13.086948], [103.1966682, 13.0868588], [103.1966306, 13.0868275], [103.1966266, 13.0867517], [103.196691, 13.0865701], [103.1967647, 13.0865519], [103.1970906, 13.086659], [103.1972851, 13.086723]]}}, {"type": "Feature", "properties": {"highway": "residential"}, "geometry": {"type": "LineString", "coordinates": [[103.1926424, 13.1041447], [103.1930794, 13.1038124], [103.1933744, 13.1035106], [103.1934522, 13.1034022], [103.1934388, 13.103316], [103.1933489, 13.1031919], [103.1932376, 13.1030391]]}}, {"type": "Feature", "properties": {"highway": "service"}, "geometry": {"type": "LineString", "coordinates": [[103.1728217, 13.0915359], [103.1727362, 13.091577], [103.1726812, 13.091645], [103.1726597, 13.0917429], [103.1726661, 13.0918256], [103.1726839, 13.0919049], [103.1727241, 13.0919506], [103.1727777, 13.0919663], [103.172828, 13.0919591]]}}, {"type": "Feature", "properties": {"highway": "residential"}, "geometry": {"type": "LineString", "coordinates": [[103.208048, 13.0830814], [103.2079375, 13.0828642], [103.207908, 13.0827545], [103.2078946, 13.0826395], [103.2077846, 13.0819028]]}}, {"type": "Feature", "properties": {"highway": "residential"}, "geometry": {"type": "LineString", "coordinates": [[103.1829124, 13.0711782], [103.1828524, 13.0711568], [103.1820431, 13.0710803], [103.1820431, 13.0711734], [103.1828353, 13.0712333], [103.1828695, 13.0712542]]}}, {"type": "Feature", "properties": {"highway": "residential"}, "geometry": {"type": "LineString", "coordinates": [[103.1820431, 13.0710803], [103.1820615, 13.0708246], [103.1821011, 13.0702753], [103.1811235, 13.0702385], [103.1810675, 13.0702364], [103.1798516, 13.0701907], [103.1793856, 13.0701732], [103.1791815, 13.0701655]]}}, {"type": "Feature", "properties": {"highway": "residential"}, "geometry": {"type": "LineString", "coordinates": [[103.1820615, 13.0708246], [103.181103, 13.0707811], [103.1800932, 13.0707352], [103.1793605, 13.0707019], [103.1790323, 13.070687], [103.1783669, 13.0706567]]}}, {"type": "Feature", "properties": {"highway": "residential"}, "geometry": {"type": "LineString", "coordinates": [[103.1820431, 13.0711734], [103.1820355, 13.071253], [103.1810867, 13.0712102], [103.1800841, 13.071165], [103.1800932, 13.0707352]]}}, {"type": "Feature", "properties": {"highway": "residential"}, "geometry": {"type": "LineString", "coordinates": [[103.1811235, 13.0702385], [103.181103, 13.0707811], [103.1810867, 13.0712102], [103.1810701, 13.0716492]]}}, {"type": "Feature", "properties": {"highway": "residential"}, "geometry": {"type": "LineString", "coordinates": [[103.1793605, 13.0707019], [103.1793856, 13.0701732]]}}, {"type": "Feature", "properties": {"highway": "residential"}, "geometry": {"type": "LineString", "coordinates": [[103.1790323, 13.070687], [103.1789996, 13.0711409], [103.1783752, 13.0711089]]}}, {"type": "Feature", "properties": {"highway": "residential"}, "geometry": {"type": "LineString", "coordinates": [[103.1819072, 13.0696697], [103.1819398, 13.0688932]]}}, {"type": "Feature", "properties": {"highway": "residential"}, "geometry": {"type": "LineString", "coordinates": [[103.1806345, 13.0688323], [103.1819398, 13.0688932], [103.182533, 13.0689208]]}}, {"type": "Feature", "properties": {"highway": "residential"}, "geometry": {"type": "LineString", "coordinates": [[103.1806154, 13.0692688], [103.1815742, 13.069306], [103.1815839, 13.0696242]]}}, {"type": "Feature", "properties": {"highway": "service"}, "geometry": {"type": "LineString", "coordinates": [[103.1878675, 13.0934225], [103.187837, 13.0930257]]}}, {"type": "Feature", "properties": {"highway": "path"}, "geometry": {"type": "LineString", "coordinates": [[103.18525, 13.0924409], [103.1852701, 13.0925025], [103.1852923, 13.0925384], [103.1853258, 13.0925744], [103.1853352, 13.0926011], [103.1853218, 13.0926508], [103.1852949, 13.0926651], [103.1852306, 13.0926789], [103.1852245, 13.0926919], [103.1852239, 13.0928121], [103.1851923, 13.0929817]]}}, {"type": "Feature", "properties": {"highway": "residential"}, "geometry": {"type": "LineString", "coordinates": [[103.1905353, 13.1004672], [103.1905291, 13.1000412]]}}, {"type": "Feature", "properties": {"highway": "residential"}, "geometry": {"type": "LineString", "coordinates": [[103.1903167, 13.1004594], [103.1905353, 13.1004672], [103.1907338, 13.1004764]]}}, {"type": "Feature", "properties": {"highway": "residential"}, "geometry": {"type": "LineString", "coordinates": [[103.1911026, 13.0995581], [103.1911911, 13.0999929]]}}, {"type": "Feature", "properties": {"highway": "residential"}, "geometry": {"type": "LineString", "coordinates": [[103.2038364, 13.0675814], [103.2037331, 13.0677852], [103.2036419, 13.067942], [103.2035038, 13.0681026], [103.203481, 13.0681085], [103.2034508, 13.0681105], [103.2034233, 13.0681275], [103.2033294, 13.0682333], [103.2032999, 13.0682411], [103.2032637, 13.0682346], [103.202738, 13.0679132], [103.2024805, 13.067763], [103.2022462, 13.0676754]]}}, {"type": "Feature", "properties": {"highway": "service"}, "geometry": {"type": "LineString", "coordinates": [[103.196646, 13.1072588], [103.1968262, 13.1072162], [103.1968538, 13.1072212], [103.1968599, 13.1072471], [103.1968906, 13.1074441]]}}, {"type": "Feature", "properties": {"highway": "residential"}, "geometry": {"type": "LineString", "coordinates": [[103.2105339, 13.1053302], [103.2105888, 13.1053302], [103.2106666, 13.1053171], [103.2107981, 13.1052805], [103.2109325, 13.1052482]]}}, {"type": "Feature", "properties": {"highway": "residential"}, "geometry": {"type": "LineString", "coordinates": [[103.2095495, 13.1049892], [103.209803, 13.1050297], [103.2099454, 13.1050435]]}}, {"type": "Feature", "properties": {"highway": "service"}, "geometry": {"type": "LineString", "coordinates": [[103.209976, 13.1040383], [103.2102871, 13.1040201], [103.2105269, 13.1040101]]}}, {"type": "Feature", "properties": {"highway": "service"}, "geometry": {"type": "LineString", "coordinates": [[103.2069113, 13.0906594], [103.2066929, 13.0900827]]}}, {"type": "Feature", "properties": {"highway": "residential"}, "geometry": {"type": "LineString", "coordinates": [[103.2038069, 13.0879509], [103.2036285, 13.0879875], [103.2035226, 13.0880044], [103.203477, 13.0880397], [103.2034662, 13.088088], [103.2034472, 13.0882551]]}}, {"type": "Feature", "properties": {"highway": "service"}, "geometry": {"type": "LineString", "coordinates": [[103.2056066, 13.1307849], [103.2057729, 13.1307405], [103.2060519, 13.1306673]]}}, {"type": "Feature", "properties": {"highway": "residential"}, "geometry": {"type": "LineString", "coordinates": [[103.2056778, 13.1309814], [103.2059553, 13.1309181], [103.2061055, 13.1308737], [103.2061994, 13.1308345], [103.2063389, 13.1308084], [103.2066366, 13.1307562]]}}, {"type": "Feature", "properties": {"highway": "residential"}, "geometry": {"type": "LineString", "coordinates": [[103.2039034, 13.1309965], [103.2042628, 13.1309442], [103.2045472, 13.1308868]]}}, {"type": "Feature", "properties": {"highway": "service"}, "geometry": {"type": "LineString", "coordinates": [[103.2043201, 13.1293567], [103.2046705, 13.1292751]]}}, {"type": "Feature", "properties": {"highway": "residential"}, "geometry": {"type": "LineString", "coordinates": [[103.2026346, 13.1305148], [103.2026643, 13.1303252], [103.2026884, 13.1294135], [103.2027152, 13.1293717], [103.2027554, 13.1293717], [103.2032141, 13.1293561]]}}, {"type": "Feature", "properties": {"highway": "service"}, "geometry": {"type": "LineString", "coordinates": [[103.2050698, 13.1281931], [103.2050541, 13.1280474], [103.2050407, 13.1277418], [103.2050434, 13.1276112]]}}, {"type": "Feature", "properties": {"highway": "residential"}, "geometry": {"type": "LineString", "coordinates": [[103.2058538, 13.1280788], [103.2059392, 13.1283791], [103.2060814, 13.1287788]]}}, {"type": "Feature", "properties": {"highway": "residential"}, "geometry": {"type": "LineString", "coordinates": [[103.2051147, 13.1281866], [103.2051453, 13.1284444], [103.2051587, 13.1287892], [103.2052043, 13.1290322], [103.2053599, 13.1294606], [103.2054541, 13.1297754]]}}, {"type": "Feature", "properties": {"highway": "residential"}, "geometry": {"type": "LineString", "coordinates": [[103.2016804, 13.1314771], [103.1996133, 13.1317696], [103.1986008, 13.1318741], [103.1974886, 13.1321361]]}}, {"type": "Feature", "properties": {"highway": "residential"}, "geometry": {"type": "LineString", "coordinates": [[103.1996133, 13.1317696], [103.1997528, 13.130138]]}}, {"type": "Feature", "properties": {"highway": "service"}, "geometry": {"type": "LineString", "coordinates": [[103.1949408, 13.1410089], [103.1955355, 13.1409915], [103.1958224, 13.1410446]]}}, {"type": "Feature", "properties": {"highway": "residential"}, "geometry": {"type": "LineString", "coordinates": [[103.1946456, 13.1421133], [103.19683, 13.1420142]]}}, {"type": "Feature", "properties": {"highway": "residential"}, "geometry": {"type": "LineString", "coordinates": [[103.1945276, 13.142555], [103.1967968, 13.1424598]]}}, {"type": "Feature", "properties": {"highway": "residential"}, "geometry": {"type": "LineString", "coordinates": [[103.1953872, 13.1446284], [103.1953268, 13.1434577], [103.1953025, 13.1429861], [103.195293, 13.1428018]]}}, {"type": "Feature", "properties": {"highway": "residential"}, "geometry": {"type": "LineString", "coordinates": [[103.1953025, 13.1429861], [103.1959748, 13.1429534], [103.1969099, 13.142908]]}}, {"type": "Feature", "properties": {"highway": "residential"}, "geometry": {"type": "LineString", "coordinates": [[103.1959748, 13.1429534], [103.1959853, 13.1434252], [103.1953268, 13.1434577]]}}, {"type": "Feature", "properties": {"highway": "service"}, "geometry": {"type": "LineString", "coordinates": [[103.2083964, 13.0975082], [103.2085705, 13.0974629], [103.2086912, 13.0974473], [103.2088119, 13.0974551], [103.2089017, 13.0974825]]}}, {"type": "Feature", "properties": {"highway": "residential"}, "geometry": {"type": "LineString", "coordinates": [[103.2080124, 13.094873], [103.2083438, 13.094891], [103.2086161, 13.094904], [103.208899, 13.0949027], [103.2090828, 13.0948727]]}}, {"type": "Feature", "properties": {"highway": "residential"}, "geometry": {"type": "LineString", "coordinates": [[103.2135248, 13.0946416], [103.2135393, 13.0945723], [103.2135366, 13.0945344], [103.2134803, 13.0943711], [103.2132751, 13.0937702]]}}, {"type": "Feature", "properties": {"highway": "residential"}, "geometry": {"type": "LineString", "coordinates": [[103.2107856, 13.0942654], [103.2117355, 13.0939413], [103.2118079, 13.0939218], [103.2120413, 13.0939048], [103.2123551, 13.0939596], [103.212457, 13.0939936], [103.212575, 13.093991], [103.2132751, 13.0937702], [103.2137842, 13.0936202]]}}, {"type": "Feature", "properties": {"highway": "service"}, "geometry": {"type": "LineString", "coordinates": [[103.1929511, 13.1055325], [103.1924128, 13.1056416]]}}, {"type": "Feature", "properties": {"highway": "service"}, "geometry": {"type": "LineString", "coordinates": [[103.1926945, 13.108465], [103.1926851, 13.1082547], [103.192665, 13.1078132], [103.1926629, 13.1077244]]}}, {"type": "Feature", "properties": {"highway": "service"}, "geometry": {"type": "LineString", "coordinates": [[103.1851829, 13.1063934], [103.1852648, 13.1059571]]}}, {"type": "Feature", "properties": {"highway": "residential"}, "geometry": {"type": "LineString", "coordinates": [[103.18801, 13.1074057], [103.1877485, 13.107403], [103.1875581, 13.1074239], [103.1874776, 13.1074396]]}}, {"type": "Feature", "properties": {"highway": "residential"}, "geometry": {"type": "LineString", "coordinates": [[103.1840644, 13.1071667], [103.1841114, 13.1075101]]}}, {"type": "Feature", "properties": {"highway": "residential"}, "geometry": {"type": "LineString", "coordinates": [[103.1852491, 13.1073574], [103.1848222, 13.1073142]]}}, {"type": "Feature", "properties": {"highway": "residential"}, "geometry": {"type": "LineString", "coordinates": [[103.2047607, 13.1077522], [103.2045351, 13.1076486], [103.2044922, 13.1076303], [103.2044721, 13.1075715], [103.2044613, 13.1075297]]}}, {"type": "Feature", "properties": {"highway": "residential"}, "geometry": {"type": "LineString", "coordinates": [[103.2027929, 13.107574], [103.2029003, 13.107535], [103.2030532, 13.1075049], [103.2031283, 13.107531], [103.2031766, 13.107595], [103.2032262, 13.1076264], [103.2033616, 13.1076029], [103.2034837, 13.1075454], [103.2036231, 13.1075271], [103.2036848, 13.1075454], [103.2037532, 13.1076303]]}}, {"type": "Feature", "properties": {"highway": "service"}, "geometry": {"type": "LineString", "coordinates": [[103.1564323, 13.0391889], [103.1565745, 13.0393386], [103.1566094, 13.0393556], [103.1566563, 13.0393386], [103.1566831, 13.0392915], [103.1566764, 13.0390308]]}}, {"type": "Feature", "properties": {"highway": "service"}, "geometry": {"type": "LineString", "coordinates": [[103.153545, 13.0373775], [103.1536911, 13.036766]]}}, {"type": "Feature", "properties": {"highway": "residential"}, "geometry": {"type": "LineString", "coordinates": [[103.1532975, 13.0372712], [103.1531547, 13.0375512], [103.1530689, 13.0376897], [103.1529777, 13.0377956], [103.15292, 13.0378975], [103.1528127, 13.0381731]]}}, {"type": "Feature", "properties": {"highway": "service"}, "geometry": {"type": "LineString", "coordinates": [[103.155796, 13.0375417], [103.155908, 13.0386762], [103.1559026, 13.0387232], [103.1558785, 13.0387454], [103.155684, 13.038782]]}}, {"type": "Feature", "properties": {"highway": "residential"}, "geometry": {"type": "LineString", "coordinates": [[103.1551262, 13.0400318], [103.1552348, 13.0401029], [103.1553648, 13.0401565], [103.1560341, 13.0404151], [103.1564136, 13.0405353]]}}, {"type": "Feature", "properties": {"highway": "residential"}, "geometry": {"type": "LineString", "coordinates": [[103.1537367, 13.041233], [103.1543805, 13.0414316], [103.1549303, 13.0416106], [103.1552911, 13.0417439], [103.1555767, 13.0418236]]}}, {"type": "Feature", "properties": {"highway": "service"}, "geometry": {"type": "LineString", "coordinates": [[103.188352, 13.0937441], [103.188661, 13.0937581]]}}, {"type": "Feature", "properties": {"highway": "residential"}, "geometry": {"type": "LineString", "coordinates": [[103.1863202, 13.092319], [103.1863135, 13.0925581]]}}, {"type": "Feature", "properties": {"highway": "service"}, "geometry": {"type": "LineString", "coordinates": [[103.1987483, 13.1023551], [103.1986512, 13.1018129]]}}, {"type": "Feature", "properties": {"highway": "service"}, "geometry": {"type": "LineString", "coordinates": [[103.203053, 13.103086], [103.2036501, 13.1029849], [103.2039404, 13.102934], [103.2042979, 13.1028994], [103.2043714, 13.103368]]}}, {"type": "Feature", "properties": {"highway": "residential"}, "geometry": {"type": "LineString", "coordinates": [[103.2006912, 13.101699], [103.2012193, 13.101608], [103.2023518, 13.1014128], [103.2024873, 13.1013527]]}}, {"type": "Feature", "properties": {"highway": "residential"}, "geometry": {"type": "LineString", "coordinates": [[103.2024873, 13.1013527], [103.2025865, 13.1016924], [103.2026294, 13.1017264], [103.2026964, 13.1017264], [103.20285, 13.1016974]]}}, {"type": "Feature", "properties": {"highway": "residential"}, "geometry": {"type": "LineString", "coordinates": [[103.2021076, 13.1026037], [103.2023799, 13.102612], [103.2026321, 13.1025571], [103.2029409, 13.102479]]}}, {"type": "Feature", "properties": {"highway": "residential"}, "geometry": {"type": "LineString", "coordinates": [[103.203053, 13.103086], [103.2030062, 13.1028877], [103.2029479, 13.1026405], [103.2029384, 13.1025733], [103.2029409, 13.102479], [103.2029273, 13.1022169], [103.2029187, 13.1020278], [103.202889, 13.1018701], [103.20285, 13.1016974]]}}, {"type": "Feature", "properties": {"highway": "residential"}, "geometry": {"type": "LineString", "coordinates": [[103.2009248, 13.1028157], [103.2014076, 13.1026786], [103.2016906, 13.102625], [103.2021076, 13.1026037]]}}, {"type": "Feature", "properties": {"highway": "track"}, "geometry": {"type": "LineString", "coordinates": [[103.144058, 13.0484599], [103.1440919, 13.0485022]]}}, {"type": "Feature", "properties": {"highway": "track"}, "geometry": {"type": "LineString", "coordinates": [[103.1439715, 13.0483606], [103.144058, 13.0484599]]}}, {"type": "Feature", "properties": {"highway": "track"}, "geometry": {"type": "LineString", "coordinates": [[103.1439373, 13.0483221], [103.1439715, 13.0483606]]}}, {"type": "Feature", "properties": {"highway": "track"}, "geometry": {"type": "LineString", "coordinates": [[103.1493285, 13.0439806], [103.1492937, 13.0439401]]}}, {"type": "Feature", "properties": {"highway": "track"}, "geometry": {"type": "LineString", "coordinates": [[103.1494264, 13.0440642], [103.1493285, 13.0439806]]}}, {"type": "Feature", "properties": {"highway": "track"}, "geometry": {"type": "LineString", "coordinates": [[103.1515206, 13.045482], [103.1514448, 13.0452884], [103.1513831, 13.0451473], [103.1513576, 13.045095], [103.1512611, 13.0450127], [103.1510733, 13.0449265], [103.1509338, 13.0448481], [103.1507783, 13.0446796], [103.1506053, 13.0445045], [103.1504993, 13.0444118], [103.1503518, 13.0443713], [103.1497523, 13.0442158], [103.1495512, 13.0441439], [103.1494635, 13.0440953], [103.1494264, 13.0440642]]}}, {"type": "Feature", "properties": {"highway": "track"}, "geometry": {"type": "LineString", "coordinates": [[103.14247662512602, 13.048415870696392], [103.1428537, 13.0486265], [103.1430642, 13.0486853], [103.1432252, 13.0486931], [103.1434317, 13.0486827], [103.1436221, 13.0485873], [103.1439373, 13.0483221], [103.1447098, 13.0476832], [103.1455439, 13.0469986], [103.1461917, 13.0464891], [103.1468207, 13.0459586], [103.1474054, 13.0454857], [103.1480129, 13.0449775], [103.1485869, 13.0445163], [103.1492937, 13.0439401], [103.1500192, 13.0433574], [103.1508467, 13.0426832], [103.1517573, 13.0419202], [103.1526008, 13.0412435], [103.1530233, 13.0408986], [103.1533653, 13.0405941], [103.153443, 13.040504], [103.1535369, 13.0403603], [103.1537113, 13.0399108], [103.1539325, 13.0392876], [103.1541055, 13.0386631], [103.1542222, 13.0381914], [103.1543637, 13.037654], [103.1544837, 13.0374833], [103.1546018, 13.0372246], [103.1547761, 13.0367229], [103.1550175, 13.036037], [103.1553353, 13.0350518], [103.1554091, 13.0348376], [103.1554762, 13.0345985], [103.1555901, 13.0343149], [103.155861, 13.0334709], [103.15591293979418, 13.03332494614642]]}}, {"type": "Feature", "properties": {"highway": "track"}, "geometry": {"type": "LineString", "coordinates": [[103.15615265588607, 13.0334551809698], [103.1560153, 13.033889], [103.1555191, 13.0353053], [103.1550282, 13.0368183], [103.1547164, 13.0376593], [103.1543738, 13.0387023], [103.1539285, 13.0400585], [103.1538159, 13.0403668], [103.1536898, 13.0405889], [103.1535181, 13.0407744], [103.1526035, 13.0415218], [103.1515172, 13.0424233], [103.1501734, 13.0435077], [103.1494635, 13.0440953], [103.1487465, 13.0446887], [103.1472337, 13.0459273], [103.1459704, 13.0469281], [103.1448439, 13.0478713], [103.1440919, 13.0485022], [103.1438971, 13.0486657], [103.1436476, 13.0488616], [103.1433928, 13.04894], [103.1431541, 13.0489244], [103.1427786, 13.0488277], [103.14245636307234, 13.048642661397986]]}}, {"type": "Feature", "properties": {"highway": "residential"}, "geometry": {"type": "LineString", "coordinates": [[103.1574583, 13.0355601], [103.1573524, 13.0355379], [103.1571901, 13.03553], [103.1565168, 13.0354621]]}}, {"type": "Feature", "properties": {"highway": "service"}, "geometry": {"type": "LineString", "coordinates": [[103.1560682, 13.0374738], [103.1560166, 13.036962], [103.1559992, 13.0369319], [103.1559522, 13.0369215], [103.1557041, 13.0369633]]}}, {"type": "Feature", "properties": {"highway": "track"}, "geometry": {"type": "LineString", "coordinates": [[103.1559324, 13.0457273], [103.1558999, 13.045436], [103.1558208, 13.0448873], [103.1558061, 13.0447593], [103.1558155, 13.0446221], [103.1558436, 13.0443125], [103.1558584, 13.0441086], [103.155849, 13.0440067], [103.1558222, 13.0438513], [103.1557564, 13.0435325], [103.1557162, 13.0432607], [103.1556988, 13.0430373], [103.1556988, 13.0429707], [103.1557145, 13.0428921]]}}, {"type": "Feature", "properties": {"highway": "track"}, "geometry": {"type": "LineString", "coordinates": [[103.1533639, 13.0420358], [103.153958, 13.042273], [103.154469, 13.0424533], [103.1552026, 13.0427185], [103.1557145, 13.0428921], [103.1562392, 13.04307], [103.1569554, 13.0432829], [103.157355, 13.0434084], [103.1573953, 13.0433966], [103.1574248, 13.0433456], [103.1574637, 13.0429054], [103.1574757, 13.0428518], [103.1575146, 13.0428296], [103.157575, 13.0428361], [103.1586707, 13.0430661], [103.1592152, 13.0431444], [103.1595504, 13.0432542], [103.1601727, 13.0434789], [103.1608298, 13.0437245], [103.161137, 13.0438134], [103.1614575, 13.0438813], [103.1616975, 13.0439545], [103.1618397, 13.0439884], [103.1620246, 13.0439797]]}}, {"type": "Feature", "properties": {"highway": "residential"}, "geometry": {"type": "LineString", "coordinates": [[103.1572408, 13.0377745], [103.1564797, 13.0374723], [103.1562647, 13.0374611], [103.1560682, 13.0374738], [103.155796, 13.0375417], [103.155389, 13.0375552], [103.1550336, 13.0375682], [103.1548673, 13.0376061], [103.1547164, 13.0376593], [103.1545943, 13.0376711]]}}, {"type": "Feature", "properties": {"highway": "residential"}, "geometry": {"type": "LineString", "coordinates": [[103.1448512, 13.0379768], [103.14480756097883, 13.037987462074359]]}}, {"type": "Feature", "properties": {"highway": "track"}, "geometry": {"type": "LineString", "coordinates": [[103.15474669105429, 13.118294213840107], [103.1557272, 13.1182542], [103.1585501, 13.1181171]]}}, {"type": "Feature", "properties": {"highway": "residential"}, "geometry": {"type": "LineString", "coordinates": [[103.1636516, 13.1226613], [103.1634291, 13.1179069]]}}, {"type": "Feature", "properties": {"highway": "residential"}, "geometry": {"type": "LineString", "coordinates": [[103.1644537, 13.1242725], [103.1640169, 13.1242957], [103.1637692, 13.1243088], [103.1627813, 13.1243612]]}}, {"type": "Feature", "properties": {"highway": "residential"}, "geometry": {"type": "LineString", "coordinates": [[103.1637493, 13.1238538], [103.1627673, 13.123895]]}}, {"type": "Feature", "properties": {"highway": "residential"}, "geometry": {"type": "LineString", "coordinates": [[103.1651705, 13.1163465], [103.1646933, 13.1163357], [103.1642289, 13.1163253], [103.164312, 13.1157428], [103.164771, 13.1157579], [103.1652233, 13.1157728]]}}, {"type": "Feature", "properties": {"highway": "residential"}, "geometry": {"type": "LineString", "coordinates": [[103.1646933, 13.1163357], [103.164771, 13.1157579]]}}, {"type": "Feature", "properties": {"highway": "residential"}, "geometry": {"type": "LineString", "coordinates": [[103.1656664, 13.1145497], [103.1656834, 13.1140315], [103.1657007, 13.1135067]]}}, {"type": "Feature", "properties": {"highway": "residential"}, "geometry": {"type": "LineString", "coordinates": [[103.170197, 13.136433], [103.1702513, 13.137502], [103.1703365, 13.1391796], [103.1704305, 13.1410314]]}}, {"type": "Feature", "properties": {"highway": "residential"}, "geometry": {"type": "LineString", "coordinates": [[103.1706455, 13.1364144], [103.1707029, 13.1374776], [103.1707934, 13.1391566], [103.1708929, 13.1409996]]}}, {"type": "Feature", "properties": {"highway": "residential"}, "geometry": {"type": "LineString", "coordinates": [[103.1702513, 13.137502], [103.1707029, 13.1374776], [103.1714206, 13.1374387], [103.1715077, 13.1391205], [103.1716027, 13.1409541]]}}, {"type": "Feature", "properties": {"highway": "residential"}, "geometry": {"type": "LineString", "coordinates": [[103.1715077, 13.1391205], [103.1707934, 13.1391566], [103.1703365, 13.1391796]]}}, {"type": "Feature", "properties": {"highway": "service"}, "geometry": {"type": "LineString", "coordinates": [[103.213325, 13.0924676], [103.21343, 13.0924705], [103.2135037, 13.0924548], [103.2135513, 13.0924477], [103.2135835, 13.092462], [103.2137679, 13.0925861]]}}, {"type": "Feature", "properties": {"highway": "service"}, "geometry": {"type": "LineString", "coordinates": [[103.2126279, 13.0902031], [103.2129733, 13.0900931]]}}, {"type": "Feature", "properties": {"highway": "service"}, "geometry": {"type": "LineString", "coordinates": [[103.2141347, 13.0897875], [103.2147302, 13.0896046]]}}, {"type": "Feature", "properties": {"highway": "residential"}, "geometry": {"type": "LineString", "coordinates": [[103.1920561, 13.092656], [103.1921004, 13.0925868], [103.1921379, 13.0924431], [103.1921554, 13.0922223], [103.1921513, 13.0919924]]}}, {"type": "Feature", "properties": {"highway": "service"}, "geometry": {"type": "LineString", "coordinates": [[103.1917007, 13.0917378], [103.1917664, 13.0918396], [103.191855, 13.0921322]]}}, {"type": "Feature", "properties": {"highway": "residential"}, "geometry": {"type": "LineString", "coordinates": [[103.1923243, 13.0901971], [103.1923699, 13.0907502]]}}, {"type": "Feature", "properties": {"highway": "service"}, "geometry": {"type": "LineString", "coordinates": [[103.1397595, 13.0520245], [103.1398579, 13.0518371], [103.1399642, 13.0516387]]}}, {"type": "Feature", "properties": {"highway": "residential"}, "geometry": {"type": "LineString", "coordinates": [[103.1395307, 13.0513247], [103.1394315, 13.0515453], [103.1394119, 13.0516369], [103.1394184, 13.0517264], [103.1394075, 13.0517626], [103.1393507, 13.0518712], [103.139362, 13.0519051], [103.1394484, 13.051981]]}}, {"type": "Feature", "properties": {"highway": "service"}, "geometry": {"type": "LineString", "coordinates": [[103.1406493, 13.0527061], [103.1407346, 13.0525761], [103.1407914, 13.0524867], [103.1408871, 13.0523127]]}}, {"type": "Feature", "properties": {"highway": "service"}, "geometry": {"type": "LineString", "coordinates": [[103.1407342, 13.052201], [103.1408264, 13.0520693], [103.1408723, 13.0520543], [103.1409226, 13.0520416], [103.1409838, 13.0520416], [103.1410297, 13.0520735], [103.1410603, 13.0521204], [103.1410647, 13.0521821], [103.1409557, 13.0523628]]}}, {"type": "Feature", "properties": {"highway": "residential"}, "geometry": {"type": "LineString", "coordinates": [[103.1398743, 13.051573], [103.1399737, 13.0514154], [103.1400226001539, 13.051247999915606]]}}, {"type": "Feature", "properties": {"highway": "service"}, "geometry": {"type": "LineString", "coordinates": [[103.14122727112199, 13.05209621361183], [103.1410105, 13.0524028]]}}, {"type": "Feature", "properties": {"highway": "service"}, "geometry": {"type": "LineString", "coordinates": [[103.161082, 13.0812131], [103.1611276, 13.081004], [103.1611329, 13.080829], [103.1611651, 13.0806513]]}}, {"type": "Feature", "properties": {"highway": "residential"}, "geometry": {"type": "LineString", "coordinates": [[103.1600535, 13.0813373], [103.1601083, 13.0812392], [103.160111, 13.0811686], [103.1601163, 13.0810298], [103.1601351, 13.0809126], [103.1602049, 13.0808003]]}}, {"type": "Feature", "properties": {"highway": "residential"}, "geometry": {"type": "LineString", "coordinates": [[103.1619242, 13.0808186], [103.1618759, 13.0804162], [103.1618571, 13.080249], [103.1618598, 13.0799982], [103.1619108, 13.0797892], [103.1619376, 13.0796925], [103.1619993, 13.0796664], [103.1621388, 13.0796612], [103.1624799, 13.0796495]]}}, {"type": "Feature", "properties": {"highway": "residential"}, "geometry": {"type": "LineString", "coordinates": [[103.164808, 13.0772081], [103.1642631, 13.0771896]]}}, {"type": "Feature", "properties": {"highway": "residential"}, "geometry": {"type": "LineString", "coordinates": [[103.1581411, 13.0865987], [103.1581745, 13.0859601], [103.1582335, 13.0858556], [103.1583756, 13.0856362]]}}, {"type": "Feature", "properties": {"highway": "service"}, "geometry": {"type": "LineString", "coordinates": [[103.1572658, 13.0869702], [103.157005, 13.0869921], [103.1569755, 13.0870077], [103.1569594, 13.0870574], [103.1569621, 13.0874153], [103.1569728, 13.0874754], [103.1570238, 13.0874832], [103.1572961, 13.0874386]]}}, {"type": "Feature", "properties": {"highway": "service"}, "geometry": {"type": "LineString", "coordinates": [[103.1572062, 13.0840974], [103.157241, 13.0846434], [103.1572545, 13.0846695], [103.1572974, 13.08468], [103.15753, 13.0846839]]}}, {"type": "Feature", "properties": {"highway": "service"}, "geometry": {"type": "LineString", "coordinates": [[103.1569326, 13.0847766], [103.1575186, 13.0847633]]}}, {"type": "Feature", "properties": {"highway": "residential"}, "geometry": {"type": "LineString", "coordinates": [[103.1568682, 13.0850431], [103.1569192, 13.0855682], [103.156946, 13.0855996], [103.1569755, 13.0856074], [103.1571552, 13.085644], [103.1573905, 13.085651]]}}, {"type": "Feature", "properties": {"highway": "residential"}, "geometry": {"type": "LineString", "coordinates": [[103.1978222, 13.1202554], [103.19801, 13.1202808], [103.1981823, 13.1203102], [103.1983218, 13.1203259], [103.1985645, 13.1203834]]}}, {"type": "Feature", "properties": {"highway": "service"}, "geometry": {"type": "LineString", "coordinates": [[103.1949261, 13.1187455], [103.19491, 13.1178654]]}}, {"type": "Feature", "properties": {"highway": "residential"}, "geometry": {"type": "LineString", "coordinates": [[103.2207464, 13.0962795], [103.2206515, 13.0963308], [103.2200408, 13.0964883]]}}, {"type": "Feature", "properties": {"highway": "residential"}, "geometry": {"type": "LineString", "coordinates": [[103.1948832, 13.1010759], [103.195412, 13.1009978], [103.1954787, 13.1009879]]}}, {"type": "Feature", "properties": {"highway": "track"}, "geometry": {"type": "LineString", "coordinates": [[103.1946554, 13.100674], [103.1945546, 13.1006958], [103.194454, 13.1006971], [103.194391, 13.100688], [103.1942998, 13.1006814]]}}, {"type": "Feature", "properties": {"highway": "residential"}, "geometry": {"type": "LineString", "coordinates": [[103.2163161, 13.0963985], [103.2170883, 13.0962066], [103.2179995, 13.0959641], [103.2180989, 13.0959377], [103.2182345, 13.0959569]]}}, {"type": "Feature", "properties": {"highway": "residential"}, "geometry": {"type": "LineString", "coordinates": [[103.2182345, 13.0959569], [103.2181218, 13.0960274], [103.2180226, 13.0960536], [103.2171201, 13.0962994], [103.2163464, 13.0965002]]}}, {"type": "Feature", "properties": {"highway": "residential"}, "geometry": {"type": "LineString", "coordinates": [[103.2191877, 13.0957089], [103.219293, 13.0957135], [103.2200246, 13.0960129], [103.2207464, 13.0962795], [103.2215503, 13.0965941], [103.2223259, 13.0968745], [103.2228962, 13.0970854], [103.2229303, 13.0971142]]}}, {"type": "Feature", "properties": {"highway": "residential"}, "geometry": {"type": "LineString", "coordinates": [[103.2236237, 13.0997325], [103.2235694, 13.0997658], [103.2229739, 13.0999173]]}}, {"type": "Feature", "properties": {"highway": "residential"}, "geometry": {"type": "LineString", "coordinates": [[103.2229303, 13.0971142], [103.2236394, 13.0973829], [103.22402, 13.097523]]}}, {"type": "Feature", "properties": {"highway": "residential"}, "geometry": {"type": "LineString", "coordinates": [[103.2236237, 13.0997325], [103.2235882, 13.099722], [103.2235687, 13.0996939], [103.2234736, 13.0993154], [103.2233495, 13.0988556], [103.2232395, 13.0984544], [103.2231209, 13.0980208], [103.2229987, 13.0975477], [103.2229009, 13.0972372]]}}, {"type": "Feature", "properties": {"highway": "service"}, "geometry": {"type": "LineString", "coordinates": [[103.2193031, 13.1007393], [103.2194871, 13.1006658], [103.2195675, 13.1005404], [103.2195675, 13.1003941]]}}, {"type": "Feature", "properties": {"highway": "residential"}, "geometry": {"type": "LineString", "coordinates": [[103.2230709, 13.1019356], [103.2229364, 13.1014808], [103.2228398, 13.10088], [103.2228452, 13.1004777], [103.2229096, 13.1002112]]}}, {"type": "Feature", "properties": {"highway": "service"}, "geometry": {"type": "LineString", "coordinates": [[103.215788, 13.1022424], [103.216029, 13.1021856]]}}, {"type": "Feature", "properties": {"highway": "service"}, "geometry": {"type": "LineString", "coordinates": [[103.2174547, 13.1028805], [103.2173842, 13.102612], [103.2173359, 13.1023795], [103.217344, 13.1023246], [103.2174218, 13.1022881]]}}, {"type": "Feature", "properties": {"highway": "service"}, "geometry": {"type": "LineString", "coordinates": [[103.2083305, 13.0924075], [103.2084612, 13.0924215]]}}, {"type": "Feature", "properties": {"highway": "residential"}, "geometry": {"type": "LineString", "coordinates": [[103.2099777, 13.1002987], [103.2101771, 13.1002582], [103.2103541, 13.1002047], [103.2105996, 13.1001642], [103.2108182, 13.1001433], [103.2109483, 13.100138], [103.2109992, 13.1001563], [103.2110891, 13.1003261]]}}, {"type": "Feature", "properties": {"highway": "service"}, "geometry": {"type": "LineString", "coordinates": [[103.2117704, 13.1003706], [103.2122987, 13.1002386]]}}, {"type": "Feature", "properties": {"highway": "service"}, "geometry": {"type": "LineString", "coordinates": [[103.2110408, 13.0980403], [103.2117299, 13.0979558]]}}, {"type": "Feature", "properties": {"highway": "service"}, "geometry": {"type": "LineString", "coordinates": [[103.2110371, 13.0991057], [103.2110354, 13.0990173], [103.2110274, 13.0986594]]}}, {"type": "Feature", "properties": {"highway": "service"}, "geometry": {"type": "LineString", "coordinates": [[103.2126845, 13.1016483], [103.2132255, 13.1016154]]}}, {"type": "Feature", "properties": {"highway": "residential"}, "geometry": {"type": "LineString", "coordinates": [[103.2138759, 13.1018309], [103.2142326, 13.1018596], [103.2147802, 13.1018682]]}}, {"type": "Feature", "properties": {"highway": "residential"}, "geometry": {"type": "LineString", "coordinates": [[103.2184035, 13.1002125], [103.2182655, 13.099763]]}}, {"type": "Feature", "properties": {"highway": "service"}, "geometry": {"type": "LineString", "coordinates": [[103.2074477, 13.0990008], [103.2077631, 13.0990356], [103.2078463, 13.0990382]]}}, {"type": "Feature", "properties": {"highway": "residential"}, "geometry": {"type": "LineString", "coordinates": [[103.2139293, 13.1061796], [103.2143453, 13.1062183], [103.2146765, 13.106281]]}}, {"type": "Feature", "properties": {"highway": "residential"}, "geometry": {"type": "LineString", "coordinates": [[103.2130095, 13.1056449], [103.2130196, 13.10582], [103.213029, 13.1058376], [103.2130518, 13.105852], [103.2132322, 13.1058258], [103.2136948, 13.1057782], [103.2138094, 13.1057561]]}}, {"type": "Feature", "properties": {"highway": "service"}, "geometry": {"type": "LineString", "coordinates": [[103.2109131, 13.0991289], [103.2109845, 13.0996992]]}}, {"type": "Feature", "properties": {"highway": "residential"}, "geometry": {"type": "LineString", "coordinates": [[103.2123372, 13.1003808], [103.2125884, 13.1003549], [103.2129666, 13.1003079], [103.2131731, 13.1002634], [103.2132831, 13.1002399]]}}, {"type": "Feature", "properties": {"highway": "secondary"}, "geometry": {"type": "LineString", "coordinates": [[103.1798328, 13.0759586], [103.1801409, 13.075968], [103.1803846, 13.0759796], [103.1800871, 13.0760516], [103.179905, 13.0760941]]}}, {"type": "Feature", "properties": {"highway": "secondary"}, "geometry": {"type": "LineString", "coordinates": [[103.1798866, 13.0761392], [103.1799145, 13.0763196], [103.1798159, 13.0764727], [103.1798128, 13.0763813], [103.1797941, 13.0763004], [103.1797629, 13.0762417], [103.1797231, 13.0761834]]}}, {"type": "Feature", "properties": {"highway": "secondary_link"}, "geometry": {"type": "LineString", "coordinates": [[103.1801409, 13.075968], [103.1800871, 13.0760516], [103.1799762, 13.0762237], [103.1799145, 13.0763196]]}}, {"type": "Feature", "properties": {"highway": "service"}, "geometry": {"type": "LineString", "coordinates": [[103.1802462, 13.0762931], [103.1800842, 13.0763749], [103.1799908, 13.0764212]]}}, {"type": "Feature", "properties": {"highway": "service"}, "geometry": {"type": "LineString", "coordinates": [[103.1802462, 13.0762931], [103.1802823, 13.0762113]]}}, {"type": "Feature", "properties": {"highway": "service"}, "geometry": {"type": "LineString", "coordinates": [[103.1802823, 13.0762113], [103.1803846, 13.0759796]]}}, {"type": "Feature", "properties": {"highway": "footway"}, "geometry": {"type": "LineString", "coordinates": [[103.1999539, 13.0944534], [103.1998611, 13.0944257]]}}, {"type": "Feature", "properties": {"highway": "footway"}, "geometry": {"type": "LineString", "coordinates": [[103.199797, 13.0946454], [103.1998835, 13.0946682]]}}, {"type": "Feature", "properties": {"highway": "footway"}, "geometry": {"type": "LineString", "coordinates": [[103.1998679, 13.0943962], [103.1999105, 13.0942545], [103.1997837, 13.0942151], [103.1997166, 13.0943586], [103.1998679, 13.0943962]]}}, {"type": "Feature", "properties": {"highway": "residential"}, "geometry": {"type": "LineString", "coordinates": [[103.1939471, 13.0988018], [103.1940919, 13.0987718], [103.1941442, 13.0987417], [103.1941992, 13.0987156], [103.1942448, 13.0986973], [103.194308, 13.0986789]]}}, {"type": "Feature", "properties": {"highway": "service"}, "geometry": {"type": "LineString", "coordinates": [[103.2003023, 13.1167661], [103.200288, 13.1165853], [103.2002717, 13.1165575], [103.2002453, 13.116547], [103.2000725, 13.1165729]]}}, {"type": "Feature", "properties": {"highway": "service"}, "geometry": {"type": "LineString", "coordinates": [[103.2014943, 13.1145322], [103.2014444, 13.114216], [103.2013806, 13.1138344]]}}, {"type": "Feature", "properties": {"highway": "service"}, "geometry": {"type": "LineString", "coordinates": [[103.2058243, 13.1158825], [103.2057161, 13.1153963]]}}, {"type": "Feature", "properties": {"highway": "residential"}, "geometry": {"type": "LineString", "coordinates": [[103.203909, 13.1156036], [103.204003, 13.1162134]]}}, {"type": "Feature", "properties": {"highway": "service"}, "geometry": {"type": "LineString", "coordinates": [[103.2048449, 13.1127375], [103.2052321, 13.1126699]]}}, {"type": "Feature", "properties": {"highway": "residential"}, "geometry": {"type": "LineString", "coordinates": [[103.2050519, 13.1117384], [103.2051928, 13.1123398], [103.2052321, 13.1126699], [103.205266, 13.1129551], [103.2054279, 13.1138041]]}}, {"type": "Feature", "properties": {"highway": "residential"}, "geometry": {"type": "LineString", "coordinates": [[103.2101047, 13.1228597], [103.2102614, 13.1243391]]}}, {"type": "Feature", "properties": {"highway": "service"}, "geometry": {"type": "LineString", "coordinates": [[103.2133247, 13.1251701], [103.2130256, 13.1250761]]}}, {"type": "Feature", "properties": {"highway": "residential"}, "geometry": {"type": "LineString", "coordinates": [[103.2136452, 13.123006], [103.2141374, 13.123134]]}}, {"type": "Feature", "properties": {"highway": "residential"}, "geometry": {"type": "LineString", "coordinates": [[103.213737, 13.1226237], [103.2140207, 13.1227108], [103.2142353, 13.1227474]]}}, {"type": "Feature", "properties": {"highway": "service"}, "geometry": {"type": "LineString", "coordinates": [[103.2129747, 13.1217809], [103.2129814, 13.1215732], [103.2129874, 13.1215351]]}}, {"type": "Feature", "properties": {"highway": "service"}, "geometry": {"type": "LineString", "coordinates": [[103.2124677, 13.1217339], [103.2129747, 13.1217809], [103.213326, 13.1218201], [103.213385, 13.1218592], [103.2134253, 13.1218984], [103.2134923, 13.1219428], [103.2137619, 13.1219964], [103.2138607, 13.1220119]]}}, {"type": "Feature", "properties": {"highway": "service"}, "geometry": {"type": "LineString", "coordinates": [[103.176215, 13.0842384], [103.176447, 13.0842554], [103.1764859, 13.0842998], [103.1764872, 13.0843547], [103.17646, 13.084811]]}}, {"type": "Feature", "properties": {"highway": "residential"}, "geometry": {"type": "LineString", "coordinates": [[103.1744023, 13.0830035], [103.1744032, 13.0835435]]}}, {"type": "Feature", "properties": {"highway": "service"}, "geometry": {"type": "LineString", "coordinates": [[103.1747371, 13.0823417], [103.1747094, 13.0830365]]}}, {"type": "Feature", "properties": {"highway": "service"}, "geometry": {"type": "LineString", "coordinates": [[103.1775145, 13.081669], [103.1784033, 13.0816735]]}}, {"type": "Feature", "properties": {"highway": "service"}, "geometry": {"type": "LineString", "coordinates": [[103.1758368, 13.0822032], [103.1759448, 13.0822019], [103.1759679, 13.0821928], [103.1759977, 13.0821667], [103.1760075, 13.0821647], [103.1760376, 13.0821689], [103.1760869, 13.0821774], [103.1761184, 13.0821771], [103.1763945, 13.082169]]}}, {"type": "Feature", "properties": {"highway": "service"}, "geometry": {"type": "LineString", "coordinates": [[103.2138268, 13.0847663], [103.2140168, 13.0853046]]}}, {"type": "Feature", "properties": {"highway": "service"}, "geometry": {"type": "LineString", "coordinates": [[103.2144339, 13.0825259], [103.2141066, 13.0826435], [103.2139242, 13.0826996], [103.2137793, 13.0827205], [103.2136425, 13.0827689], [103.2135472, 13.0828098]]}}, {"type": "Feature", "properties": {"highway": "service"}, "geometry": {"type": "LineString", "coordinates": [[103.2147678, 13.0805847], [103.2152733, 13.080428]]}}, {"type": "Feature", "properties": {"highway": "service"}, "geometry": {"type": "LineString", "coordinates": [[103.2164356, 13.0824475], [103.216542, 13.0827558]]}}, {"type": "Feature", "properties": {"highway": "service"}, "geometry": {"type": "LineString", "coordinates": [[103.214747, 13.0805253], [103.2140811, 13.0807663]]}}, {"type": "Feature", "properties": {"highway": "unclassified"}, "geometry": {"type": "LineString", "coordinates": [[103.1736897, 13.1362604], [103.1737098, 13.1363061], [103.1737373, 13.1363172], [103.1738144, 13.1363211], [103.174426, 13.1362878], [103.1751448, 13.1362597], [103.1759696, 13.1362179], [103.1767769, 13.1361846], [103.1776064, 13.1361429], [103.1778894, 13.1361239], [103.1785767, 13.1361031]]}}, {"type": "Feature", "properties": {"highway": "service"}, "geometry": {"type": "LineString", "coordinates": [[103.1736683, 13.1343524], [103.1745768, 13.1343099], [103.1746379, 13.1343216], [103.17466, 13.1343412], [103.1746727, 13.1344313], [103.1747022, 13.1348649], [103.1747069, 13.1351085], [103.1746881, 13.1353893], [103.1746908, 13.1357125]]}}, {"type": "Feature", "properties": {"highway": "service"}, "geometry": {"type": "LineString", "coordinates": [[103.176828, 13.1313795], [103.1768695, 13.132356], [103.1768882, 13.1332154], [103.1769392, 13.1339925], [103.1769389, 13.1340555], [103.1769241, 13.1340993], [103.1768762, 13.1341362], [103.1767531, 13.1341525], [103.1764852, 13.134159], [103.1755679, 13.1341956]]}}, {"type": "Feature", "properties": {"highway": "unclassified"}, "geometry": {"type": "LineString", "coordinates": [[103.1877619, 13.1298184], [103.1871182, 13.1309625], [103.1867158, 13.1317514], [103.1863403, 13.132407], [103.1856564, 13.1337026], [103.1850314, 13.1347892], [103.1846552, 13.1355068], [103.1845694, 13.1356864], [103.1845453, 13.1357706], [103.1845225, 13.1358052], [103.1844802, 13.1358229], [103.1843568, 13.135834], [103.1837527, 13.1358634], [103.182883, 13.1358875], [103.1822419, 13.1359254], [103.1811731, 13.1359711], [103.1802638, 13.136026], [103.1785767, 13.1361031]]}}, {"type": "Feature", "properties": {"highway": "service"}, "geometry": {"type": "LineString", "coordinates": [[103.1780268, 13.1339396], [103.1781106, 13.1339298], [103.1781824, 13.1339337], [103.1782535, 13.1339579], [103.1782991, 13.1340003], [103.1783091, 13.1340441], [103.1783138, 13.134078], [103.1783346, 13.1340931], [103.178405, 13.1341022], [103.1784889, 13.1341068]]}}, {"type": "Feature", "properties": {"highway": "service"}, "geometry": {"type": "LineString", "coordinates": [[103.1785305, 13.1350524], [103.1788275, 13.1350595], [103.1791098, 13.1350451], [103.179156, 13.1350321], [103.1792083, 13.1350105], [103.1792687, 13.1349988], [103.1793793, 13.1349968], [103.1794021, 13.1349981], [103.1794196, 13.1350125], [103.1794249, 13.1350451], [103.1794269, 13.1352972]]}}, {"type": "Feature", "properties": {"highway": "service"}, "geometry": {"type": "LineString", "coordinates": [[103.1910235, 13.1185718], [103.1910892, 13.1188604], [103.1910999, 13.1189506], [103.1910905, 13.1189898], [103.1910597, 13.1190381], [103.1910449, 13.1190982], [103.1910168, 13.1192575], [103.190994, 13.1193111], [103.1909229, 13.1194208], [103.1908384, 13.119507]]}}, {"type": "Feature", "properties": {"highway": "service"}, "geometry": {"type": "LineString", "coordinates": [[103.1924853, 13.1187625], [103.1925912, 13.1187377], [103.1927763, 13.1186893]]}}, {"type": "Feature", "properties": {"highway": "residential"}, "geometry": {"type": "LineString", "coordinates": [[103.1919555, 13.1191948], [103.1922586, 13.119106], [103.1924169, 13.1190302], [103.1924893, 13.1189989], [103.1925228, 13.1189689], [103.1925201, 13.1189323], [103.1924853, 13.1187625], [103.1923925, 13.1183227]]}}, {"type": "Feature", "properties": {"highway": "tertiary"}, "geometry": {"type": "LineString", "coordinates": [[103.21551337529058, 13.141327487158042], [103.2153489, 13.1409763], [103.2148416, 13.1398959], [103.2147964, 13.1398116], [103.2147592, 13.1397422]]}}, {"type": "Feature", "properties": {"highway": "residential"}, "geometry": {"type": "LineString", "coordinates": [[103.2123904, 13.1209264], [103.2125388, 13.1208888], [103.2125683, 13.1208888], [103.2126032, 13.1209097], [103.2126193, 13.1209215], [103.2126474, 13.1209202], [103.2127051, 13.1208849], [103.2127534, 13.1208509]]}}, {"type": "Feature", "properties": {"highway": "service"}, "geometry": {"type": "LineString", "coordinates": [[103.1735542, 13.105876], [103.1735522, 13.1059493], [103.1735455, 13.1059976], [103.1735375, 13.1060355], [103.1735174, 13.1060649], [103.1734791, 13.1060799], [103.1734436, 13.1060688], [103.1734288, 13.1060374], [103.1734235, 13.1059904], [103.1734148, 13.1058876]]}}, {"type": "Feature", "properties": {"highway": "service"}, "geometry": {"type": "LineString", "coordinates": [[103.2156492, 13.1408405], [103.2161018, 13.1417742]]}}, {"type": "Feature", "properties": {"highway": "service"}, "geometry": {"type": "LineString", "coordinates": [[103.2010853, 13.0978161], [103.2011823, 13.0978215], [103.2012648, 13.0978274], [103.2015203, 13.0978496], [103.2017845, 13.0978708]]}}, {"type": "Feature", "properties": {"highway": "service"}, "geometry": {"type": "LineString", "coordinates": [[103.2015771, 13.0927738], [103.2016881, 13.092382]]}}, {"type": "Feature", "properties": {"highway": "residential"}, "geometry": {"type": "LineString", "coordinates": [[103.208704, 13.0890122], [103.209024, 13.0890479], [103.2091624, 13.0890345], [103.2093036, 13.088959]]}}, {"type": "Feature", "properties": {"highway": "residential"}, "geometry": {"type": "LineString", "coordinates": [[103.2095596, 13.0891827], [103.210003, 13.0890101]]}}, {"type": "Feature", "properties": {"highway": "residential"}, "geometry": {"type": "LineString", "coordinates": [[103.1774542, 13.0947329], [103.1776366, 13.0947617], [103.1776795, 13.0947617], [103.1776969, 13.0947316], [103.1777043, 13.0946852], [103.1777251, 13.0945951], [103.1777613, 13.0945527], [103.1778216, 13.0945213], [103.1779256, 13.0944926], [103.1780818, 13.0944599], [103.1781368, 13.0944416], [103.1781959, 13.0944103]]}}, {"type": "Feature", "properties": {"highway": "residential"}, "geometry": {"type": "LineString", "coordinates": [[103.1763867, 13.0934868], [103.1764001, 13.0939675], [103.1763759, 13.0941347], [103.1763384, 13.0943071], [103.1762874, 13.0944638], [103.1762499, 13.0945265], [103.1761801, 13.0945631], [103.1760782, 13.0945736]]}}, {"type": "Feature", "properties": {"highway": "residential"}, "geometry": {"type": "LineString", "coordinates": [[103.1807694, 13.0947408], [103.1806809, 13.0947421], [103.1806004, 13.0947564], [103.1805347, 13.0947682], [103.1802852, 13.0947669]]}}, {"type": "Feature", "properties": {"highway": "residential"}, "geometry": {"type": "LineString", "coordinates": [[103.1786824, 13.0934032], [103.1786758, 13.0928692]]}}, {"type": "Feature", "properties": {"highway": "residential"}, "geometry": {"type": "LineString", "coordinates": [[103.1792235, 13.0948635], [103.1793854, 13.0948923], [103.1795034, 13.0949315], [103.1796724, 13.0950125], [103.1797904, 13.0950386], [103.1799138, 13.095049]]}}, {"type": "Feature", "properties": {"highway": "residential"}, "geometry": {"type": "LineString", "coordinates": [[103.1864851, 13.1092961], [103.1864905, 13.1094145], [103.1864986, 13.1095399], [103.1864905, 13.1096653], [103.1864503, 13.1097933], [103.1864503, 13.1098665], [103.1864382, 13.1099487]]}}, {"type": "Feature", "properties": {"highway": "residential"}, "geometry": {"type": "LineString", "coordinates": [[103.185261, 13.1096782], [103.1855987, 13.1096836], [103.1857851, 13.1096993], [103.1860185, 13.1097462], [103.1860587, 13.1097828]]}}, {"type": "Feature", "properties": {"highway": "residential"}, "geometry": {"type": "LineString", "coordinates": [[103.1683937, 13.0392092], [103.1687155, 13.0391648], [103.1690401, 13.0391413], [103.1693163, 13.0391073], [103.1694531, 13.0390864], [103.169606, 13.039042], [103.169804, 13.0389932]]}}, {"type": "Feature", "properties": {"highway": "residential"}, "geometry": {"type": "LineString", "coordinates": [[103.1711134, 13.0435368], [103.1709847, 13.043215], [103.1708962, 13.0428178], [103.1708345, 13.0422691], [103.1707567, 13.0416054], [103.1707299, 13.0413519], [103.1706816, 13.0410645], [103.1705663, 13.040811], [103.1703758, 13.0405184], [103.1701586, 13.0403119], [103.1700084, 13.0402074], [103.169944, 13.040116], [103.1699145, 13.0399069], [103.1698984, 13.0393294], [103.1698394, 13.0390864], [103.169804, 13.0389932], [103.1697857, 13.0389453], [103.1695792, 13.0386579], [103.169547, 13.0385873], [103.1695336, 13.0383783], [103.1695256, 13.0378112], [103.1695417, 13.0372311], [103.1695363, 13.0367686], [103.1695712, 13.0365857], [103.1695497, 13.0363767], [103.1695514, 13.0361359]]}}, {"type": "Feature", "properties": {"highway": "residential"}, "geometry": {"type": "LineString", "coordinates": [[103.1678653, 13.0425434], [103.1678304, 13.0427081], [103.1678116, 13.0431235], [103.1678009, 13.0434685], [103.1677794, 13.0439858], [103.1677741, 13.0442576], [103.1677526, 13.0445711], [103.1677043, 13.0448377], [103.1676614, 13.04495], [103.167581, 13.045193], [103.1675729, 13.0453341], [103.1675944, 13.0454465], [103.1676185, 13.0455536], [103.1676641, 13.0457313], [103.1676668, 13.0459247], [103.1676534, 13.0459691], [103.1676249, 13.0461829]]}}, {"type": "Feature", "properties": {"highway": "residential"}, "geometry": {"type": "LineString", "coordinates": [[103.1555087, 13.0727576], [103.1556951, 13.0727814], [103.155912, 13.0727415], [103.1560917, 13.0727507], [103.1563291, 13.0727833], [103.1565745, 13.0728317], [103.1566925, 13.0728552], [103.1568092, 13.0728669], [103.1570131, 13.0728669], [103.1571244, 13.0728473], [103.1572276, 13.072799], [103.1573282, 13.0727716], [103.1574315, 13.0727664], [103.1576447, 13.0727977], [103.1579888, 13.0728261]]}}, {"type": "Feature", "properties": {"highway": "residential"}, "geometry": {"type": "LineString", "coordinates": [[103.1587297, 13.0712667], [103.1585714, 13.0712784], [103.1585513, 13.0712719], [103.1585298, 13.071251], [103.158512, 13.0710801]]}}, {"type": "Feature", "properties": {"highway": "residential"}, "geometry": {"type": "LineString", "coordinates": [[103.1586666, 13.071072], [103.158512, 13.0710801], [103.1581137, 13.071101]]}}, {"type": "Feature", "properties": {"highway": "service"}, "geometry": {"type": "LineString", "coordinates": [[103.1923684, 13.1134157], [103.1920615, 13.1135733]]}}, {"type": "Feature", "properties": {"highway": "residential"}, "geometry": {"type": "LineString", "coordinates": [[103.1927232, 13.1175099], [103.1925255, 13.1176354], [103.1923739, 13.117685]]}}, {"type": "Feature", "properties": {"highway": "service"}, "geometry": {"type": "LineString", "coordinates": [[103.1903315, 13.104438], [103.190369, 13.1045504], [103.1904354, 13.1046359], [103.1904656, 13.1046784], [103.1905125, 13.1048385]]}}, {"type": "Feature", "properties": {"highway": "service"}, "geometry": {"type": "LineString", "coordinates": [[103.1911698, 13.1047397], [103.1911603, 13.1046157], [103.1912012, 13.1045131], [103.1912595, 13.1044602], [103.1912783, 13.1044015], [103.1912843, 13.1042343]]}}, {"type": "Feature", "properties": {"highway": "service"}, "geometry": {"type": "LineString", "coordinates": [[103.1854858, 13.1049783], [103.1854882, 13.1050864], [103.1854868, 13.1051016], [103.1854828, 13.1051705], [103.1854934, 13.1052054], [103.1855266, 13.1052545], [103.1855571, 13.1052959], [103.185573, 13.105332], [103.1855744, 13.1053592], [103.1855239, 13.1055544]]}}, {"type": "Feature", "properties": {"highway": "service"}, "geometry": {"type": "LineString", "coordinates": [[103.1880906, 13.1035322], [103.1881894, 13.1035192], [103.1882306, 13.1035044], [103.1882385, 13.1034863], [103.1882372, 13.1034721], [103.1882286, 13.1034514], [103.1882047, 13.1034436], [103.1881649, 13.1034404], [103.1880924, 13.1034378]]}}, {"type": "Feature", "properties": {"highway": "service"}, "geometry": {"type": "LineString", "coordinates": [[103.1880871, 13.1037234], [103.1881596, 13.1037002], [103.1881768, 13.1036847], [103.1881881, 13.1036537], [103.1881781, 13.1036336], [103.1881463, 13.1036091], [103.1880899, 13.1035702]]}}, {"type": "Feature", "properties": {"highway": "service"}, "geometry": {"type": "LineString", "coordinates": [[103.187447, 13.1050454], [103.1874005, 13.1051511], [103.1873673, 13.1052403], [103.1873567, 13.1053114], [103.187354, 13.1053669], [103.1873805, 13.1055828], [103.1873845, 13.1056397]]}}, {"type": "Feature", "properties": {"highway": "service"}, "geometry": {"type": "LineString", "coordinates": [[103.1865976, 13.1033557], [103.1865992, 13.1037444]]}}, {"type": "Feature", "properties": {"highway": "service"}, "geometry": {"type": "LineString", "coordinates": [[103.1880834, 13.1039181], [103.1889001, 13.103927]]}}, {"type": "Feature", "properties": {"highway": "service"}, "geometry": {"type": "LineString", "coordinates": [[103.1864861, 13.1047155], [103.1865312, 13.1048499], [103.1865765, 13.1049642]]}}, {"type": "Feature", "properties": {"highway": "residential"}, "geometry": {"type": "LineString", "coordinates": [[103.1794125, 13.0758998], [103.1794323, 13.0757619], [103.1794323, 13.0755099], [103.17941, 13.0753361], [103.1793787, 13.0750884], [103.1793743, 13.0748754], [103.1793609, 13.0746364], [103.17938, 13.0743366], [103.1794202, 13.0742477], [103.1794417, 13.0741406], [103.1794229, 13.073882], [103.1793746, 13.0737357], [103.1793505, 13.0736259], [103.1792673, 13.0733124], [103.1792405, 13.0731792], [103.1792452, 13.0731165], [103.1792627, 13.0730649], [103.1793223, 13.0730328], [103.1793579, 13.07301], [103.1793626, 13.0729865], [103.1793498, 13.0729584], [103.1792904, 13.0728135]]}}, {"type": "Feature", "properties": {"highway": "service"}, "geometry": {"type": "LineString", "coordinates": [[103.2035682, 13.0850862], [103.2034743, 13.0851163], [103.2032476, 13.0851528], [103.2031762, 13.0851888], [103.2031175, 13.0852302], [103.2030357, 13.0853213], [103.2030009, 13.0853484], [103.2029657, 13.0853488], [103.2029318, 13.0853416], [103.2028748, 13.0853344], [103.2028312, 13.0853409], [103.2027347, 13.0854082], [103.2026602, 13.0854585], [103.2025717, 13.085563]]}}, {"type": "Feature", "properties": {"highway": "service"}, "geometry": {"type": "LineString", "coordinates": [[103.2035843, 13.0872782], [103.2035655, 13.0874336], [103.203544, 13.0875094], [103.2034931, 13.0875897]]}}, {"type": "Feature", "properties": {"highway": "service"}, "geometry": {"type": "LineString", "coordinates": [[103.2040241, 13.0873787], [103.2040302, 13.0874813], [103.204059, 13.0875838], [103.2041536, 13.0877804]]}}, {"type": "Feature", "properties": {"highway": "service"}, "geometry": {"type": "LineString", "coordinates": [[103.198413, 13.1053315], [103.1981328, 13.1053769]]}}, {"type": "Feature", "properties": {"highway": "service"}, "geometry": {"type": "LineString", "coordinates": [[103.1988509, 13.1061138], [103.1989206, 13.1064104]]}}, {"type": "Feature", "properties": {"highway": "service"}, "geometry": {"type": "LineString", "coordinates": [[103.1953229, 13.1306045], [103.1953499, 13.1311793]]}}, {"type": "Feature", "properties": {"highway": "service"}, "geometry": {"type": "LineString", "coordinates": [[103.1974844, 13.1285158], [103.1976083, 13.1284732], [103.19767, 13.1284601], [103.1980616, 13.1284053]]}}, {"type": "Feature", "properties": {"highway": "residential"}, "geometry": {"type": "LineString", "coordinates": [[103.1976589, 13.1300974], [103.197155, 13.1301005]]}}, {"type": "Feature", "properties": {"highway": "service"}, "geometry": {"type": "LineString", "coordinates": [[103.1951843, 13.1306129], [103.1951675, 13.1302285], [103.1951568, 13.1301841], [103.1951219, 13.1300483]]}}, {"type": "Feature", "properties": {"highway": "service"}, "geometry": {"type": "LineString", "coordinates": [[103.1927111, 13.1322791], [103.1931692, 13.1322816]]}}, {"type": "Feature", "properties": {"highway": "service"}, "geometry": {"type": "LineString", "coordinates": [[103.1975164, 13.1325561], [103.1977692, 13.1325245], [103.1979355, 13.1324984], [103.1981286, 13.1324435]]}}, {"type": "Feature", "properties": {"highway": "residential"}, "geometry": {"type": "LineString", "coordinates": [[103.1974318, 13.1284311], [103.196817, 13.1284889], [103.1967741, 13.1285124], [103.196758, 13.1285463], [103.19675, 13.1287187], [103.1967312, 13.1287475], [103.1966883, 13.1287553], [103.1960419, 13.128784], [103.1957281, 13.1287762], [103.1954223, 13.1287448], [103.195087, 13.1286795], [103.1950387, 13.1286952], [103.1950173, 13.1287318], [103.1950146, 13.1288284], [103.19502, 13.1289042]]}}, {"type": "Feature", "properties": {"highway": "service"}, "geometry": {"type": "LineString", "coordinates": [[103.1968864, 13.1161509], [103.1967527, 13.1161372], [103.1966266, 13.1161437], [103.1965837, 13.1161594]]}}, {"type": "Feature", "properties": {"highway": "residential"}, "geometry": {"type": "LineString", "coordinates": [[103.196741, 13.117499], [103.1967902, 13.1172931], [103.1968331, 13.117173], [103.1968573, 13.1170319]]}}, {"type": "Feature", "properties": {"highway": "residential"}, "geometry": {"type": "LineString", "coordinates": [[103.1772678, 13.0666939], [103.1765777, 13.0666563], [103.1765525, 13.0666881], [103.1765377, 13.0667299], [103.1765377, 13.0667703], [103.1765352, 13.0670272], [103.1765684, 13.0672667], [103.1766299, 13.0675487], [103.1766453, 13.0678381], [103.176635, 13.0680302], [103.1766504, 13.0681175], [103.1767324, 13.0681549], [103.1767964, 13.0681574], [103.1772539, 13.0681719]]}}, {"type": "Feature", "properties": {"highway": "footway"}, "geometry": {"type": "LineString", "coordinates": [[103.214048, 13.0938554], [103.2142287, 13.0938073], [103.2143655, 13.093771]]}}, {"type": "Feature", "properties": {"highway": "residential"}, "geometry": {"type": "LineString", "coordinates": [[103.1957227, 13.1134845], [103.1957549, 13.1133238], [103.195771, 13.1133042], [103.1958407, 13.1132911], [103.1961948, 13.1133226], [103.196615, 13.113309], [103.1978704, 13.1130613], [103.1994214, 13.1127625], [103.2005565, 13.1125559]]}}, {"type": "Feature", "properties": {"highway": "residential"}, "geometry": {"type": "LineString", "coordinates": [[103.185216, 13.1170077], [103.1852345, 13.1147399], [103.1852336, 13.1146567], [103.185236, 13.1122734]]}}, {"type": "Feature", "properties": {"highway": "service"}, "geometry": {"type": "LineString", "coordinates": [[103.2118245, 13.1089921], [103.2117628, 13.108494]]}}, {"type": "Feature", "properties": {"highway": "residential"}, "geometry": {"type": "LineString", "coordinates": [[103.2062234, 13.0837476], [103.2068223, 13.085321], [103.2072476, 13.0864383]]}}, {"type": "Feature", "properties": {"highway": "unclassified"}, "geometry": {"type": "LineString", "coordinates": [[103.1708711, 13.1158487], [103.1708418, 13.1163258], [103.170763, 13.1176072]]}}, {"type": "Feature", "properties": {"highway": "residential"}, "geometry": {"type": "LineString", "coordinates": [[103.1730144, 13.0994028], [103.1741092, 13.0993607], [103.1747229, 13.0993374], [103.1748238, 13.0993336], [103.1751185, 13.0993344], [103.1753108, 13.0993439], [103.1754527, 13.0993882], [103.1756065, 13.0994719], [103.1758367, 13.0995948], [103.1758925, 13.0996413], [103.1759437, 13.0996724], [103.1759768, 13.0996811], [103.1760174, 13.0996929], [103.1761511, 13.0996973], [103.1768795, 13.0996456], [103.1780021, 13.099555]]}}, {"type": "Feature", "properties": {"highway": "unclassified"}, "geometry": {"type": "LineString", "coordinates": [[103.192502, 13.0581018], [103.1905903, 13.0580104], [103.1896863, 13.0581266], [103.18882, 13.0578111], [103.1757381, 13.0569445], [103.173683, 13.056788]]}}, {"type": "Feature", "properties": {"highway": "residential"}, "geometry": {"type": "LineString", "coordinates": [[103.173683, 13.056788], [103.1729641, 13.0568843], [103.1713655, 13.0568137], [103.1705446, 13.0566203], [103.1700298, 13.0565786], [103.1696273, 13.0565091]]}}, {"type": "Feature", "properties": {"highway": "residential"}, "geometry": {"type": "LineString", "coordinates": [[103.1983784, 13.1118252], [103.1981557, 13.1104]]}}, {"type": "Feature", "properties": {"highway": "residential"}, "geometry": {"type": "LineString", "coordinates": [[103.2038552, 13.1241344], [103.2037961, 13.1234657], [103.2036105, 13.1226073], [103.2034743, 13.1219925], [103.2033797, 13.1215631], [103.2031576, 13.1205551]]}}, {"type": "Feature", "properties": {"highway": "residential"}, "geometry": {"type": "LineString", "coordinates": [[103.2036105, 13.1226073], [103.2026287, 13.1227706], [103.2014404, 13.1229683]]}}, {"type": "Feature", "properties": {"highway": "unclassified"}, "geometry": {"type": "LineString", "coordinates": [[103.1586324, 13.110538], [103.1593834, 13.1105772], [103.1646332, 13.1108147]]}}, {"type": "Feature", "properties": {"highway": "residential"}, "geometry": {"type": "LineString", "coordinates": [[103.2044233, 13.1322188], [103.204218, 13.1322183], [103.2040248, 13.1322314], [103.2036207, 13.1323357], [103.2032207, 13.1324978], [103.2031348, 13.1325822], [103.2030221, 13.1328065], [103.2028998, 13.1328752], [103.2022972, 13.1329003], [103.2021682, 13.1329498], [103.2021383, 13.1330631], [103.2022103, 13.1336816], [103.2021822, 13.1339172], [103.2019754, 13.1345099], [103.2019649, 13.1345345]]}}, {"type": "Feature", "properties": {"highway": "service"}, "geometry": {"type": "LineString", "coordinates": [[103.1677258, 13.1098586], [103.1677338, 13.1097646], [103.1677647, 13.1097071], [103.1678036, 13.1096366], [103.1678264, 13.1094563], [103.16788, 13.1091859], [103.167888, 13.1090911]]}}, {"type": "Feature", "properties": {"highway": "service"}, "geometry": {"type": "LineString", "coordinates": [[103.1703705, 13.1051564], [103.1703195, 13.1051486], [103.1699534, 13.1051656]]}}, {"type": "Feature", "properties": {"highway": "residential"}, "geometry": {"type": "LineString", "coordinates": [[103.167192, 13.1073299], [103.1671143, 13.1067813], [103.1670874, 13.106622], [103.1670502, 13.1059957]]}}, {"type": "Feature", "properties": {"highway": "service"}, "geometry": {"type": "LineString", "coordinates": [[103.1679833, 13.1071542], [103.1683072, 13.1072581], [103.1684929, 13.1073051], [103.1685298, 13.1073234], [103.1685462, 13.1073646]]}}, {"type": "Feature", "properties": {"highway": "service"}, "geometry": {"type": "LineString", "coordinates": [[103.1678085, 13.1059635], [103.1677835, 13.106059], [103.1677714, 13.1062131], [103.1677714, 13.1062824], [103.167762, 13.1063659], [103.1677459, 13.1064182], [103.1677218, 13.1064365], [103.1676722, 13.1064469], [103.1676131, 13.1064391], [103.167585, 13.1064221], [103.1675675, 13.1063868], [103.1675488, 13.1063202], [103.167534, 13.1062262], [103.1675233, 13.1061583], [103.1675045, 13.1060877], [103.167479, 13.1059776]]}}, {"type": "Feature", "properties": {"highway": "residential"}, "geometry": {"type": "LineString", "coordinates": [[103.192838, 13.1026081], [103.1928729, 13.1028027], [103.1928568, 13.1029725], [103.1928628, 13.1030496], [103.1928762, 13.1030776], [103.192903, 13.1030803], [103.1930566, 13.1030607]]}}, {"type": "Feature", "properties": {"highway": "residential"}, "geometry": {"type": "LineString", "coordinates": [[103.1924222, 13.1030253], [103.1928568, 13.1029725]]}}, {"type": "Feature", "properties": {"highway": "service"}, "geometry": {"type": "LineString", "coordinates": [[103.1996002, 13.0753327], [103.1995619, 13.0757237], [103.1995706, 13.0758023]]}}, {"type": "Feature", "properties": {"highway": "residential"}, "geometry": {"type": "LineString", "coordinates": [[103.1762685, 13.0831979], [103.1763552, 13.0824835], [103.1763945, 13.082169], [103.176412, 13.0820294], [103.1764397, 13.0818001]]}}, {"type": "Feature", "properties": {"highway": "unclassified"}, "geometry": {"type": "LineString", "coordinates": [[103.1764397, 13.0818001], [103.1768446, 13.0784514], [103.1771428, 13.0758658], [103.1772981, 13.0752124]]}}, {"type": "Feature", "properties": {"highway": "residential"}, "geometry": {"type": "LineString", "coordinates": [[103.1772981, 13.0752124], [103.1774717, 13.0745862], [103.1775911, 13.0742934], [103.1774702, 13.0734348], [103.1773011, 13.0729739], [103.1772179, 13.0719584], [103.177216, 13.0719344]]}}, {"type": "Feature", "properties": {"highway": "residential"}, "geometry": {"type": "LineString", "coordinates": [[103.213106, 13.0957733], [103.213089, 13.0959599], [103.2130868, 13.0961465], [103.2131251, 13.0963705], [103.2131741, 13.0966338], [103.2132982, 13.0971701]]}}, {"type": "Feature", "properties": {"highway": "residential"}, "geometry": {"type": "LineString", "coordinates": [[103.193129, 13.0900544], [103.1932261, 13.0906384], [103.1932443, 13.0907845], [103.1932492, 13.0908743], [103.1932441, 13.09094], [103.1932345, 13.0910365]]}}, {"type": "Feature", "properties": {"highway": "service"}, "geometry": {"type": "LineString", "coordinates": [[103.1810356, 13.1058579], [103.1810431, 13.1057801]]}}, {"type": "Feature", "properties": {"highway": "service"}, "geometry": {"type": "LineString", "coordinates": [[103.185255, 13.1103027], [103.1855772, 13.1103105], [103.1856014, 13.1102975], [103.1856175, 13.1102727], [103.1856483, 13.1102701], [103.1857757, 13.1102714]]}}, {"type": "Feature", "properties": {"highway": "residential"}, "geometry": {"type": "LineString", "coordinates": [[103.1857851, 13.1096993], [103.1858052, 13.109745], [103.1857985, 13.1097998], [103.1857838, 13.1099827]]}}, {"type": "Feature", "properties": {"highway": "service"}, "geometry": {"type": "LineString", "coordinates": [[103.1849053, 13.1096248], [103.1852619, 13.1096444]]}}, {"type": "Feature", "properties": {"highway": "service"}, "geometry": {"type": "LineString", "coordinates": [[103.1847082, 13.1084845], [103.18479, 13.1085028], [103.1849657, 13.1085067], [103.1851092, 13.1085146], [103.1852685, 13.1085159]]}}, {"type": "Feature", "properties": {"highway": "service"}, "geometry": {"type": "LineString", "coordinates": [[103.1976512, 13.0892153], [103.1971201, 13.0890377]]}}, {"type": "Feature", "properties": {"highway": "service"}, "geometry": {"type": "LineString", "coordinates": [[103.198502, 13.0881165], [103.1985573, 13.0881329]]}}, {"type": "Feature", "properties": {"highway": "service"}, "geometry": {"type": "LineString", "coordinates": [[103.1984904, 13.0881373], [103.198502, 13.0881165], [103.1985031, 13.0880928], [103.1984935, 13.088071], [103.1984751, 13.0880554], [103.1984516, 13.0880492], [103.1984277, 13.0880536], [103.1984081, 13.0880677], [103.1983967, 13.0880887], [103.1983959, 13.0881124], [103.1984058, 13.0881341], [103.1984244, 13.0881494], [103.1984398, 13.0881546], [103.1984562, 13.088155], [103.198469, 13.0881519], [103.1984806, 13.0881459], [103.1984904, 13.0881373]]}}, {"type": "Feature", "properties": {"highway": "service"}, "geometry": {"type": "LineString", "coordinates": [[103.1995958, 13.086109], [103.2000276, 13.0860751], [103.2000571, 13.0860986], [103.2000732, 13.0861848], [103.2000571, 13.0864905]]}}, {"type": "Feature", "properties": {"highway": "service"}, "geometry": {"type": "LineString", "coordinates": [[103.1931572, 13.0778153], [103.192661, 13.0777317]]}}, {"type": "Feature", "properties": {"highway": "service"}, "geometry": {"type": "LineString", "coordinates": [[103.1933315, 13.0778428], [103.1931572, 13.0778153]]}}, {"type": "Feature", "properties": {"highway": "service"}, "geometry": {"type": "LineString", "coordinates": [[103.1933798, 13.0775319], [103.193128, 13.0774994]]}}, {"type": "Feature", "properties": {"highway": "service"}, "geometry": {"type": "LineString", "coordinates": [[103.193128, 13.0774994], [103.1918684, 13.0773372], [103.1913856, 13.0773006]]}}, {"type": "Feature", "properties": {"highway": "residential"}, "geometry": {"type": "LineString", "coordinates": [[103.172708, 13.1163316], [103.1726869, 13.1175267]]}}, {"type": "Feature", "properties": {"highway": "residential"}, "geometry": {"type": "LineString", "coordinates": [[103.1722427, 13.1163301], [103.1722336, 13.1175457]]}}, {"type": "Feature", "properties": {"highway": "service"}, "geometry": {"type": "LineString", "coordinates": [[103.1579474, 13.1061971], [103.1580752, 13.1061844], [103.1581624, 13.1061805], [103.1582965, 13.1061752], [103.1583716, 13.1061596], [103.1584306, 13.1061178], [103.1584413, 13.1060825]]}}, {"type": "Feature", "properties": {"highway": "service"}, "geometry": {"type": "LineString", "coordinates": [[103.1792466, 13.1173467], [103.1792559, 13.1179488]]}}, {"type": "Feature", "properties": {"highway": "service"}, "geometry": {"type": "LineString", "coordinates": [[103.1792457, 13.1172301], [103.1792466, 13.1173467]]}}, {"type": "Feature", "properties": {"highway": "residential"}, "geometry": {"type": "LineString", "coordinates": [[103.2007635, 13.0726938], [103.2007612, 13.0725861], [103.2007411, 13.0725155], [103.2006593, 13.0724881], [103.2003307, 13.0724777], [103.2001832, 13.0724372]]}}, {"type": "Feature", "properties": {"highway": "residential"}, "geometry": {"type": "LineString", "coordinates": [[103.2027033, 13.0736251], [103.2008216, 13.0731896], [103.2007438, 13.0731491], [103.2007062, 13.0730681], [103.2007635, 13.0726938]]}}, {"type": "Feature", "properties": {"highway": "residential"}, "geometry": {"type": "LineString", "coordinates": [[103.2131861, 13.0867569], [103.2132771, 13.0870279]]}}, {"type": "Feature", "properties": {"highway": "residential"}, "geometry": {"type": "LineString", "coordinates": [[103.2130538, 13.0862926], [103.2129676, 13.0860292]]}}, {"type": "Feature", "properties": {"highway": "service"}, "geometry": {"type": "LineString", "coordinates": [[103.1935944, 13.1132912], [103.1935936, 13.113331], [103.193597, 13.1133839], [103.1936051, 13.1134779], [103.1935045, 13.1137052], [103.1933457, 13.1137815]]}}, {"type": "Feature", "properties": {"highway": "residential"}, "geometry": {"type": "LineString", "coordinates": [[103.1935944, 13.1132912], [103.1938116, 13.1132454], [103.1940972, 13.1130404]]}}, {"type": "Feature", "properties": {"highway": "service"}, "geometry": {"type": "LineString", "coordinates": [[103.1965435, 13.1175805], [103.1965622, 13.1177659], [103.196581, 13.1179827]]}}, {"type": "Feature", "properties": {"highway": "service"}, "geometry": {"type": "LineString", "coordinates": [[103.1953874, 13.1177947], [103.1954196, 13.1180611], [103.1954142, 13.1181604], [103.1953579, 13.1182231]]}}, {"type": "Feature", "properties": {"highway": "service"}, "geometry": {"type": "LineString", "coordinates": [[103.194391, 13.1181473], [103.1946807, 13.1181016], [103.1947061, 13.1180703], [103.1946995, 13.117903]]}}, {"type": "Feature", "properties": {"highway": "service"}, "geometry": {"type": "LineString", "coordinates": [[103.1929144, 13.1175739], [103.1929024, 13.1174446], [103.192901, 13.1173362], [103.1929171, 13.1173036], [103.1929922, 13.1172827], [103.193066, 13.1172814], [103.1932215, 13.1172801]]}}, {"type": "Feature", "properties": {"highway": "service"}, "geometry": {"type": "LineString", "coordinates": [[103.1928956, 13.1176291], [103.1929144, 13.1175739], [103.1929667, 13.1175361], [103.1933811, 13.1175152]]}}, {"type": "Feature", "properties": {"highway": "residential"}, "geometry": {"type": "LineString", "coordinates": [[103.1956422, 13.1158433], [103.1957106, 13.1158159], [103.1959185, 13.1157728]]}}, {"type": "Feature", "properties": {"highway": "service"}, "geometry": {"type": "LineString", "coordinates": [[103.195024, 13.1153757], [103.1946619, 13.1154032]]}}, {"type": "Feature", "properties": {"highway": "path"}, "geometry": {"type": "LineString", "coordinates": [[103.202911, 13.1365758], [103.2028399, 13.1366163], [103.2027581, 13.1366215], [103.2026589, 13.1366176], [103.2025436, 13.1366411], [103.2023665, 13.1366751]]}}, {"type": "Feature", "properties": {"highway": "path"}, "geometry": {"type": "LineString", "coordinates": [[103.202557, 13.1363172], [103.2026039, 13.1362375], [103.2026133, 13.1361709], [103.2026388, 13.1361174], [103.2026938, 13.136073], [103.2027796, 13.136056]]}}, {"type": "Feature", "properties": {"highway": "path"}, "geometry": {"type": "LineString", "coordinates": [[103.204724, 13.1325688], [103.2052579, 13.1324932], [103.2054511, 13.1324853]]}}, {"type": "Feature", "properties": {"highway": "service"}, "geometry": {"type": "LineString", "coordinates": [[103.2045351, 13.1363531], [103.2048637, 13.1364191], [103.2051104, 13.1364792]]}}, {"type": "Feature", "properties": {"highway": "service"}, "geometry": {"type": "LineString", "coordinates": [[103.2013863, 13.1361401], [103.2014492, 13.136312], [103.2015002, 13.1365549]]}}, {"type": "Feature", "properties": {"highway": "service"}, "geometry": {"type": "LineString", "coordinates": [[103.2011607, 13.1364028], [103.2012615, 13.1367808], [103.2013553, 13.1372027]]}}, {"type": "Feature", "properties": {"highway": "service"}, "geometry": {"type": "LineString", "coordinates": [[103.2027085, 13.1356603], [103.202903, 13.1356224], [103.2030129, 13.1355885], [103.2030639, 13.1355885], [103.2031283, 13.1355963], [103.2031792, 13.135612], [103.2032007, 13.1357608]]}}, {"type": "Feature", "properties": {"highway": "path"}, "geometry": {"type": "LineString", "coordinates": [[103.2045069, 13.1331645], [103.2043017, 13.133218], [103.2039772, 13.1332716], [103.2038619, 13.1332899], [103.2038029, 13.1333042], [103.2037358, 13.1333055]]}}, {"type": "Feature", "properties": {"highway": "residential"}, "geometry": {"type": "LineString", "coordinates": [[103.2021822, 13.1339172], [103.2018703, 13.133922], [103.2014921, 13.1339324], [103.2014304, 13.133922], [103.2014009, 13.1338828], [103.201409, 13.133713]]}}, {"type": "Feature", "properties": {"highway": "path"}, "geometry": {"type": "LineString", "coordinates": [[103.2011998, 13.1343999], [103.2011971, 13.1347291], [103.2012078, 13.1348127], [103.2012239, 13.1348362], [103.2013044, 13.1348414], [103.2015565, 13.1348466]]}}, {"type": "Feature", "properties": {"highway": "residential"}, "geometry": {"type": "LineString", "coordinates": [[103.2005565, 13.1125559], [103.2007129, 13.1134488], [103.2009212, 13.1146383]]}}, {"type": "Feature", "properties": {"highway": "service"}, "geometry": {"type": "LineString", "coordinates": [[103.2090149, 13.091655], [103.2090962, 13.0920329]]}}, {"type": "Feature", "properties": {"highway": "residential"}, "geometry": {"type": "LineString", "coordinates": [[103.1924195, 13.1134518], [103.1924826, 13.1138306]]}}, {"type": "Feature", "properties": {"highway": "path"}, "geometry": {"type": "LineString", "coordinates": [[103.1907338, 13.1103132], [103.1912875, 13.1104322]]}}, {"type": "Feature", "properties": {"highway": "residential"}, "geometry": {"type": "LineString", "coordinates": [[103.1937974, 13.109488], [103.1931996, 13.1095661], [103.1930989, 13.1095534], [103.1929733, 13.1095182], [103.1928578, 13.1094879]]}}, {"type": "Feature", "properties": {"highway": "residential"}, "geometry": {"type": "LineString", "coordinates": [[103.192725, 13.1102052], [103.1924517, 13.1101198]]}}, {"type": "Feature", "properties": {"highway": "residential"}, "geometry": {"type": "LineString", "coordinates": [[103.1951457, 13.1159051], [103.1955417, 13.1158695], [103.1956422, 13.1158433]]}}, {"type": "Feature", "properties": {"highway": "path"}, "geometry": {"type": "LineString", "coordinates": [[103.193078, 13.1112471], [103.1933033, 13.1113816], [103.1933999, 13.1113946], [103.1936025, 13.1114022]]}}, {"type": "Feature", "properties": {"highway": "residential"}, "geometry": {"type": "LineString", "coordinates": [[103.1887105, 13.1141945], [103.1889716, 13.1142133]]}}, {"type": "Feature", "properties": {"highway": "residential"}, "geometry": {"type": "LineString", "coordinates": [[103.155411, 13.0712819], [103.1556049, 13.0712719], [103.1562003, 13.0713241], [103.1566389, 13.0713987], [103.1567878, 13.0714104], [103.1570426, 13.0714469], [103.1572786, 13.0714208], [103.1574529, 13.0713921], [103.1577077, 13.0713503], [103.1579545, 13.0712823], [103.1581032, 13.0712462]]}}, {"type": "Feature", "properties": {"highway": "residential"}, "geometry": {"type": "LineString", "coordinates": [[103.1565973, 13.07372], [103.1565946, 13.0735266], [103.1566322, 13.073302], [103.1567314, 13.0730485], [103.1568092, 13.0728669]]}}, {"type": "Feature", "properties": {"highway": "residential"}, "geometry": {"type": "LineString", "coordinates": [[103.1565745, 13.0728317], [103.1564659, 13.0730642], [103.1563452, 13.0734901]]}}, {"type": "Feature", "properties": {"highway": "residential"}, "geometry": {"type": "LineString", "coordinates": [[103.1571096, 13.0744228], [103.1578681, 13.0744933]]}}, {"type": "Feature", "properties": {"highway": "residential"}, "geometry": {"type": "LineString", "coordinates": [[103.1572545, 13.074705], [103.1578445, 13.0748201]]}}, {"type": "Feature", "properties": {"highway": "service"}, "geometry": {"type": "LineString", "coordinates": [[103.1571954, 13.0764032], [103.1577292, 13.0764131]]}}, {"type": "Feature", "properties": {"highway": "track"}, "geometry": {"type": "LineString", "coordinates": [[103.1617996, 13.1179766], [103.1617995, 13.1178796], [103.1618518, 13.1174668], [103.1619698, 13.1166479], [103.1620811, 13.1158277], [103.1621401, 13.1153248], [103.162238, 13.1144588], [103.1622246, 13.1144249], [103.1621696, 13.1144079], [103.1611624, 13.1143661], [103.1601459, 13.1143269], [103.1593975, 13.1142995], [103.1585178, 13.1142499], [103.1584588, 13.1142028], [103.1584561, 13.114114], [103.1584534, 13.1138032], [103.1584185, 13.1126721], [103.1583729, 13.1115018], [103.1582972, 13.1106118]]}}, {"type": "Feature", "properties": {"highway": "residential"}, "geometry": {"type": "LineString", "coordinates": [[103.155362, 13.0739683], [103.1555781, 13.0740022], [103.1560126, 13.0740727], [103.1560501, 13.0740962], [103.1560689, 13.0741354], [103.1560689, 13.0742582], [103.1560823, 13.0743105], [103.1561387, 13.074334], [103.1565678, 13.0743653]]}}, {"type": "Feature", "properties": {"highway": "residential"}, "geometry": {"type": "LineString", "coordinates": [[103.1543469, 13.0736338], [103.1545722, 13.0736233], [103.1549558, 13.0736651], [103.1551892, 13.0737069], [103.1553919, 13.0737219]]}}, {"type": "Feature", "properties": {"highway": "service"}, "geometry": {"type": "LineString", "coordinates": [[103.2068109, 13.1092147], [103.2069866, 13.1088934]]}}, {"type": "Feature", "properties": {"highway": "service"}, "geometry": {"type": "LineString", "coordinates": [[103.2076158, 13.1078577], [103.2077578, 13.1079817], [103.2077591, 13.1080143], [103.2077524, 13.1080627], [103.2076451, 13.108252], [103.2072991, 13.1087967]]}}, {"type": "Feature", "properties": {"highway": "service"}, "geometry": {"type": "LineString", "coordinates": [[103.2072025, 13.1080992], [103.2072368, 13.1080529], [103.2072622, 13.1080385], [103.2072857, 13.1080418], [103.2074507, 13.1081267], [103.2076451, 13.108252]]}}, {"type": "Feature", "properties": {"highway": "service"}, "geometry": {"type": "LineString", "coordinates": [[103.207733, 13.1076669], [103.2076158, 13.1078577], [103.2074507, 13.1081267]]}}, {"type": "Feature", "properties": {"highway": "service"}, "geometry": {"type": "LineString", "coordinates": [[103.2094586, 13.1095202], [103.2097185, 13.1093871]]}}, {"type": "Feature", "properties": {"highway": "service"}, "geometry": {"type": "LineString", "coordinates": [[103.2090896, 13.1090859], [103.2087408, 13.1092356]]}}, {"type": "Feature", "properties": {"highway": "service"}, "geometry": {"type": "LineString", "coordinates": [[103.2092088, 13.1093295], [103.2090896, 13.1090859], [103.2089782, 13.1088581]]}}, {"type": "Feature", "properties": {"highway": "residential"}, "geometry": {"type": "LineString", "coordinates": [[103.1794819, 13.0726932], [103.1797501, 13.07259], [103.1797743, 13.0725469], [103.1797904, 13.0724842], [103.1801632, 13.0723653]]}}, {"type": "Feature", "properties": {"highway": "residential"}, "geometry": {"type": "LineString", "coordinates": [[103.1795145, 13.0727408], [103.1794819, 13.0726932], [103.179211, 13.0722595], [103.1792164, 13.0721981], [103.1792298, 13.0721667], [103.1796911, 13.0719538]]}}, {"type": "Feature", "properties": {"highway": "service"}, "geometry": {"type": "LineString", "coordinates": [[103.182372, 13.0697212], [103.1824525, 13.0692261]]}}, {"type": "Feature", "properties": {"highway": "residential"}, "geometry": {"type": "LineString", "coordinates": [[103.182296, 13.0724295], [103.1823921, 13.0724914], [103.1824779, 13.0725508], [103.1826161, 13.0725952], [103.1828065, 13.0725978], [103.1835307, 13.0725952], [103.1835683, 13.07256], [103.1835817, 13.0724946], [103.1835803, 13.0721785], [103.1835401, 13.0721341], [103.1834744, 13.0721184], [103.1828025, 13.0721093], [103.1826295, 13.0720466], [103.1825395, 13.0720034]]}}, {"type": "Feature", "properties": {"highway": "service"}, "geometry": {"type": "LineString", "coordinates": [[103.1771083, 13.0706199], [103.1777962, 13.0705743], [103.1778458, 13.0705769], [103.1778713, 13.0706043], [103.1779343, 13.0708408]]}}, {"type": "Feature", "properties": {"highway": "residential"}, "geometry": {"type": "LineString", "coordinates": [[103.1798516, 13.0701907], [103.1798574, 13.0698297], [103.179895, 13.0697748], [103.180021, 13.0697617], [103.1810161, 13.0698244], [103.1810537, 13.0698532], [103.1810671, 13.0699159], [103.1810675, 13.0702364]]}}, {"type": "Feature", "properties": {"highway": "residential"}, "geometry": {"type": "LineString", "coordinates": [[103.1811313, 13.0743219], [103.1814829, 13.0742713], [103.1821212, 13.0741641]]}}, {"type": "Feature", "properties": {"highway": "service"}, "geometry": {"type": "LineString", "coordinates": [[103.1804119, 13.0735815], [103.1804428, 13.0738036], [103.1804804, 13.074072], [103.1805199, 13.0742608], [103.1804971, 13.0743196], [103.1804515, 13.0743653], [103.1803255, 13.0744032], [103.1802034, 13.0744306], [103.1800492, 13.0744489]]}}, {"type": "Feature", "properties": {"highway": "residential"}, "geometry": {"type": "LineString", "coordinates": [[103.1786951, 13.0729481], [103.1787094, 13.0731988], [103.1787309, 13.0735711], [103.1787966, 13.0738924], [103.178806, 13.0739773], [103.1787886, 13.0740022], [103.1787416, 13.0740231]]}}, {"type": "Feature", "properties": {"highway": "residential"}, "geometry": {"type": "LineString", "coordinates": [[103.1828695, 13.0712542], [103.1829124, 13.0711782], [103.1832558, 13.0706324], [103.1837543, 13.0698372]]}}, {"type": "Feature", "properties": {"highway": "residential"}, "geometry": {"type": "LineString", "coordinates": [[103.1822502, 13.0725031], [103.1821728, 13.0724548], [103.1821608, 13.0724358], [103.1821628, 13.072394], [103.1824277, 13.0719649], [103.1828695, 13.0712542]]}}, {"type": "Feature", "properties": {"highway": "residential"}, "geometry": {"type": "LineString", "coordinates": [[103.1823921, 13.0724914], [103.1826362, 13.072978], [103.1834516, 13.0741067], [103.1844844, 13.075768]]}}, {"type": "Feature", "properties": {"highway": "service"}, "geometry": {"type": "LineString", "coordinates": [[103.1582026, 13.0649671], [103.158094, 13.0651398], [103.1580725, 13.0652312], [103.1580994, 13.0652965], [103.1582066, 13.0653984], [103.15833, 13.065435], [103.1585235, 13.0654375]]}}, {"type": "Feature", "properties": {"highway": "residential"}, "geometry": {"type": "LineString", "coordinates": [[103.1582924, 13.0686306], [103.1585312, 13.0686095], [103.1588262, 13.0685468], [103.1592259, 13.0684841], [103.159588, 13.0684188], [103.1597382, 13.0683587]]}}, {"type": "Feature", "properties": {"highway": "residential"}, "geometry": {"type": "LineString", "coordinates": [[103.1560984, 13.0685965], [103.1560367, 13.0677996], [103.156018, 13.0675879], [103.1560367, 13.0675461], [103.1560796, 13.0675331], [103.1564042, 13.0674991], [103.1566268, 13.0674887], [103.1567261, 13.0675305], [103.1567931, 13.067601], [103.1568307, 13.0676271], [103.1569111, 13.0676402], [103.1570989, 13.0676219], [103.1574529, 13.0675775], [103.1583754, 13.0674836]]}}, {"type": "Feature", "properties": {"highway": "residential"}, "geometry": {"type": "LineString", "coordinates": [[103.1570265, 13.0685031], [103.1570908, 13.0690746]]}}, {"type": "Feature", "properties": {"highway": "residential"}, "geometry": {"type": "LineString", "coordinates": [[103.1553823, 13.06862], [103.1560984, 13.0685965], [103.1568199, 13.0685416], [103.1569594, 13.0685259], [103.1569903, 13.0685168], [103.1570265, 13.0685031], [103.1570251, 13.0684018], [103.1570359, 13.0683287], [103.157056, 13.0683077], [103.1571136, 13.068296], [103.157811, 13.0682529], [103.1583195, 13.0682572]]}}, {"type": "Feature", "properties": {"highway": "residential"}, "geometry": {"type": "LineString", "coordinates": [[103.1539144, 13.0673352], [103.1541136, 13.0672659], [103.1543295, 13.0671862], [103.1543825, 13.0671601], [103.1544013, 13.0671327], [103.154416, 13.0670353], [103.1544287, 13.0668315], [103.1544971, 13.0659811], [103.1545669, 13.065145], [103.1545883, 13.06503], [103.1546192, 13.0649922], [103.1546876, 13.0649713], [103.1549665, 13.064953], [103.1564525, 13.0648341], [103.1566992, 13.0648289], [103.1568065, 13.064821], [103.1568414, 13.0647975], [103.1568736, 13.0647322], [103.1569755, 13.0645963], [103.1573042, 13.0642206]]}}, {"type": "Feature", "properties": {"highway": "residential"}, "geometry": {"type": "LineString", "coordinates": [[103.1543496, 13.0697931], [103.1543536, 13.0695684], [103.1543764, 13.0692392], [103.1543577, 13.0689753], [103.1543, 13.0687937], [103.1542055, 13.068571], [103.1541458, 13.0683456], [103.154135, 13.0681863], [103.1541163, 13.0679511], [103.1540143, 13.0676585], [103.1539144, 13.0673352], [103.1538776, 13.067345], [103.1538266, 13.067358], [103.1531855, 13.0674913]]}}, {"type": "Feature", "properties": {"highway": "residential"}, "geometry": {"type": "LineString", "coordinates": [[103.1570426, 13.0714469], [103.1569943, 13.0716063], [103.1569943, 13.0717448], [103.157005, 13.0718937], [103.1569996, 13.071993], [103.156954, 13.0720949]]}}, {"type": "Feature", "properties": {"highway": "path"}, "geometry": {"type": "LineString", "coordinates": [[103.1582504, 13.0692124], [103.1585124, 13.0691765], [103.1586787, 13.069166], [103.1588799, 13.0691556], [103.1590784, 13.0691242]]}}, {"type": "Feature", "properties": {"highway": "path"}, "geometry": {"type": "LineString", "coordinates": [[103.1594297, 13.0695606], [103.1594136, 13.0694743], [103.1594351, 13.0693829], [103.1594807, 13.0693019], [103.1595397, 13.0691895]]}}, {"type": "Feature", "properties": {"highway": "residential"}, "geometry": {"type": "LineString", "coordinates": [[103.1582195, 13.0696393], [103.1591266, 13.0695762], [103.1594297, 13.0695606], [103.1595048, 13.0696024], [103.1596014, 13.0697356], [103.1596416, 13.0698819], [103.159655, 13.0700727]]}}, {"type": "Feature", "properties": {"highway": "service"}, "geometry": {"type": "LineString", "coordinates": [[103.1562822, 13.0710145], [103.1563597, 13.0704097]]}}, {"type": "Feature", "properties": {"highway": "residential"}, "geometry": {"type": "LineString", "coordinates": [[103.1549888, 13.0699504], [103.1556022, 13.0698009], [103.1560421, 13.0697748], [103.1571042, 13.0697644]]}}, {"type": "Feature", "properties": {"highway": "residential"}, "geometry": {"type": "LineString", "coordinates": [[103.1552641, 13.0708051], [103.1551114, 13.0708356], [103.1549665, 13.0708591], [103.1547305, 13.0708512], [103.1545481, 13.0708356]]}}, {"type": "Feature", "properties": {"highway": "residential"}, "geometry": {"type": "LineString", "coordinates": [[103.1555814, 13.0721579], [103.1561628, 13.0721341]]}}, {"type": "Feature", "properties": {"highway": "residential"}, "geometry": {"type": "LineString", "coordinates": [[103.1566389, 13.0713987], [103.1565651, 13.0718284]]}}, {"type": "Feature", "properties": {"highway": "service"}, "geometry": {"type": "LineString", "coordinates": [[103.1577611, 13.0759725], [103.1581289, 13.0759695]]}}, {"type": "Feature", "properties": {"highway": "residential"}, "geometry": {"type": "LineString", "coordinates": [[103.1579544, 13.0774721], [103.1580377, 13.0774404], [103.158263, 13.0773882], [103.1584829, 13.0774038], [103.1585795, 13.0774666], [103.1586385, 13.0775763], [103.1586666, 13.0775959], [103.1587404, 13.0776063], [103.1592366, 13.0776703]]}}, {"type": "Feature", "properties": {"highway": "primary"}, "geometry": {"type": "LineString", "coordinates": [[103.13032004924207, 13.044653026672096], [103.1309459, 13.0450477], [103.1323196, 13.0459225], [103.1349586, 13.0475931], [103.1355848, 13.0481765], [103.137166, 13.0496348], [103.1395307, 13.0513247], [103.1396976, 13.051444], [103.1398743, 13.051573], [103.1399642, 13.0516387], [103.1407342, 13.052201], [103.1408871, 13.0523127], [103.1409557, 13.0523628], [103.1410105, 13.0524028], [103.1436419, 13.0543058]]}}, {"type": "Feature", "properties": {"highway": "service"}, "geometry": {"type": "LineString", "coordinates": [[103.2053627, 13.1094691], [103.2053128, 13.1091434]]}}]}